agencyCode,agencyName,budgetAccountCode,budgetAccountName,fiscalYear,fundingType,amount
006,"Department of Commerce",006-55-4650,"Working Capital Fund",2022,"CIO Authority",0
006,"Department of Commerce",006-55-4650,"Working Capital Fund",2022,"Budget Authority",0
006,"Department of Commerce",006-55-4650,"Working Capital Fund",2022,"Funding Total",22.191038
006,"Department of Commerce",006-48-1450,"Operations, Research, and Facilities",2022,"CIO Authority",0
006,"Department of Commerce",006-48-1450,"Operations, Research, and Facilities",2022,"Budget Authority",0
006,"Department of Commerce",006-48-1450,"Operations, Research, and Facilities",2022,"Funding Total",709.137524
006,"Department of Commerce",006-05-0120,"Salaries and Expenses",2022,"CIO Authority",0
006,"Department of Commerce",006-05-0120,"Salaries and Expenses",2022,"Budget Authority",0
006,"Department of Commerce",006-05-0120,"Salaries and Expenses",2022,"Funding Total",50.627977
006,"Department of Commerce",006-51-1006,"Salaries and Expenses",2022,"CIO Authority",0
006,"Department of Commerce",006-51-1006,"Salaries and Expenses",2022,"Budget Authority",0
006,"Department of Commerce",006-51-1006,"Salaries and Expenses",2022,"Funding Total",712.24816
006,"Department of Commerce",006-07-0450,"Periodic Censuses and Programs",2022,"CIO Authority",0
006,"Department of Commerce",006-07-0450,"Periodic Censuses and Programs",2022,"Budget Authority",0
006,"Department of Commerce",006-07-0450,"Periodic Censuses and Programs",2022,"Funding Total",234.697612
006,"Department of Commerce",006-55-0500,"Scientific and Technical Research and Services",2022,"CIO Authority",0
006,"Department of Commerce",006-55-0500,"Scientific and Technical Research and Services",2022,"Budget Authority",0
006,"Department of Commerce",006-55-0500,"Scientific and Technical Research and Services",2022,"Funding Total",88.364848
006,"Department of Commerce",006-60-0550,"Salaries and Expenses",2022,"CIO Authority",0
006,"Department of Commerce",006-60-0550,"Salaries and Expenses",2022,"Budget Authority",0
006,"Department of Commerce",006-60-0550,"Salaries and Expenses",2022,"Funding Total",24.260728
006,"Department of Commerce",006-05-4511,"Working Capital Fund",2022,"CIO Authority",0
006,"Department of Commerce",006-05-4511,"Working Capital Fund",2022,"Budget Authority",0
006,"Department of Commerce",006-05-4511,"Working Capital Fund",2022,"Funding Total",113.560106
006,"Department of Commerce",006-07-4512,"Census Working Capital Fund",2022,"CIO Authority",0
006,"Department of Commerce",006-07-4512,"Census Working Capital Fund",2022,"Budget Authority",0
006,"Department of Commerce",006-07-4512,"Census Working Capital Fund",2022,"Funding Total",318.27513
006,"Department of Commerce",006-07-0401,"Current Surveys and Programs",2022,"CIO Authority",0
006,"Department of Commerce",006-07-0401,"Current Surveys and Programs",2022,"Budget Authority",0
006,"Department of Commerce",006-07-0401,"Current Surveys and Programs",2022,"Funding Total",30.043345
006,"Department of Commerce",006-25-1250,"Operations and Administration",2022,"CIO Authority",0
006,"Department of Commerce",006-25-1250,"Operations and Administration",2022,"Budget Authority",0
006,"Department of Commerce",006-25-1250,"Operations and Administration",2022,"Funding Total",69.548727
006,"Department of Commerce",006-60-4421,"First Responder Network Authority",2022,"CIO Authority",0
006,"Department of Commerce",006-60-4421,"First Responder Network Authority",2022,"Budget Authority",0
006,"Department of Commerce",006-60-4421,"First Responder Network Authority",2022,"Funding Total",13.998073
006,"Department of Commerce",006-54-4295,"NTIS Revolving Fund",2022,"CIO Authority",0
006,"Department of Commerce",006-54-4295,"NTIS Revolving Fund",2022,"Budget Authority",0
006,"Department of Commerce",006-54-4295,"NTIS Revolving Fund",2022,"Funding Total",32.052
006,"Department of Commerce",006-06-0125,"Salaries and Expenses",2022,"CIO Authority",0
006,"Department of Commerce",006-06-0125,"Salaries and Expenses",2022,"Budget Authority",0
006,"Department of Commerce",006-06-0125,"Salaries and Expenses",2022,"Funding Total",2.020302
006,"Department of Commerce",006-48-1460,"Procurement, Acquisition and Construction",2022,"CIO Authority",0
006,"Department of Commerce",006-48-1460,"Procurement, Acquisition and Construction",2022,"Budget Authority",0
006,"Department of Commerce",006-48-1460,"Procurement, Acquisition and Construction",2022,"Funding Total",99.506624
006,"Department of Commerce",006-30-0300,"Operations and Administration",2022,"CIO Authority",0
006,"Department of Commerce",006-30-0300,"Operations and Administration",2022,"Budget Authority",0
006,"Department of Commerce",006-30-0300,"Operations and Administration",2022,"Funding Total",22.897009
006,"Department of Commerce",006-08-1500,"Salaries and Expenses",2022,"CIO Authority",0
006,"Department of Commerce",006-08-1500,"Salaries and Expenses",2022,"Budget Authority",0
006,"Department of Commerce",006-08-1500,"Salaries and Expenses",2022,"Funding Total",26.572267
006,"Department of Commerce",006-55-0525,"Industrial Technology Services",2022,"CIO Authority",0
006,"Department of Commerce",006-55-0525,"Industrial Technology Services",2022,"Budget Authority",0
006,"Department of Commerce",006-55-0525,"Industrial Technology Services",2022,"Funding Total",0.82384
006,"Department of Commerce",006-40-0201,"Minority Business Development",2022,"CIO Authority",0
006,"Department of Commerce",006-40-0201,"Minority Business Development",2022,"Budget Authority",0
006,"Department of Commerce",006-40-0201,"Minority Business Development",2022,"Funding Total",3.252636
006,"Department of Commerce",006-05-0133,"Nonrecurring Expenses Fund",2022,"CIO Authority",0
006,"Department of Commerce",006-05-0133,"Nonrecurring Expenses Fund",2022,"Budget Authority",0
006,"Department of Commerce",006-05-0133,"Nonrecurring Expenses Fund",2022,"Funding Total",21.429248
006,"Department of Commerce",006-05-0126,"Office of the Inspector General",2022,"CIO Authority",0
006,"Department of Commerce",006-05-0126,"Office of the Inspector General",2022,"Budget Authority",0
006,"Department of Commerce",006-05-0126,"Office of the Inspector General",2022,"Funding Total",5.94
006,"Department of Commerce",006-55-0515,"Construction of Research Facilities",2022,"CIO Authority",0
006,"Department of Commerce",006-55-0515,"Construction of Research Facilities",2022,"Budget Authority",0
006,"Department of Commerce",006-55-0515,"Construction of Research Facilities",2022,"Funding Total",9.261613
006,"Department of Commerce",006-06-2050,"Economic Development Assistance Programs",2022,"CIO Authority",0
006,"Department of Commerce",006-06-2050,"Economic Development Assistance Programs",2022,"Budget Authority",0
006,"Department of Commerce",006-06-2050,"Economic Development Assistance Programs",2022,"Funding Total",3.566663
006,"Department of Commerce",006-48-1450,"Operations, Research, and Facilities",2023,"CIO Authority",552.023282
006,"Department of Commerce",006-48-1450,"Operations, Research, and Facilities",2023,"Budget Authority",9318.621811
006,"Department of Commerce",006-48-1450,"Operations, Research, and Facilities",2023,"Funding Total",612.473329
006,"Department of Commerce",006-55-0500,"Scientific and Technical Research and Services",2023,"CIO Authority",110.016967
006,"Department of Commerce",006-55-0500,"Scientific and Technical Research and Services",2023,"Budget Authority",108.981424
006,"Department of Commerce",006-55-0500,"Scientific and Technical Research and Services",2023,"Funding Total",119.158176
006,"Department of Commerce",006-55-4650,"Working Capital Fund",2023,"CIO Authority",22.436019
006,"Department of Commerce",006-55-4650,"Working Capital Fund",2023,"Budget Authority",22.019952
006,"Department of Commerce",006-55-4650,"Working Capital Fund",2023,"Funding Total",22.981805
006,"Department of Commerce",006-51-1006,"Salaries and Expenses",2023,"CIO Authority",726.255542
006,"Department of Commerce",006-51-1006,"Salaries and Expenses",2023,"Budget Authority",726.255544
006,"Department of Commerce",006-51-1006,"Salaries and Expenses",2023,"Funding Total",759.699792
006,"Department of Commerce",006-05-4511,"Working Capital Fund",2023,"CIO Authority",117.459397
006,"Department of Commerce",006-05-4511,"Working Capital Fund",2023,"Budget Authority",110.018893
006,"Department of Commerce",006-05-4511,"Working Capital Fund",2023,"Funding Total",112.314896
006,"Department of Commerce",006-25-1250,"Operations and Administration",2023,"CIO Authority",67.776441
006,"Department of Commerce",006-25-1250,"Operations and Administration",2023,"Budget Authority",66.264387
006,"Department of Commerce",006-25-1250,"Operations and Administration",2023,"Funding Total",67.975296
006,"Department of Commerce",006-60-4421,"First Responder Network Authority",2023,"CIO Authority",21.216281
006,"Department of Commerce",006-60-4421,"First Responder Network Authority",2023,"Budget Authority",21.216281
006,"Department of Commerce",006-60-4421,"First Responder Network Authority",2023,"Funding Total",18.248766
006,"Department of Commerce",006-60-0550,"Salaries and Expenses",2023,"CIO Authority",29.393925
006,"Department of Commerce",006-60-0550,"Salaries and Expenses",2023,"Budget Authority",10.857618
006,"Department of Commerce",006-60-0550,"Salaries and Expenses",2023,"Funding Total",27.466521
006,"Department of Commerce",006-54-4295,"NTIS Revolving Fund",2023,"CIO Authority",32.052
006,"Department of Commerce",006-54-4295,"NTIS Revolving Fund",2023,"Budget Authority",32.052
006,"Department of Commerce",006-54-4295,"NTIS Revolving Fund",2023,"Funding Total",33.043
006,"Department of Commerce",006-07-4512,"Census Working Capital Fund",2023,"CIO Authority",6.784685
006,"Department of Commerce",006-07-4512,"Census Working Capital Fund",2023,"Budget Authority",309.101782
006,"Department of Commerce",006-07-4512,"Census Working Capital Fund",2023,"Funding Total",335.828629
006,"Department of Commerce",006-30-0300,"Operations and Administration",2023,"CIO Authority",22.897009
006,"Department of Commerce",006-30-0300,"Operations and Administration",2023,"Budget Authority",22.897009
006,"Department of Commerce",006-30-0300,"Operations and Administration",2023,"Funding Total",23.020066
006,"Department of Commerce",006-07-0401,"Current Surveys and Programs",2023,"CIO Authority",32.571442
006,"Department of Commerce",006-07-0401,"Current Surveys and Programs",2023,"Budget Authority",32.571442
006,"Department of Commerce",006-07-0401,"Current Surveys and Programs",2023,"Funding Total",60.429114
006,"Department of Commerce",006-07-0450,"Periodic Censuses and Programs",2023,"CIO Authority",397.434279
006,"Department of Commerce",006-07-0450,"Periodic Censuses and Programs",2023,"Budget Authority",346.720712
006,"Department of Commerce",006-07-0450,"Periodic Censuses and Programs",2023,"Funding Total",294.67375
006,"Department of Commerce",006-08-1500,"Salaries and Expenses",2023,"CIO Authority",26.869947
006,"Department of Commerce",006-08-1500,"Salaries and Expenses",2023,"Budget Authority",26.869947
006,"Department of Commerce",006-08-1500,"Salaries and Expenses",2023,"Funding Total",32.448194
006,"Department of Commerce",006-55-0525,"Industrial Technology Services",2023,"CIO Authority",0.969512
006,"Department of Commerce",006-55-0525,"Industrial Technology Services",2023,"Budget Authority",98.492891
006,"Department of Commerce",006-55-0525,"Industrial Technology Services",2023,"Funding Total",0.969512
006,"Department of Commerce",006-48-1460,"Procurement, Acquisition and Construction",2023,"CIO Authority",0.553799
006,"Department of Commerce",006-48-1460,"Procurement, Acquisition and Construction",2023,"Budget Authority",98.433722
006,"Department of Commerce",006-48-1460,"Procurement, Acquisition and Construction",2023,"Funding Total",130.270357
006,"Department of Commerce",006-05-0120,"Salaries and Expenses",2023,"CIO Authority",11.228163
006,"Department of Commerce",006-05-0120,"Salaries and Expenses",2023,"Budget Authority",59.210479
006,"Department of Commerce",006-05-0120,"Salaries and Expenses",2023,"Funding Total",22.930056
006,"Department of Commerce",006-06-0125,"Salaries and Expenses",2023,"CIO Authority",1.686407
006,"Department of Commerce",006-06-0125,"Salaries and Expenses",2023,"Budget Authority",1.686407
006,"Department of Commerce",006-06-0125,"Salaries and Expenses",2023,"Funding Total",2.190848
006,"Department of Commerce",006-05-0126,"Office of the Inspector General",2023,"CIO Authority",5.94
006,"Department of Commerce",006-05-0126,"Office of the Inspector General",2023,"Budget Authority",5.94
006,"Department of Commerce",006-05-0126,"Office of the Inspector General",2023,"Funding Total",5.94
006,"Department of Commerce",006-60-8233,"Public Safety Trust Fund",2023,"CIO Authority",0
006,"Department of Commerce",006-60-8233,"Public Safety Trust Fund",2023,"Budget Authority",0
006,"Department of Commerce",006-60-8233,"Public Safety Trust Fund",2023,"Funding Total",0
006,"Department of Commerce",006-40-0201,"Minority Business Development",2023,"CIO Authority",1.453841
006,"Department of Commerce",006-40-0201,"Minority Business Development",2023,"Budget Authority",3.293268
006,"Department of Commerce",006-40-0201,"Minority Business Development",2023,"Funding Total",3.275422
006,"Department of Commerce",006-60-0554,"Broadband Technology Opportunities Program, Recovery Act",2023,"CIO Authority",0
006,"Department of Commerce",006-60-0554,"Broadband Technology Opportunities Program, Recovery Act",2023,"Budget Authority",0
006,"Department of Commerce",006-60-0554,"Broadband Technology Opportunities Program, Recovery Act",2023,"Funding Total",0
006,"Department of Commerce",006-60-4358,"Network Construction Fund",2023,"CIO Authority",0
006,"Department of Commerce",006-60-4358,"Network Construction Fund",2023,"Budget Authority",0
006,"Department of Commerce",006-60-4358,"Network Construction Fund",2023,"Funding Total",0
006,"Department of Commerce",006-55-0515,"Construction of Research Facilities",2023,"CIO Authority",3.060641
006,"Department of Commerce",006-55-0515,"Construction of Research Facilities",2023,"Budget Authority",3
006,"Department of Commerce",006-55-0515,"Construction of Research Facilities",2023,"Funding Total",7.499
006,"Department of Commerce",006-05-0133,"Nonrecurring Expenses Fund",2023,"CIO Authority",0
006,"Department of Commerce",006-05-0133,"Nonrecurring Expenses Fund",2023,"Budget Authority",0
006,"Department of Commerce",006-05-0133,"Nonrecurring Expenses Fund",2023,"Funding Total",97.427465
006,"Department of Commerce",006-55-0520,"Creating Helpful Incentives to Produce Semiconductors (CHIPS) for America Fund",2023,"CIO Authority",0
006,"Department of Commerce",006-55-0520,"Creating Helpful Incentives to Produce Semiconductors (CHIPS) for America Fund",2023,"Budget Authority",0
006,"Department of Commerce",006-55-0520,"Creating Helpful Incentives to Produce Semiconductors (CHIPS) for America Fund",2023,"Funding Total",1.928718
006,"Department of Commerce",006-06-2050,"Economic Development Assistance Programs",2023,"CIO Authority",0
006,"Department of Commerce",006-06-2050,"Economic Development Assistance Programs",2023,"Budget Authority",0
006,"Department of Commerce",006-06-2050,"Economic Development Assistance Programs",2023,"Funding Total",5.566663
006,"Department of Commerce",006-55-4650,"Working Capital Fund",2024,"CIO Authority",21.777476
006,"Department of Commerce",006-55-4650,"Working Capital Fund",2024,"Budget Authority",21.777476
006,"Department of Commerce",006-55-4650,"Working Capital Fund",2024,"Funding Total",24.074414
006,"Department of Commerce",006-48-1450,"Operations, Research, and Facilities",2024,"CIO Authority",19.1355
006,"Department of Commerce",006-48-1450,"Operations, Research, and Facilities",2024,"Budget Authority",642.745533
006,"Department of Commerce",006-48-1450,"Operations, Research, and Facilities",2024,"Funding Total",710.006152
006,"Department of Commerce",006-05-4511,"Working Capital Fund",2024,"CIO Authority",114.382131
006,"Department of Commerce",006-05-4511,"Working Capital Fund",2024,"Budget Authority",19323.748536
006,"Department of Commerce",006-05-4511,"Working Capital Fund",2024,"Funding Total",140.576989
006,"Department of Commerce",006-55-0500,"Scientific and Technical Research and Services",2024,"CIO Authority",117.921007
006,"Department of Commerce",006-55-0500,"Scientific and Technical Research and Services",2024,"Budget Authority",117.921007
006,"Department of Commerce",006-55-0500,"Scientific and Technical Research and Services",2024,"Funding Total",122.091641
006,"Department of Commerce",006-40-0201,"Minority Business Development",2024,"CIO Authority",1.51175
006,"Department of Commerce",006-40-0201,"Minority Business Development",2024,"Budget Authority",1.51175
006,"Department of Commerce",006-40-0201,"Minority Business Development",2024,"Funding Total",3.394309
006,"Department of Commerce",006-60-0550,"Salaries and Expenses",2024,"CIO Authority",16.44867
006,"Department of Commerce",006-60-0550,"Salaries and Expenses",2024,"Budget Authority",15.03908
006,"Department of Commerce",006-60-0550,"Salaries and Expenses",2024,"Funding Total",30.453165
006,"Department of Commerce",006-07-0450,"Periodic Censuses and Programs",2024,"CIO Authority",457.144967
006,"Department of Commerce",006-07-0450,"Periodic Censuses and Programs",2024,"Budget Authority",457.144967
006,"Department of Commerce",006-07-0450,"Periodic Censuses and Programs",2024,"Funding Total",374.417175
006,"Department of Commerce",006-51-1006,"Salaries and Expenses",2024,"CIO Authority",745.133935
006,"Department of Commerce",006-51-1006,"Salaries and Expenses",2024,"Budget Authority",745.133935
006,"Department of Commerce",006-51-1006,"Salaries and Expenses",2024,"Funding Total",759.581876
006,"Department of Commerce",006-25-1250,"Operations and Administration",2024,"CIO Authority",71.557557
006,"Department of Commerce",006-25-1250,"Operations and Administration",2024,"Budget Authority",71.557557
006,"Department of Commerce",006-25-1250,"Operations and Administration",2024,"Funding Total",71.852145
006,"Department of Commerce",006-55-0520,"Creating Helpful Incentives to Produce Semiconductors (CHIPS) for America Fund",2024,"CIO Authority",1.0787
006,"Department of Commerce",006-55-0520,"Creating Helpful Incentives to Produce Semiconductors (CHIPS) for America Fund",2024,"Budget Authority",1.0787
006,"Department of Commerce",006-55-0520,"Creating Helpful Incentives to Produce Semiconductors (CHIPS) for America Fund",2024,"Funding Total",12.71586
006,"Department of Commerce",006-60-4421,"First Responder Network Authority",2024,"CIO Authority",18.563008
006,"Department of Commerce",006-60-4421,"First Responder Network Authority",2024,"Budget Authority",18.563008
006,"Department of Commerce",006-60-4421,"First Responder Network Authority",2024,"Funding Total",30.30199
006,"Department of Commerce",006-05-0120,"Salaries and Expenses",2024,"CIO Authority",12.057096
006,"Department of Commerce",006-05-0120,"Salaries and Expenses",2024,"Budget Authority",1884.083591
006,"Department of Commerce",006-05-0120,"Salaries and Expenses",2024,"Funding Total",21.01386
006,"Department of Commerce",006-54-4295,"NTIS Revolving Fund",2024,"CIO Authority",9.114
006,"Department of Commerce",006-54-4295,"NTIS Revolving Fund",2024,"Budget Authority",31.114
006,"Department of Commerce",006-54-4295,"NTIS Revolving Fund",2024,"Funding Total",31.114
006,"Department of Commerce",006-05-0133,"Nonrecurring Expenses Fund",2024,"CIO Authority",100.635574
006,"Department of Commerce",006-05-0133,"Nonrecurring Expenses Fund",2024,"Budget Authority",40953.8922
006,"Department of Commerce",006-05-0133,"Nonrecurring Expenses Fund",2024,"Funding Total",73.879852
006,"Department of Commerce",006-48-1460,"Procurement, Acquisition and Construction",2024,"CIO Authority",97.302151
006,"Department of Commerce",006-48-1460,"Procurement, Acquisition and Construction",2024,"Budget Authority",97.302151
006,"Department of Commerce",006-48-1460,"Procurement, Acquisition and Construction",2024,"Funding Total",93.762267
006,"Department of Commerce",006-55-0525,"Industrial Technology Services",2024,"CIO Authority",0.976293
006,"Department of Commerce",006-55-0525,"Industrial Technology Services",2024,"Budget Authority",0.976293
006,"Department of Commerce",006-55-0525,"Industrial Technology Services",2024,"Funding Total",0.976293
006,"Department of Commerce",006-07-4512,"Census Working Capital Fund",2024,"CIO Authority",334.605735
006,"Department of Commerce",006-07-4512,"Census Working Capital Fund",2024,"Budget Authority",334.605739
006,"Department of Commerce",006-07-4512,"Census Working Capital Fund",2024,"Funding Total",343.905222
006,"Department of Commerce",006-06-0125,"Salaries and Expenses",2024,"CIO Authority",1.490985
006,"Department of Commerce",006-06-0125,"Salaries and Expenses",2024,"Budget Authority",1.490985
006,"Department of Commerce",006-06-0125,"Salaries and Expenses",2024,"Funding Total",1.580648
006,"Department of Commerce",006-08-1500,"Salaries and Expenses",2024,"CIO Authority",27.959239
006,"Department of Commerce",006-08-1500,"Salaries and Expenses",2024,"Budget Authority",3141.026056
006,"Department of Commerce",006-08-1500,"Salaries and Expenses",2024,"Funding Total",41.732244
006,"Department of Commerce",006-07-0401,"Current Surveys and Programs",2024,"CIO Authority",39.403774
006,"Department of Commerce",006-07-0401,"Current Surveys and Programs",2024,"Budget Authority",39.403774
006,"Department of Commerce",006-07-0401,"Current Surveys and Programs",2024,"Funding Total",43.913738
006,"Department of Commerce",006-30-0300,"Operations and Administration",2024,"CIO Authority",29.500066
006,"Department of Commerce",006-30-0300,"Operations and Administration",2024,"Budget Authority",29.500066
006,"Department of Commerce",006-30-0300,"Operations and Administration",2024,"Funding Total",29.348743
006,"Department of Commerce",006-05-0126,"Office of the Inspector General",2024,"CIO Authority",5.94
006,"Department of Commerce",006-05-0126,"Office of the Inspector General",2024,"Budget Authority",5.94
006,"Department of Commerce",006-05-0126,"Office of the Inspector General",2024,"Funding Total",5.94
006,"Department of Commerce",006-55-0515,"Construction of Research Facilities",2024,"CIO Authority",3.5
006,"Department of Commerce",006-55-0515,"Construction of Research Facilities",2024,"Budget Authority",3.5
006,"Department of Commerce",006-55-0515,"Construction of Research Facilities",2024,"Funding Total",3.5
006,"Department of Commerce",006-06-2050,"Economic Development Assistance Programs",2024,"CIO Authority",0
006,"Department of Commerce",006-06-2050,"Economic Development Assistance Programs",2024,"Budget Authority",0
006,"Department of Commerce",006-06-2050,"Economic Development Assistance Programs",2024,"Funding Total",7.369275
006,"Department of Commerce",006-60-4421,"First Responder Network Authority",2025,"CIO Authority",30.30199
006,"Department of Commerce",006-60-4421,"First Responder Network Authority",2025,"Budget Authority",30.30199
006,"Department of Commerce",006-60-4421,"First Responder Network Authority",2025,"Funding Total",27.123885
006,"Department of Commerce",006-48-1450,"Operations, Research, and Facilities",2025,"CIO Authority",13.648534
006,"Department of Commerce",006-48-1450,"Operations, Research, and Facilities",2025,"Budget Authority",677.113451
006,"Department of Commerce",006-48-1450,"Operations, Research, and Facilities",2025,"Funding Total",742.119073
006,"Department of Commerce",006-55-0500,"Scientific and Technical Research and Services",2025,"CIO Authority",111.017345
006,"Department of Commerce",006-55-0500,"Scientific and Technical Research and Services",2025,"Budget Authority",111.017345
006,"Department of Commerce",006-55-0500,"Scientific and Technical Research and Services",2025,"Funding Total",121.017345
006,"Department of Commerce",006-51-1006,"Salaries and Expenses",2025,"CIO Authority",751.323025
006,"Department of Commerce",006-51-1006,"Salaries and Expenses",2025,"Budget Authority",751.323025
006,"Department of Commerce",006-51-1006,"Salaries and Expenses",2025,"Funding Total",800.042922
006,"Department of Commerce",006-07-0401,"Current Surveys and Programs",2025,"CIO Authority",64.540124
006,"Department of Commerce",006-07-0401,"Current Surveys and Programs",2025,"Budget Authority",64.540124
006,"Department of Commerce",006-07-0401,"Current Surveys and Programs",2025,"Funding Total",56.39262
006,"Department of Commerce",006-07-0450,"Periodic Censuses and Programs",2025,"CIO Authority",421.162717
006,"Department of Commerce",006-07-0450,"Periodic Censuses and Programs",2025,"Budget Authority",399.586717
006,"Department of Commerce",006-07-0450,"Periodic Censuses and Programs",2025,"Funding Total",421.162717
006,"Department of Commerce",006-55-4650,"Working Capital Fund",2025,"CIO Authority",24.232738
006,"Department of Commerce",006-55-4650,"Working Capital Fund",2025,"Budget Authority",24.232738
006,"Department of Commerce",006-55-4650,"Working Capital Fund",2025,"Funding Total",24.299415
006,"Department of Commerce",006-05-4511,"Working Capital Fund",2025,"CIO Authority",133.988242
006,"Department of Commerce",006-05-4511,"Working Capital Fund",2025,"Budget Authority",133.988242
006,"Department of Commerce",006-05-4511,"Working Capital Fund",2025,"Funding Total",133.156567
006,"Department of Commerce",006-60-0550,"Salaries and Expenses",2025,"CIO Authority",13.296452
006,"Department of Commerce",006-60-0550,"Salaries and Expenses",2025,"Budget Authority",12.512794
006,"Department of Commerce",006-60-0550,"Salaries and Expenses",2025,"Funding Total",31.908818
006,"Department of Commerce",006-30-0300,"Operations and Administration",2025,"CIO Authority",33.469
006,"Department of Commerce",006-30-0300,"Operations and Administration",2025,"Budget Authority",33.469
006,"Department of Commerce",006-30-0300,"Operations and Administration",2025,"Funding Total",31.098743
006,"Department of Commerce",006-25-1250,"Operations and Administration",2025,"CIO Authority",72.879698
006,"Department of Commerce",006-25-1250,"Operations and Administration",2025,"Budget Authority",72.879698
006,"Department of Commerce",006-25-1250,"Operations and Administration",2025,"Funding Total",72.889875
006,"Department of Commerce",006-07-4512,"Census Working Capital Fund",2025,"CIO Authority",343.478333
006,"Department of Commerce",006-07-4512,"Census Working Capital Fund",2025,"Budget Authority",343.478333
006,"Department of Commerce",006-07-4512,"Census Working Capital Fund",2025,"Funding Total",343.475925
006,"Department of Commerce",006-55-0515,"Construction of Research Facilities",2025,"CIO Authority",3.5
006,"Department of Commerce",006-55-0515,"Construction of Research Facilities",2025,"Budget Authority",3.5
006,"Department of Commerce",006-55-0515,"Construction of Research Facilities",2025,"Funding Total",3.5
006,"Department of Commerce",006-48-1460,"Procurement, Acquisition and Construction",2025,"CIO Authority",114.18716
006,"Department of Commerce",006-48-1460,"Procurement, Acquisition and Construction",2025,"Budget Authority",114.18716
006,"Department of Commerce",006-48-1460,"Procurement, Acquisition and Construction",2025,"Funding Total",99.220698
006,"Department of Commerce",006-08-1500,"Salaries and Expenses",2025,"CIO Authority",43.690442
006,"Department of Commerce",006-08-1500,"Salaries and Expenses",2025,"Budget Authority",43.690442
006,"Department of Commerce",006-08-1500,"Salaries and Expenses",2025,"Funding Total",18.896551
006,"Department of Commerce",006-55-0520,"Creating Helpful Incentives to Produce Semiconductors (CHIPS) for America Fund",2025,"CIO Authority",4.218266
006,"Department of Commerce",006-55-0520,"Creating Helpful Incentives to Produce Semiconductors (CHIPS) for America Fund",2025,"Budget Authority",4.218266
006,"Department of Commerce",006-55-0520,"Creating Helpful Incentives to Produce Semiconductors (CHIPS) for America Fund",2025,"Funding Total",4.218266
006,"Department of Commerce",006-05-0120,"Salaries and Expenses",2025,"CIO Authority",13.189904
006,"Department of Commerce",006-05-0120,"Salaries and Expenses",2025,"Budget Authority",23.945274
006,"Department of Commerce",006-05-0120,"Salaries and Expenses",2025,"Funding Total",25.630087
006,"Department of Commerce",006-55-0525,"Industrial Technology Services",2025,"CIO Authority",0.995818
006,"Department of Commerce",006-55-0525,"Industrial Technology Services",2025,"Budget Authority",0.995818
006,"Department of Commerce",006-55-0525,"Industrial Technology Services",2025,"Funding Total",0.995818
006,"Department of Commerce",006-40-0201,"Minority Business Development",2025,"CIO Authority",1.43559
006,"Department of Commerce",006-40-0201,"Minority Business Development",2025,"Budget Authority",1.43559
006,"Department of Commerce",006-40-0201,"Minority Business Development",2025,"Funding Total",3.266515
006,"Department of Commerce",006-05-0133,"Nonrecurring Expenses Fund",2025,"CIO Authority",40.757811
006,"Department of Commerce",006-05-0133,"Nonrecurring Expenses Fund",2025,"Budget Authority",29.010581
006,"Department of Commerce",006-05-0133,"Nonrecurring Expenses Fund",2025,"Funding Total",29.126136
006,"Department of Commerce",006-54-4295,"NTIS Revolving Fund",2025,"CIO Authority",9.114
006,"Department of Commerce",006-54-4295,"NTIS Revolving Fund",2025,"Budget Authority",9.114
006,"Department of Commerce",006-54-4295,"NTIS Revolving Fund",2025,"Funding Total",31.114
006,"Department of Commerce",006-06-0125,"Salaries and Expenses",2025,"CIO Authority",7.919851
006,"Department of Commerce",006-06-0125,"Salaries and Expenses",2025,"Budget Authority",7.919851
006,"Department of Commerce",006-06-0125,"Salaries and Expenses",2025,"Funding Total",7.791571
006,"Department of Commerce",006-05-0126,"Office of the Inspector General",2025,"CIO Authority",6.571
006,"Department of Commerce",006-05-0126,"Office of the Inspector General",2025,"Budget Authority",6.571
006,"Department of Commerce",006-05-0126,"Office of the Inspector General",2025,"Funding Total",6.571
024,"Department of Homeland Security",024-58-0530,"Operations and Support",2022,"CIO Authority",0
024,"Department of Homeland Security",024-58-0530,"Operations and Support",2022,"Budget Authority",0
024,"Department of Homeland Security",024-58-0530,"Operations and Support",2022,"Funding Total",1684.849
024,"Department of Homeland Security",024-70-0702,"Disaster Relief Fund",2022,"CIO Authority",0
024,"Department of Homeland Security",024-70-0702,"Disaster Relief Fund",2022,"Budget Authority",0
024,"Department of Homeland Security",024-70-0702,"Disaster Relief Fund",2022,"Funding Total",32.063
024,"Department of Homeland Security",024-10-0100,"Operations and Support",2022,"CIO Authority",0
024,"Department of Homeland Security",024-10-0100,"Operations and Support",2022,"Budget Authority",0
024,"Department of Homeland Security",024-10-0100,"Operations and Support",2022,"Funding Total",339.061
024,"Department of Homeland Security",024-45-0550,"Operations and Support",2022,"CIO Authority",0
024,"Department of Homeland Security",024-45-0550,"Operations and Support",2022,"Budget Authority",0
024,"Department of Homeland Security",024-45-0550,"Operations and Support",2022,"Funding Total",825.358
024,"Department of Homeland Security",024-40-0400,"Operations and Support",2022,"CIO Authority",0
024,"Department of Homeland Security",024-40-0400,"Operations and Support",2022,"Budget Authority",0
024,"Department of Homeland Security",024-40-0400,"Operations and Support",2022,"Funding Total",212.295
024,"Department of Homeland Security",024-70-0700,"Operations and Support",2022,"CIO Authority",0
024,"Department of Homeland Security",024-70-0700,"Operations and Support",2022,"Budget Authority",0
024,"Department of Homeland Security",024-70-0700,"Operations and Support",2022,"Funding Total",355.72
024,"Department of Homeland Security",024-55-0545,"Procurement, Construction, and Improvements",2022,"CIO Authority",0
024,"Department of Homeland Security",024-55-0545,"Procurement, Construction, and Improvements",2022,"Budget Authority",0
024,"Department of Homeland Security",024-55-0545,"Procurement, Construction, and Improvements",2022,"Funding Total",23.169
024,"Department of Homeland Security",024-20-0200,"Operations and Support",2022,"CIO Authority",0
024,"Department of Homeland Security",024-20-0200,"Operations and Support",2022,"Budget Authority",0
024,"Department of Homeland Security",024-20-0200,"Operations and Support",2022,"Funding Total",30.014
024,"Department of Homeland Security",024-58-5595,"Electronic System for Travel Authorization",2022,"CIO Authority",0
024,"Department of Homeland Security",024-58-5595,"Electronic System for Travel Authorization",2022,"Budget Authority",0
024,"Department of Homeland Security",024-58-5595,"Electronic System for Travel Authorization",2022,"Funding Total",25.628
024,"Department of Homeland Security",024-30-0300,"Operations and Support",2022,"CIO Authority",0
024,"Department of Homeland Security",024-30-0300,"Operations and Support",2022,"Budget Authority",0
024,"Department of Homeland Security",024-30-0300,"Operations and Support",2022,"Funding Total",1039.665
024,"Department of Homeland Security",024-58-0532,"Procurement, Construction, and Improvements",2022,"CIO Authority",0
024,"Department of Homeland Security",024-58-0532,"Procurement, Construction, and Improvements",2022,"Budget Authority",0
024,"Department of Homeland Security",024-58-0532,"Procurement, Construction, and Improvements",2022,"Funding Total",139.75
024,"Department of Homeland Security",024-15-0406,"Procurement, Construction, and Improvements",2022,"CIO Authority",0
024,"Department of Homeland Security",024-15-0406,"Procurement, Construction, and Improvements",2022,"Budget Authority",0
024,"Department of Homeland Security",024-15-0406,"Procurement, Construction, and Improvements",2022,"Funding Total",110.652
024,"Department of Homeland Security",024-65-0566,"Operations and Support",2022,"CIO Authority",0
024,"Department of Homeland Security",024-65-0566,"Operations and Support",2022,"Budget Authority",0
024,"Department of Homeland Security",024-65-0566,"Operations and Support",2022,"Funding Total",1100.277
024,"Department of Homeland Security",024-55-0540,"Operations and Support",2022,"CIO Authority",0
024,"Department of Homeland Security",024-55-0540,"Operations and Support",2022,"Budget Authority",0
024,"Department of Homeland Security",024-55-0540,"Operations and Support",2022,"Funding Total",579.532
024,"Department of Homeland Security",024-65-0412,"Procurement, Construction, and Improvements",2022,"CIO Authority",0
024,"Department of Homeland Security",024-65-0412,"Procurement, Construction, and Improvements",2022,"Budget Authority",0
024,"Department of Homeland Security",024-65-0412,"Procurement, Construction, and Improvements",2022,"Funding Total",496.407
024,"Department of Homeland Security",024-70-0414,"Procurement, Construction, and Improvements",2022,"CIO Authority",0
024,"Department of Homeland Security",024-70-0414,"Procurement, Construction, and Improvements",2022,"Budget Authority",0
024,"Department of Homeland Security",024-70-0414,"Procurement, Construction, and Improvements",2022,"Funding Total",79.438
024,"Department of Homeland Security",024-49-0509,"Operations and Support",2022,"CIO Authority",0
024,"Department of Homeland Security",024-49-0509,"Operations and Support",2022,"Budget Authority",0
024,"Department of Homeland Security",024-49-0509,"Operations and Support",2022,"Funding Total",48.207
024,"Department of Homeland Security",024-80-0800,"Operations and Support",2022,"CIO Authority",0
024,"Department of Homeland Security",024-80-0800,"Operations and Support",2022,"Budget Authority",0
024,"Department of Homeland Security",024-80-0800,"Operations and Support",2022,"Funding Total",29.442
024,"Department of Homeland Security",024-60-0610,"Operations and Support",2022,"CIO Authority",0
024,"Department of Homeland Security",024-60-0610,"Operations and Support",2022,"Budget Authority",0
024,"Department of Homeland Security",024-60-0610,"Operations and Support",2022,"Funding Total",1076.626
024,"Department of Homeland Security",024-70-0413,"Federal Assistance",2022,"CIO Authority",0
024,"Department of Homeland Security",024-70-0413,"Federal Assistance",2022,"Budget Authority",0
024,"Department of Homeland Security",024-70-0413,"Federal Assistance",2022,"Funding Total",6.81
024,"Department of Homeland Security",024-60-0613,"Procurement, Construction, and Improvements",2022,"CIO Authority",0
024,"Department of Homeland Security",024-60-0613,"Procurement, Construction, and Improvements",2022,"Budget Authority",0
024,"Department of Homeland Security",024-60-0613,"Procurement, Construction, and Improvements",2022,"Funding Total",42.256
024,"Department of Homeland Security",024-15-0542,"Federal Protective Service",2022,"CIO Authority",0
024,"Department of Homeland Security",024-15-0542,"Federal Protective Service",2022,"Budget Authority",0
024,"Department of Homeland Security",024-15-0542,"Federal Protective Service",2022,"Funding Total",19.488
024,"Department of Homeland Security",024-80-0803,"Research and Development",2022,"CIO Authority",0
024,"Department of Homeland Security",024-80-0803,"Research and Development",2022,"Budget Authority",0
024,"Department of Homeland Security",024-80-0803,"Research and Development",2022,"Funding Total",0.175
024,"Department of Homeland Security",024-15-0112,"Operations and Support",2022,"CIO Authority",0
024,"Department of Homeland Security",024-15-0112,"Operations and Support",2022,"Budget Authority",0
024,"Department of Homeland Security",024-15-0112,"Operations and Support",2022,"Funding Total",352.022
024,"Department of Homeland Security",024-85-0861,"Operations and Support",2022,"CIO Authority",0
024,"Department of Homeland Security",024-85-0861,"Operations and Support",2022,"Budget Authority",0
024,"Department of Homeland Security",024-85-0861,"Operations and Support",2022,"Funding Total",1.547
024,"Department of Homeland Security",024-70-4236,"National Flood Insurance Fund",2022,"CIO Authority",0
024,"Department of Homeland Security",024-70-4236,"National Flood Insurance Fund",2022,"Budget Authority",0
024,"Department of Homeland Security",024-70-4236,"National Flood Insurance Fund",2022,"Funding Total",78.423
024,"Department of Homeland Security",024-40-0401,"Procurement, Construction, and Improvements",2022,"CIO Authority",0
024,"Department of Homeland Security",024-40-0401,"Procurement, Construction, and Improvements",2022,"Budget Authority",0
024,"Department of Homeland Security",024-40-0401,"Procurement, Construction, and Improvements",2022,"Funding Total",9.5
024,"Department of Homeland Security",024-70-0715,"Radiological emergency preparedness program",2022,"CIO Authority",0
024,"Department of Homeland Security",024-70-0715,"Radiological emergency preparedness program",2022,"Budget Authority",0
024,"Department of Homeland Security",024-70-0715,"Radiological emergency preparedness program",2022,"Funding Total",1.57
024,"Department of Homeland Security",024-15-4640,"Working Capital Fund",2022,"CIO Authority",0
024,"Department of Homeland Security",024-15-4640,"Working Capital Fund",2022,"Budget Authority",0
024,"Department of Homeland Security",024-15-4640,"Working Capital Fund",2022,"Funding Total",0.12
024,"Department of Homeland Security",024-68-0117,"Operations and Support",2022,"CIO Authority",0
024,"Department of Homeland Security",024-68-0117,"Operations and Support",2022,"Budget Authority",0
024,"Department of Homeland Security",024-68-0117,"Operations and Support",2022,"Funding Total",1.945
024,"Department of Homeland Security",024-45-0410,"Procurement, Construction, and Improvements",2022,"CIO Authority",0
024,"Department of Homeland Security",024-45-0410,"Procurement, Construction, and Improvements",2022,"Budget Authority",0
024,"Department of Homeland Security",024-45-0410,"Procurement, Construction, and Improvements",2022,"Funding Total",106.836
024,"Department of Homeland Security",024-85-0411,"Federal Assistance",2022,"CIO Authority",0
024,"Department of Homeland Security",024-85-0411,"Federal Assistance",2022,"Budget Authority",0
024,"Department of Homeland Security",024-85-0411,"Federal Assistance",2022,"Funding Total",2.069
024,"Department of Homeland Security",024-58-5543,"International Registered Traveler",2022,"CIO Authority",0
024,"Department of Homeland Security",024-58-5543,"International Registered Traveler",2022,"Budget Authority",0
024,"Department of Homeland Security",024-58-5543,"International Registered Traveler",2022,"Funding Total",93.572
024,"Department of Homeland Security",024-60-0615,"Research and Development",2022,"CIO Authority",0
024,"Department of Homeland Security",024-60-0615,"Research and Development",2022,"Budget Authority",0
024,"Department of Homeland Security",024-60-0615,"Research and Development",2022,"Funding Total",17.036
024,"Department of Homeland Security",024-15-0112,"Operations and Support",2023,"CIO Authority",368.216
024,"Department of Homeland Security",024-15-0112,"Operations and Support",2023,"Budget Authority",511.965
024,"Department of Homeland Security",024-15-0112,"Operations and Support",2023,"Funding Total",393.41
024,"Department of Homeland Security",024-10-0100,"Operations and Support",2023,"CIO Authority",486.818
024,"Department of Homeland Security",024-10-0100,"Operations and Support",2023,"Budget Authority",518.618
024,"Department of Homeland Security",024-10-0100,"Operations and Support",2023,"Funding Total",455.222
024,"Department of Homeland Security",024-45-0550,"Operations and Support",2023,"CIO Authority",0
024,"Department of Homeland Security",024-45-0550,"Operations and Support",2023,"Budget Authority",857.481
024,"Department of Homeland Security",024-45-0550,"Operations and Support",2023,"Funding Total",861.744
024,"Department of Homeland Security",024-80-0800,"Operations and Support",2023,"CIO Authority",0
024,"Department of Homeland Security",024-80-0800,"Operations and Support",2023,"Budget Authority",29.928
024,"Department of Homeland Security",024-80-0800,"Operations and Support",2023,"Funding Total",29.913
024,"Department of Homeland Security",024-58-0530,"Operations and Support",2023,"CIO Authority",0
024,"Department of Homeland Security",024-58-0530,"Operations and Support",2023,"Budget Authority",1631.374
024,"Department of Homeland Security",024-58-0530,"Operations and Support",2023,"Funding Total",1896.109
024,"Department of Homeland Security",024-85-0861,"Operations and Support",2023,"CIO Authority",0
024,"Department of Homeland Security",024-85-0861,"Operations and Support",2023,"Budget Authority",1.547
024,"Department of Homeland Security",024-85-0861,"Operations and Support",2023,"Funding Total",4.965
024,"Department of Homeland Security",024-65-0566,"Operations and Support",2023,"CIO Authority",0
024,"Department of Homeland Security",024-65-0566,"Operations and Support",2023,"Budget Authority",1115.819
024,"Department of Homeland Security",024-65-0566,"Operations and Support",2023,"Funding Total",1469.241
024,"Department of Homeland Security",024-58-0532,"Procurement, Construction, and Improvements",2023,"CIO Authority",0
024,"Department of Homeland Security",024-58-0532,"Procurement, Construction, and Improvements",2023,"Budget Authority",167.201
024,"Department of Homeland Security",024-58-0532,"Procurement, Construction, and Improvements",2023,"Funding Total",250.754
024,"Department of Homeland Security",024-40-0400,"Operations and Support",2023,"CIO Authority",0
024,"Department of Homeland Security",024-40-0400,"Operations and Support",2023,"Budget Authority",208.538
024,"Department of Homeland Security",024-40-0400,"Operations and Support",2023,"Funding Total",203.76
024,"Department of Homeland Security",024-70-0700,"Operations and Support",2023,"CIO Authority",0
024,"Department of Homeland Security",024-70-0700,"Operations and Support",2023,"Budget Authority",395.74
024,"Department of Homeland Security",024-70-0700,"Operations and Support",2023,"Funding Total",364.252
024,"Department of Homeland Security",024-55-0540,"Operations and Support",2023,"CIO Authority",0
024,"Department of Homeland Security",024-55-0540,"Operations and Support",2023,"Budget Authority",553.672
024,"Department of Homeland Security",024-55-0540,"Operations and Support",2023,"Funding Total",613.849
024,"Department of Homeland Security",024-55-0545,"Procurement, Construction, and Improvements",2023,"CIO Authority",0
024,"Department of Homeland Security",024-55-0545,"Procurement, Construction, and Improvements",2023,"Budget Authority",11.838
024,"Department of Homeland Security",024-55-0545,"Procurement, Construction, and Improvements",2023,"Funding Total",22.659
024,"Department of Homeland Security",024-60-0610,"Operations and Support",2023,"CIO Authority",0
024,"Department of Homeland Security",024-60-0610,"Operations and Support",2023,"Budget Authority",1074.394
024,"Department of Homeland Security",024-60-0610,"Operations and Support",2023,"Funding Total",1113.932
024,"Department of Homeland Security",024-65-0412,"Procurement, Construction, and Improvements",2023,"CIO Authority",0
024,"Department of Homeland Security",024-65-0412,"Procurement, Construction, and Improvements",2023,"Budget Authority",491.942
024,"Department of Homeland Security",024-65-0412,"Procurement, Construction, and Improvements",2023,"Funding Total",501.603
024,"Department of Homeland Security",024-70-0702,"Disaster Relief Fund",2023,"CIO Authority",0
024,"Department of Homeland Security",024-70-0702,"Disaster Relief Fund",2023,"Budget Authority",19.268
024,"Department of Homeland Security",024-70-0702,"Disaster Relief Fund",2023,"Funding Total",49.974
024,"Department of Homeland Security",024-15-0406,"Procurement, Construction, and Improvements",2023,"CIO Authority",108.626
024,"Department of Homeland Security",024-15-0406,"Procurement, Construction, and Improvements",2023,"Budget Authority",142.955
024,"Department of Homeland Security",024-15-0406,"Procurement, Construction, and Improvements",2023,"Funding Total",108.659
024,"Department of Homeland Security",024-30-0300,"Operations and Support",2023,"CIO Authority",0
024,"Department of Homeland Security",024-30-0300,"Operations and Support",2023,"Budget Authority",819.077
024,"Department of Homeland Security",024-30-0300,"Operations and Support",2023,"Funding Total",1042.544
024,"Department of Homeland Security",024-70-0414,"Procurement, Construction, and Improvements",2023,"CIO Authority",0
024,"Department of Homeland Security",024-70-0414,"Procurement, Construction, and Improvements",2023,"Budget Authority",98.866
024,"Department of Homeland Security",024-70-0414,"Procurement, Construction, and Improvements",2023,"Funding Total",113.867
024,"Department of Homeland Security",024-70-4236,"National Flood Insurance Fund",2023,"CIO Authority",0
024,"Department of Homeland Security",024-70-4236,"National Flood Insurance Fund",2023,"Budget Authority",124.804
024,"Department of Homeland Security",024-70-4236,"National Flood Insurance Fund",2023,"Funding Total",103.65
024,"Department of Homeland Security",024-49-0509,"Operations and Support",2023,"CIO Authority",0
024,"Department of Homeland Security",024-49-0509,"Operations and Support",2023,"Budget Authority",58.669
024,"Department of Homeland Security",024-49-0509,"Operations and Support",2023,"Funding Total",58.667
024,"Department of Homeland Security",024-70-0413,"Federal Assistance",2023,"CIO Authority",0
024,"Department of Homeland Security",024-70-0413,"Federal Assistance",2023,"Budget Authority",7.719
024,"Department of Homeland Security",024-70-0413,"Federal Assistance",2023,"Funding Total",7.84
024,"Department of Homeland Security",024-40-0401,"Procurement, Construction, and Improvements",2023,"CIO Authority",0
024,"Department of Homeland Security",024-40-0401,"Procurement, Construction, and Improvements",2023,"Budget Authority",9.5
024,"Department of Homeland Security",024-40-0401,"Procurement, Construction, and Improvements",2023,"Funding Total",9.467
024,"Department of Homeland Security",024-20-0200,"Operations and Support",2023,"CIO Authority",0
024,"Department of Homeland Security",024-20-0200,"Operations and Support",2023,"Budget Authority",22.727
024,"Department of Homeland Security",024-20-0200,"Operations and Support",2023,"Funding Total",31.193
024,"Department of Homeland Security",024-15-0542,"Federal Protective Service",2023,"CIO Authority",22.666
024,"Department of Homeland Security",024-15-0542,"Federal Protective Service",2023,"Budget Authority",22.666
024,"Department of Homeland Security",024-15-0542,"Federal Protective Service",2023,"Funding Total",20.579
024,"Department of Homeland Security",024-80-0803,"Research and Development",2023,"CIO Authority",0
024,"Department of Homeland Security",024-80-0803,"Research and Development",2023,"Budget Authority",0.175
024,"Department of Homeland Security",024-80-0803,"Research and Development",2023,"Funding Total",0.175
024,"Department of Homeland Security",024-45-0410,"Procurement, Construction, and Improvements",2023,"CIO Authority",0
024,"Department of Homeland Security",024-45-0410,"Procurement, Construction, and Improvements",2023,"Budget Authority",107.388
024,"Department of Homeland Security",024-45-0410,"Procurement, Construction, and Improvements",2023,"Funding Total",107.388
024,"Department of Homeland Security",024-58-5595,"Electronic System for Travel Authorization",2023,"CIO Authority",0
024,"Department of Homeland Security",024-58-5595,"Electronic System for Travel Authorization",2023,"Budget Authority",1.589
024,"Department of Homeland Security",024-58-5595,"Electronic System for Travel Authorization",2023,"Funding Total",25.198
024,"Department of Homeland Security",024-60-0613,"Procurement, Construction, and Improvements",2023,"CIO Authority",0
024,"Department of Homeland Security",024-60-0613,"Procurement, Construction, and Improvements",2023,"Budget Authority",44.087
024,"Department of Homeland Security",024-60-0613,"Procurement, Construction, and Improvements",2023,"Funding Total",27.01
024,"Department of Homeland Security",024-58-5543,"International Registered Traveler",2023,"CIO Authority",0
024,"Department of Homeland Security",024-58-5543,"International Registered Traveler",2023,"Budget Authority",14.399
024,"Department of Homeland Security",024-58-5543,"International Registered Traveler",2023,"Funding Total",107.738
024,"Department of Homeland Security",024-15-4640,"Working Capital Fund",2023,"CIO Authority",0.12
024,"Department of Homeland Security",024-15-4640,"Working Capital Fund",2023,"Budget Authority",0.12
024,"Department of Homeland Security",024-15-4640,"Working Capital Fund",2023,"Funding Total",1.264
024,"Department of Homeland Security",024-70-0715,"Radiological emergency preparedness program",2023,"CIO Authority",0
024,"Department of Homeland Security",024-70-0715,"Radiological emergency preparedness program",2023,"Budget Authority",0
024,"Department of Homeland Security",024-70-0715,"Radiological emergency preparedness program",2023,"Funding Total",2.316
024,"Department of Homeland Security",024-65-0805,"Research and Development",2023,"CIO Authority",0
024,"Department of Homeland Security",024-65-0805,"Research and Development",2023,"Budget Authority",0
024,"Department of Homeland Security",024-65-0805,"Research and Development",2023,"Funding Total",0
024,"Department of Homeland Security",024-68-0117,"Operations and Support",2023,"CIO Authority",0
024,"Department of Homeland Security",024-68-0117,"Operations and Support",2023,"Budget Authority",1.75
024,"Department of Homeland Security",024-68-0117,"Operations and Support",2023,"Funding Total",1.75
024,"Department of Homeland Security",024-85-0411,"Federal Assistance",2023,"CIO Authority",0
024,"Department of Homeland Security",024-85-0411,"Federal Assistance",2023,"Budget Authority",0
024,"Department of Homeland Security",024-85-0411,"Federal Assistance",2023,"Funding Total",1.713
024,"Department of Homeland Security",024-60-0615,"Research and Development",2023,"CIO Authority",0
024,"Department of Homeland Security",024-60-0615,"Research and Development",2023,"Budget Authority",0
024,"Department of Homeland Security",024-60-0615,"Research and Development",2023,"Funding Total",17.044
024,"Department of Homeland Security",024-45-0550,"Operations and Support",2024,"CIO Authority",0
024,"Department of Homeland Security",024-45-0550,"Operations and Support",2024,"Budget Authority",888.776
024,"Department of Homeland Security",024-45-0550,"Operations and Support",2024,"Funding Total",888.039
024,"Department of Homeland Security",024-15-0406,"Procurement, Construction, and Improvements",2024,"CIO Authority",162.054
024,"Department of Homeland Security",024-15-0406,"Procurement, Construction, and Improvements",2024,"Budget Authority",170.525
024,"Department of Homeland Security",024-15-0406,"Procurement, Construction, and Improvements",2024,"Funding Total",149.936
024,"Department of Homeland Security",024-80-0800,"Operations and Support",2024,"CIO Authority",0
024,"Department of Homeland Security",024-80-0800,"Operations and Support",2024,"Budget Authority",28.595
024,"Department of Homeland Security",024-80-0800,"Operations and Support",2024,"Funding Total",28.595
024,"Department of Homeland Security",024-60-0610,"Operations and Support",2024,"CIO Authority",0
024,"Department of Homeland Security",024-60-0610,"Operations and Support",2024,"Budget Authority",1316.39
024,"Department of Homeland Security",024-60-0610,"Operations and Support",2024,"Funding Total",1179.271
024,"Department of Homeland Security",024-30-0300,"Operations and Support",2024,"CIO Authority",0
024,"Department of Homeland Security",024-30-0300,"Operations and Support",2024,"Budget Authority",1029.16
024,"Department of Homeland Security",024-30-0300,"Operations and Support",2024,"Funding Total",1036.315
024,"Department of Homeland Security",024-58-0530,"Operations and Support",2024,"CIO Authority",0
024,"Department of Homeland Security",024-58-0530,"Operations and Support",2024,"Budget Authority",1856.126
024,"Department of Homeland Security",024-58-0530,"Operations and Support",2024,"Funding Total",1892.166
024,"Department of Homeland Security",024-15-0112,"Operations and Support",2024,"CIO Authority",384.893
024,"Department of Homeland Security",024-15-0112,"Operations and Support",2024,"Budget Authority",384.893
024,"Department of Homeland Security",024-15-0112,"Operations and Support",2024,"Funding Total",340.148
024,"Department of Homeland Security",024-70-0700,"Operations and Support",2024,"CIO Authority",0
024,"Department of Homeland Security",024-70-0700,"Operations and Support",2024,"Budget Authority",481.132
024,"Department of Homeland Security",024-70-0700,"Operations and Support",2024,"Funding Total",419.746
024,"Department of Homeland Security",024-58-0532,"Procurement, Construction, and Improvements",2024,"CIO Authority",0
024,"Department of Homeland Security",024-58-0532,"Procurement, Construction, and Improvements",2024,"Budget Authority",361.158
024,"Department of Homeland Security",024-58-0532,"Procurement, Construction, and Improvements",2024,"Funding Total",630.688
024,"Department of Homeland Security",024-65-0566,"Operations and Support",2024,"CIO Authority",0
024,"Department of Homeland Security",024-65-0566,"Operations and Support",2024,"Budget Authority",1282.13
024,"Department of Homeland Security",024-65-0566,"Operations and Support",2024,"Funding Total",1183.695
024,"Department of Homeland Security",024-49-0509,"Operations and Support",2024,"CIO Authority",0
024,"Department of Homeland Security",024-49-0509,"Operations and Support",2024,"Budget Authority",59.592
024,"Department of Homeland Security",024-49-0509,"Operations and Support",2024,"Funding Total",59.592
024,"Department of Homeland Security",024-15-0542,"Federal Protective Service",2024,"CIO Authority",20.579
024,"Department of Homeland Security",024-15-0542,"Federal Protective Service",2024,"Budget Authority",20.579
024,"Department of Homeland Security",024-15-0542,"Federal Protective Service",2024,"Funding Total",20.579
024,"Department of Homeland Security",024-70-0702,"Disaster Relief Fund",2024,"CIO Authority",0
024,"Department of Homeland Security",024-70-0702,"Disaster Relief Fund",2024,"Budget Authority",66.268
024,"Department of Homeland Security",024-70-0702,"Disaster Relief Fund",2024,"Funding Total",67.782
024,"Department of Homeland Security",024-55-0540,"Operations and Support",2024,"CIO Authority",0
024,"Department of Homeland Security",024-55-0540,"Operations and Support",2024,"Budget Authority",625.168
024,"Department of Homeland Security",024-55-0540,"Operations and Support",2024,"Funding Total",603.896
024,"Department of Homeland Security",024-70-4236,"National Flood Insurance Fund",2024,"CIO Authority",0
024,"Department of Homeland Security",024-70-4236,"National Flood Insurance Fund",2024,"Budget Authority",110.149
024,"Department of Homeland Security",024-70-4236,"National Flood Insurance Fund",2024,"Funding Total",100.732
024,"Department of Homeland Security",024-10-0100,"Operations and Support",2024,"CIO Authority",324.25
024,"Department of Homeland Security",024-10-0100,"Operations and Support",2024,"Budget Authority",355.019
024,"Department of Homeland Security",024-10-0100,"Operations and Support",2024,"Funding Total",524.25
024,"Department of Homeland Security",024-65-0412,"Procurement, Construction, and Improvements",2024,"CIO Authority",0
024,"Department of Homeland Security",024-65-0412,"Procurement, Construction, and Improvements",2024,"Budget Authority",395.523
024,"Department of Homeland Security",024-65-0412,"Procurement, Construction, and Improvements",2024,"Funding Total",475.92
024,"Department of Homeland Security",024-40-0400,"Operations and Support",2024,"CIO Authority",0
024,"Department of Homeland Security",024-40-0400,"Operations and Support",2024,"Budget Authority",199.703
024,"Department of Homeland Security",024-40-0400,"Operations and Support",2024,"Funding Total",188.291
024,"Department of Homeland Security",024-45-0410,"Procurement, Construction, and Improvements",2024,"CIO Authority",0
024,"Department of Homeland Security",024-45-0410,"Procurement, Construction, and Improvements",2024,"Budget Authority",72.415
024,"Department of Homeland Security",024-45-0410,"Procurement, Construction, and Improvements",2024,"Funding Total",34.739
024,"Department of Homeland Security",024-20-0200,"Operations and Support",2024,"CIO Authority",0
024,"Department of Homeland Security",024-20-0200,"Operations and Support",2024,"Budget Authority",30.335
024,"Department of Homeland Security",024-20-0200,"Operations and Support",2024,"Funding Total",34.837
024,"Department of Homeland Security",024-55-0545,"Procurement, Construction, and Improvements",2024,"CIO Authority",0
024,"Department of Homeland Security",024-55-0545,"Procurement, Construction, and Improvements",2024,"Budget Authority",12.273
024,"Department of Homeland Security",024-55-0545,"Procurement, Construction, and Improvements",2024,"Funding Total",37.775
024,"Department of Homeland Security",024-70-0715,"Radiological emergency preparedness program",2024,"CIO Authority",0
024,"Department of Homeland Security",024-70-0715,"Radiological emergency preparedness program",2024,"Budget Authority",1.163
024,"Department of Homeland Security",024-70-0715,"Radiological emergency preparedness program",2024,"Funding Total",3.171
024,"Department of Homeland Security",024-58-5543,"International Registered Traveler",2024,"CIO Authority",0
024,"Department of Homeland Security",024-58-5543,"International Registered Traveler",2024,"Budget Authority",144.695
024,"Department of Homeland Security",024-58-5543,"International Registered Traveler",2024,"Funding Total",78.517
024,"Department of Homeland Security",024-70-0414,"Procurement, Construction, and Improvements",2024,"CIO Authority",0
024,"Department of Homeland Security",024-70-0414,"Procurement, Construction, and Improvements",2024,"Budget Authority",69.532
024,"Department of Homeland Security",024-70-0414,"Procurement, Construction, and Improvements",2024,"Funding Total",56.122
024,"Department of Homeland Security",024-40-0401,"Procurement, Construction, and Improvements",2024,"CIO Authority",0
024,"Department of Homeland Security",024-40-0401,"Procurement, Construction, and Improvements",2024,"Budget Authority",9.467
024,"Department of Homeland Security",024-40-0401,"Procurement, Construction, and Improvements",2024,"Funding Total",9.467
024,"Department of Homeland Security",024-70-0413,"Federal Assistance",2024,"CIO Authority",0
024,"Department of Homeland Security",024-70-0413,"Federal Assistance",2024,"Budget Authority",22.358
024,"Department of Homeland Security",024-70-0413,"Federal Assistance",2024,"Funding Total",6.999
024,"Department of Homeland Security",024-60-0613,"Procurement, Construction, and Improvements",2024,"CIO Authority",0
024,"Department of Homeland Security",024-60-0613,"Procurement, Construction, and Improvements",2024,"Budget Authority",82.2
024,"Department of Homeland Security",024-60-0613,"Procurement, Construction, and Improvements",2024,"Funding Total",34.942
024,"Department of Homeland Security",024-65-0805,"Research and Development",2024,"CIO Authority",0
024,"Department of Homeland Security",024-65-0805,"Research and Development",2024,"Budget Authority",0
024,"Department of Homeland Security",024-65-0805,"Research and Development",2024,"Funding Total",0
024,"Department of Homeland Security",024-85-0861,"Operations and Support",2024,"CIO Authority",0
024,"Department of Homeland Security",024-85-0861,"Operations and Support",2024,"Budget Authority",5.2
024,"Department of Homeland Security",024-85-0861,"Operations and Support",2024,"Funding Total",5.169
024,"Department of Homeland Security",024-85-0411,"Federal Assistance",2024,"CIO Authority",0
024,"Department of Homeland Security",024-85-0411,"Federal Assistance",2024,"Budget Authority",1.713
024,"Department of Homeland Security",024-85-0411,"Federal Assistance",2024,"Funding Total",1.713
024,"Department of Homeland Security",024-15-4640,"Working Capital Fund",2024,"CIO Authority",1.384
024,"Department of Homeland Security",024-15-4640,"Working Capital Fund",2024,"Budget Authority",1.384
024,"Department of Homeland Security",024-15-4640,"Working Capital Fund",2024,"Funding Total",1.389
024,"Department of Homeland Security",024-80-0803,"Research and Development",2024,"CIO Authority",0
024,"Department of Homeland Security",024-80-0803,"Research and Development",2024,"Budget Authority",0.175
024,"Department of Homeland Security",024-80-0803,"Research and Development",2024,"Funding Total",0.175
024,"Department of Homeland Security",024-68-0117,"Operations and Support",2024,"CIO Authority",0
024,"Department of Homeland Security",024-68-0117,"Operations and Support",2024,"Budget Authority",1.749
024,"Department of Homeland Security",024-68-0117,"Operations and Support",2024,"Funding Total",1.749
024,"Department of Homeland Security",024-58-5595,"Electronic System for Travel Authorization",2024,"CIO Authority",0
024,"Department of Homeland Security",024-58-5595,"Electronic System for Travel Authorization",2024,"Budget Authority",29.851
024,"Department of Homeland Security",024-58-5595,"Electronic System for Travel Authorization",2024,"Funding Total",25.333
024,"Department of Homeland Security",024-60-0615,"Research and Development",2024,"CIO Authority",0
024,"Department of Homeland Security",024-60-0615,"Research and Development",2024,"Budget Authority",22.064
024,"Department of Homeland Security",024-60-0615,"Research and Development",2024,"Funding Total",17.051
024,"Department of Homeland Security",024-20-0200,"Operations and Support",2025,"CIO Authority",0
024,"Department of Homeland Security",024-20-0200,"Operations and Support",2025,"Budget Authority",37.035
024,"Department of Homeland Security",024-20-0200,"Operations and Support",2025,"Funding Total",37.035
024,"Department of Homeland Security",024-70-0700,"Operations and Support",2025,"CIO Authority",0
024,"Department of Homeland Security",024-70-0700,"Operations and Support",2025,"Budget Authority",447.018
024,"Department of Homeland Security",024-70-0700,"Operations and Support",2025,"Funding Total",460.085
024,"Department of Homeland Security",024-70-0414,"Procurement, Construction, and Improvements",2025,"CIO Authority",0
024,"Department of Homeland Security",024-70-0414,"Procurement, Construction, and Improvements",2025,"Budget Authority",48.553
024,"Department of Homeland Security",024-70-0414,"Procurement, Construction, and Improvements",2025,"Funding Total",22.194
024,"Department of Homeland Security",024-60-0613,"Procurement, Construction, and Improvements",2025,"CIO Authority",0
024,"Department of Homeland Security",024-60-0613,"Procurement, Construction, and Improvements",2025,"Budget Authority",190.049
024,"Department of Homeland Security",024-60-0613,"Procurement, Construction, and Improvements",2025,"Funding Total",14.5
024,"Department of Homeland Security",024-15-0542,"Federal Protective Service",2025,"CIO Authority",25.271
024,"Department of Homeland Security",024-15-0542,"Federal Protective Service",2025,"Budget Authority",25.271
024,"Department of Homeland Security",024-15-0542,"Federal Protective Service",2025,"Funding Total",25.271
024,"Department of Homeland Security",024-65-0566,"Operations and Support",2025,"CIO Authority",0
024,"Department of Homeland Security",024-65-0566,"Operations and Support",2025,"Budget Authority",2243.236
024,"Department of Homeland Security",024-65-0566,"Operations and Support",2025,"Funding Total",1870.308
024,"Department of Homeland Security",024-15-0112,"Operations and Support",2025,"CIO Authority",402.931
024,"Department of Homeland Security",024-15-0112,"Operations and Support",2025,"Budget Authority",429.853
024,"Department of Homeland Security",024-15-0112,"Operations and Support",2025,"Funding Total",325.806
024,"Department of Homeland Security",024-45-0410,"Procurement, Construction, and Improvements",2025,"CIO Authority",0
024,"Department of Homeland Security",024-45-0410,"Procurement, Construction, and Improvements",2025,"Budget Authority",91.717
024,"Department of Homeland Security",024-45-0410,"Procurement, Construction, and Improvements",2025,"Funding Total",91.717
024,"Department of Homeland Security",024-55-0540,"Operations and Support",2025,"CIO Authority",0
024,"Department of Homeland Security",024-55-0540,"Operations and Support",2025,"Budget Authority",661.882
024,"Department of Homeland Security",024-55-0540,"Operations and Support",2025,"Funding Total",603.396
024,"Department of Homeland Security",024-45-0550,"Operations and Support",2025,"CIO Authority",0
024,"Department of Homeland Security",024-45-0550,"Operations and Support",2025,"Budget Authority",900.319
024,"Department of Homeland Security",024-45-0550,"Operations and Support",2025,"Funding Total",889.421
024,"Department of Homeland Security",024-58-0530,"Operations and Support",2025,"CIO Authority",0
024,"Department of Homeland Security",024-58-0530,"Operations and Support",2025,"Budget Authority",1700.161
024,"Department of Homeland Security",024-58-0530,"Operations and Support",2025,"Funding Total",1805.897
024,"Department of Homeland Security",024-65-0805,"Research and Development",2025,"CIO Authority",0
024,"Department of Homeland Security",024-65-0805,"Research and Development",2025,"Budget Authority",0
024,"Department of Homeland Security",024-65-0805,"Research and Development",2025,"Funding Total",0
024,"Department of Homeland Security",024-58-5543,"International Registered Traveler",2025,"CIO Authority",0
024,"Department of Homeland Security",024-58-5543,"International Registered Traveler",2025,"Budget Authority",103.892
024,"Department of Homeland Security",024-58-5543,"International Registered Traveler",2025,"Funding Total",103.892
024,"Department of Homeland Security",024-55-0545,"Procurement, Construction, and Improvements",2025,"CIO Authority",0
024,"Department of Homeland Security",024-55-0545,"Procurement, Construction, and Improvements",2025,"Budget Authority",14.984
024,"Department of Homeland Security",024-55-0545,"Procurement, Construction, and Improvements",2025,"Funding Total",6.88
024,"Department of Homeland Security",024-70-4236,"National Flood Insurance Fund",2025,"CIO Authority",0
024,"Department of Homeland Security",024-70-4236,"National Flood Insurance Fund",2025,"Budget Authority",111.099
024,"Department of Homeland Security",024-70-4236,"National Flood Insurance Fund",2025,"Funding Total",101.489
024,"Department of Homeland Security",024-85-0411,"Federal Assistance",2025,"CIO Authority",0
024,"Department of Homeland Security",024-85-0411,"Federal Assistance",2025,"Budget Authority",2.38
024,"Department of Homeland Security",024-85-0411,"Federal Assistance",2025,"Funding Total",2.38
024,"Department of Homeland Security",024-40-0400,"Operations and Support",2025,"CIO Authority",0
024,"Department of Homeland Security",024-40-0400,"Operations and Support",2025,"Budget Authority",222.839
024,"Department of Homeland Security",024-40-0400,"Operations and Support",2025,"Funding Total",222.839
024,"Department of Homeland Security",024-49-0509,"Operations and Support",2025,"CIO Authority",0
024,"Department of Homeland Security",024-49-0509,"Operations and Support",2025,"Budget Authority",60.534
024,"Department of Homeland Security",024-49-0509,"Operations and Support",2025,"Funding Total",60.534
024,"Department of Homeland Security",024-10-0100,"Operations and Support",2025,"CIO Authority",1021.881
024,"Department of Homeland Security",024-10-0100,"Operations and Support",2025,"Budget Authority",1075.365
024,"Department of Homeland Security",024-10-0100,"Operations and Support",2025,"Funding Total",1008.795
024,"Department of Homeland Security",024-70-0702,"Disaster Relief Fund",2025,"CIO Authority",0
024,"Department of Homeland Security",024-70-0702,"Disaster Relief Fund",2025,"Budget Authority",68.673
024,"Department of Homeland Security",024-70-0702,"Disaster Relief Fund",2025,"Funding Total",69.347
024,"Department of Homeland Security",024-58-0532,"Procurement, Construction, and Improvements",2025,"CIO Authority",0
024,"Department of Homeland Security",024-58-0532,"Procurement, Construction, and Improvements",2025,"Budget Authority",256.284
024,"Department of Homeland Security",024-58-0532,"Procurement, Construction, and Improvements",2025,"Funding Total",155.769
024,"Department of Homeland Security",024-60-0610,"Operations and Support",2025,"CIO Authority",0
024,"Department of Homeland Security",024-60-0610,"Operations and Support",2025,"Budget Authority",1345.273
024,"Department of Homeland Security",024-60-0610,"Operations and Support",2025,"Funding Total",1317.108
024,"Department of Homeland Security",024-65-0412,"Procurement, Construction, and Improvements",2025,"CIO Authority",0
024,"Department of Homeland Security",024-65-0412,"Procurement, Construction, and Improvements",2025,"Budget Authority",239.859
024,"Department of Homeland Security",024-65-0412,"Procurement, Construction, and Improvements",2025,"Funding Total",250.126
024,"Department of Homeland Security",024-70-0413,"Federal Assistance",2025,"CIO Authority",0
024,"Department of Homeland Security",024-70-0413,"Federal Assistance",2025,"Budget Authority",12.539
024,"Department of Homeland Security",024-70-0413,"Federal Assistance",2025,"Funding Total",11.538
024,"Department of Homeland Security",024-30-0300,"Operations and Support",2025,"CIO Authority",0
024,"Department of Homeland Security",024-30-0300,"Operations and Support",2025,"Budget Authority",1035.426
024,"Department of Homeland Security",024-30-0300,"Operations and Support",2025,"Funding Total",1037.283
024,"Department of Homeland Security",024-15-0406,"Procurement, Construction, and Improvements",2025,"CIO Authority",93.015
024,"Department of Homeland Security",024-15-0406,"Procurement, Construction, and Improvements",2025,"Budget Authority",105.396
024,"Department of Homeland Security",024-15-0406,"Procurement, Construction, and Improvements",2025,"Funding Total",144.418
024,"Department of Homeland Security",024-80-0800,"Operations and Support",2025,"CIO Authority",0
024,"Department of Homeland Security",024-80-0800,"Operations and Support",2025,"Budget Authority",29.689
024,"Department of Homeland Security",024-80-0800,"Operations and Support",2025,"Funding Total",29.724
024,"Department of Homeland Security",024-70-0715,"Radiological emergency preparedness program",2025,"CIO Authority",0
024,"Department of Homeland Security",024-70-0715,"Radiological emergency preparedness program",2025,"Budget Authority",1.163
024,"Department of Homeland Security",024-70-0715,"Radiological emergency preparedness program",2025,"Funding Total",3.171
024,"Department of Homeland Security",024-85-0861,"Operations and Support",2025,"CIO Authority",0
024,"Department of Homeland Security",024-85-0861,"Operations and Support",2025,"Budget Authority",5.018
024,"Department of Homeland Security",024-85-0861,"Operations and Support",2025,"Funding Total",5.018
024,"Department of Homeland Security",024-40-0401,"Procurement, Construction, and Improvements",2025,"CIO Authority",0
024,"Department of Homeland Security",024-40-0401,"Procurement, Construction, and Improvements",2025,"Budget Authority",5.445
024,"Department of Homeland Security",024-40-0401,"Procurement, Construction, and Improvements",2025,"Funding Total",5.445
024,"Department of Homeland Security",024-60-0615,"Research and Development",2025,"CIO Authority",0
024,"Department of Homeland Security",024-60-0615,"Research and Development",2025,"Budget Authority",17.298
024,"Department of Homeland Security",024-60-0615,"Research and Development",2025,"Funding Total",17.059
024,"Department of Homeland Security",024-80-0803,"Research and Development",2025,"CIO Authority",0
024,"Department of Homeland Security",024-80-0803,"Research and Development",2025,"Budget Authority",0.175
024,"Department of Homeland Security",024-80-0803,"Research and Development",2025,"Funding Total",0.175
024,"Department of Homeland Security",024-58-5595,"Electronic System for Travel Authorization",2025,"CIO Authority",0
024,"Department of Homeland Security",024-58-5595,"Electronic System for Travel Authorization",2025,"Budget Authority",25.628
024,"Department of Homeland Security",024-58-5595,"Electronic System for Travel Authorization",2025,"Funding Total",25.628
024,"Department of Homeland Security",024-15-4640,"Working Capital Fund",2025,"CIO Authority",1.264
024,"Department of Homeland Security",024-15-4640,"Working Capital Fund",2025,"Budget Authority",1.264
024,"Department of Homeland Security",024-15-4640,"Working Capital Fund",2025,"Funding Total",1.389
024,"Department of Homeland Security",024-68-0117,"Operations and Support",2025,"CIO Authority",0
024,"Department of Homeland Security",024-68-0117,"Operations and Support",2025,"Budget Authority",1.75
024,"Department of Homeland Security",024-68-0117,"Operations and Support",2025,"Funding Total",1.75
007,"Department of Defense",007-10-2020,"Operation and Maintenance, Army",2022,"CIO Authority",0
007,"Department of Defense",007-10-2020,"Operation and Maintenance, Army",2022,"Budget Authority",0
007,"Department of Defense",007-10-2020,"Operation and Maintenance, Army",2022,"Funding Total",3400.151
007,"Department of Defense",007-20-3600,"Research, Development, Test and Evaluation, Air Force",2022,"CIO Authority",0
007,"Department of Defense",007-20-3600,"Research, Development, Test and Evaluation, Air Force",2022,"Budget Authority",0
007,"Department of Defense",007-20-3600,"Research, Development, Test and Evaluation, Air Force",2022,"Funding Total",549.855
007,"Department of Defense",007-40-4930,,2022,"CIO Authority",0
007,"Department of Defense",007-40-4930,,2022,"Budget Authority",0
007,"Department of Defense",007-40-4930,,2022,"Funding Total",3711.884
007,"Department of Defense",007-10-1804,"Operation and Maintenance, Navy",2022,"CIO Authority",0
007,"Department of Defense",007-10-1804,"Operation and Maintenance, Navy",2022,"Budget Authority",0
007,"Department of Defense",007-10-1804,"Operation and Maintenance, Navy",2022,"Funding Total",2673.639
007,"Department of Defense",007-10-3400,"Operation and Maintenance, Air Force",2022,"CIO Authority",0
007,"Department of Defense",007-10-3400,"Operation and Maintenance, Air Force",2022,"Budget Authority",0
007,"Department of Defense",007-10-3400,"Operation and Maintenance, Air Force",2022,"Funding Total",2405.303
007,"Department of Defense",007-05-1453,"Military Personnel, Navy",2022,"CIO Authority",0
007,"Department of Defense",007-05-1453,"Military Personnel, Navy",2022,"Budget Authority",0
007,"Department of Defense",007-05-1453,"Military Personnel, Navy",2022,"Funding Total",193.906
007,"Department of Defense",007-10-0130,"Defense Health Program",2022,"CIO Authority",0
007,"Department of Defense",007-10-0130,"Defense Health Program",2022,"Budget Authority",0
007,"Department of Defense",007-10-0130,"Defense Health Program",2022,"Funding Total",2846.14
007,"Department of Defense",007-15-2035,"Other Procurement, Army",2022,"CIO Authority",0
007,"Department of Defense",007-15-2035,"Other Procurement, Army",2022,"Budget Authority",0
007,"Department of Defense",007-15-2035,"Other Procurement, Army",2022,"Funding Total",855.698
007,"Department of Defense",007-20-1319,"Research, Development, Test and Evaluation, Navy",2022,"CIO Authority",0
007,"Department of Defense",007-20-1319,"Research, Development, Test and Evaluation, Navy",2022,"Budget Authority",0
007,"Department of Defense",007-20-1319,"Research, Development, Test and Evaluation, Navy",2022,"Funding Total",545.704
007,"Department of Defense",007-10-0100,"Operation and Maintenance, Defense-wide",2022,"CIO Authority",0
007,"Department of Defense",007-10-0100,"Operation and Maintenance, Defense-wide",2022,"Budget Authority",0
007,"Department of Defense",007-10-0100,"Operation and Maintenance, Defense-wide",2022,"Funding Total",1948.127
007,"Department of Defense",007-05-1007,"Medicare-Eligible Retiree Health Fund Contribution, Air Force",2022,"CIO Authority",0
007,"Department of Defense",007-05-1007,"Medicare-Eligible Retiree Health Fund Contribution, Air Force",2022,"Budget Authority",0
007,"Department of Defense",007-05-1007,"Medicare-Eligible Retiree Health Fund Contribution, Air Force",2022,"Funding Total",3.651
007,"Department of Defense",007-15-1810,"Other Procurement, Navy",2022,"CIO Authority",0
007,"Department of Defense",007-15-1810,"Other Procurement, Navy",2022,"Budget Authority",0
007,"Department of Defense",007-15-1810,"Other Procurement, Navy",2022,"Funding Total",169.129
007,"Department of Defense",007-10-3840,"Operation and Maintenance, Air National Guard",2022,"CIO Authority",0
007,"Department of Defense",007-10-3840,"Operation and Maintenance, Air National Guard",2022,"Budget Authority",0
007,"Department of Defense",007-10-3840,"Operation and Maintenance, Air National Guard",2022,"Funding Total",138.729
007,"Department of Defense",007-05-1009,"Medicare-Eligible Retiree Health Fund Contribution, National Guard Personnel, Air Force",2022,"CIO Authority",0
007,"Department of Defense",007-05-1009,"Medicare-Eligible Retiree Health Fund Contribution, National Guard Personnel, Air Force",2022,"Budget Authority",0
007,"Department of Defense",007-05-1009,"Medicare-Eligible Retiree Health Fund Contribution, National Guard Personnel, Air Force",2022,"Funding Total",5.147
007,"Department of Defense",007-05-3850,"National Guard Personnel, Air Force",2022,"CIO Authority",0
007,"Department of Defense",007-05-3850,"National Guard Personnel, Air Force",2022,"Budget Authority",0
007,"Department of Defense",007-05-3850,"National Guard Personnel, Air Force",2022,"Funding Total",14.156
007,"Department of Defense",007-10-1106,"Operation and Maintenance, Marine Corps",2022,"CIO Authority",0
007,"Department of Defense",007-10-1106,"Operation and Maintenance, Marine Corps",2022,"Budget Authority",0
007,"Department of Defense",007-10-1106,"Operation and Maintenance, Marine Corps",2022,"Funding Total",604.648
007,"Department of Defense",007-15-2032,"Missile Procurement, Army",2022,"CIO Authority",0
007,"Department of Defense",007-15-2032,"Missile Procurement, Army",2022,"Budget Authority",0
007,"Department of Defense",007-15-2032,"Missile Procurement, Army",2022,"Funding Total",0.729
007,"Department of Defense",007-05-3500,"Military Personnel, Air Force",2022,"CIO Authority",0
007,"Department of Defense",007-05-3500,"Military Personnel, Air Force",2022,"Budget Authority",0
007,"Department of Defense",007-05-3500,"Military Personnel, Air Force",2022,"Funding Total",129.318
007,"Department of Defense",007-15-0300,"Procurement, Defense-wide",2022,"CIO Authority",0
007,"Department of Defense",007-15-0300,"Procurement, Defense-wide",2022,"Budget Authority",0
007,"Department of Defense",007-15-0300,"Procurement, Defense-wide",2022,"Funding Total",208.628
007,"Department of Defense",007-55-8164,"Commissary Stores Surcharge Program",2022,"CIO Authority",0
007,"Department of Defense",007-55-8164,"Commissary Stores Surcharge Program",2022,"Budget Authority",0
007,"Department of Defense",007-55-8164,"Commissary Stores Surcharge Program",2022,"Funding Total",63.78
007,"Department of Defense",007-20-0400,"Research, Development, Test and Evaluation, Defense-wide",2022,"CIO Authority",0
007,"Department of Defense",007-20-0400,"Research, Development, Test and Evaluation, Defense-wide",2022,"Budget Authority",0
007,"Department of Defense",007-20-0400,"Research, Development, Test and Evaluation, Defense-wide",2022,"Funding Total",757.616
007,"Department of Defense",007-15-1109,"Procurement, Marine Corps",2022,"CIO Authority",0
007,"Department of Defense",007-15-1109,"Procurement, Marine Corps",2022,"Budget Authority",0
007,"Department of Defense",007-15-1109,"Procurement, Marine Corps",2022,"Funding Total",135.484
007,"Department of Defense",007-20-2040,"Research, Development, Test and Evaluation, Army",2022,"CIO Authority",0
007,"Department of Defense",007-20-2040,"Research, Development, Test and Evaluation, Army",2022,"Budget Authority",0
007,"Department of Defense",007-20-2040,"Research, Development, Test and Evaluation, Army",2022,"Funding Total",760.588
007,"Department of Defense",007-10-1806,"Operation and Maintenance, Navy Reserve",2022,"CIO Authority",0
007,"Department of Defense",007-10-1806,"Operation and Maintenance, Navy Reserve",2022,"Budget Authority",0
007,"Department of Defense",007-10-1806,"Operation and Maintenance, Navy Reserve",2022,"Funding Total",31.764
007,"Department of Defense",007-15-1611,"Shipbuilding and Conversion, Navy",2022,"CIO Authority",0
007,"Department of Defense",007-15-1611,"Shipbuilding and Conversion, Navy",2022,"Budget Authority",0
007,"Department of Defense",007-15-1611,"Shipbuilding and Conversion, Navy",2022,"Funding Total",11.008
007,"Department of Defense",007-10-1107,"Operation and Maintenance, Marine Corps Reserve",2022,"CIO Authority",0
007,"Department of Defense",007-10-1107,"Operation and Maintenance, Marine Corps Reserve",2022,"Budget Authority",0
007,"Department of Defense",007-10-1107,"Operation and Maintenance, Marine Corps Reserve",2022,"Funding Total",18.063
007,"Department of Defense",007-15-3010,"Aircraft Procurement, Air Force",2022,"CIO Authority",0
007,"Department of Defense",007-15-3010,"Aircraft Procurement, Air Force",2022,"Budget Authority",0
007,"Department of Defense",007-15-3010,"Aircraft Procurement, Air Force",2022,"Funding Total",7.814
007,"Department of Defense",007-40-4950,"Pentagon Reservation Maintenance Revolving Fund",2022,"CIO Authority",0
007,"Department of Defense",007-40-4950,"Pentagon Reservation Maintenance Revolving Fund",2022,"Budget Authority",0
007,"Department of Defense",007-40-4950,"Pentagon Reservation Maintenance Revolving Fund",2022,"Funding Total",2.99
007,"Department of Defense",007-15-3020,"Missile Procurement, Air Force",2022,"CIO Authority",0
007,"Department of Defense",007-15-3020,"Missile Procurement, Air Force",2022,"Budget Authority",0
007,"Department of Defense",007-15-3020,"Missile Procurement, Air Force",2022,"Funding Total",27.842
007,"Department of Defense",007-10-3740,"Operation and Maintenance, Air Force Reserve",2022,"CIO Authority",0
007,"Department of Defense",007-10-3740,"Operation and Maintenance, Air Force Reserve",2022,"Budget Authority",0
007,"Department of Defense",007-10-3740,"Operation and Maintenance, Air Force Reserve",2022,"Funding Total",24.104
007,"Department of Defense",007-30-0725,"Family Housing Operation and Maintenance, Army",2022,"CIO Authority",0
007,"Department of Defense",007-30-0725,"Family Housing Operation and Maintenance, Army",2022,"Budget Authority",0
007,"Department of Defense",007-30-0725,"Family Housing Operation and Maintenance, Army",2022,"Funding Total",6.414
007,"Department of Defense",007-10-2080,"Operation and Maintenance, Army Reserve",2022,"CIO Authority",0
007,"Department of Defense",007-10-2080,"Operation and Maintenance, Army Reserve",2022,"Budget Authority",0
007,"Department of Defense",007-10-2080,"Operation and Maintenance, Army Reserve",2022,"Funding Total",196.354
007,"Department of Defense",007-10-2065,"Operation and Maintenance, Army National Guard",2022,"CIO Authority",0
007,"Department of Defense",007-10-2065,"Operation and Maintenance, Army National Guard",2022,"Budget Authority",0
007,"Department of Defense",007-10-2065,"Operation and Maintenance, Army National Guard",2022,"Funding Total",262.83
007,"Department of Defense",007-15-3080,"Other Procurement, Air Force",2022,"CIO Authority",0
007,"Department of Defense",007-15-3080,"Other Procurement, Air Force",2022,"Budget Authority",0
007,"Department of Defense",007-15-3080,"Other Procurement, Air Force",2022,"Funding Total",55.065
007,"Department of Defense",007-40-4932,"Defense Counterintelligence and Security Agency Working Capital Fund",2022,"CIO Authority",0
007,"Department of Defense",007-40-4932,"Defense Counterintelligence and Security Agency Working Capital Fund",2022,"Budget Authority",0
007,"Department of Defense",007-40-4932,"Defense Counterintelligence and Security Agency Working Capital Fund",2022,"Funding Total",106.325
007,"Department of Defense",007-15-2031,"Aircraft Procurement, Army",2022,"CIO Authority",0
007,"Department of Defense",007-15-2031,"Aircraft Procurement, Army",2022,"Budget Authority",0
007,"Department of Defense",007-15-2031,"Aircraft Procurement, Army",2022,"Funding Total",81.504
007,"Department of Defense",007-25-1205,"Military Construction, Navy and Marine Corps",2022,"CIO Authority",0
007,"Department of Defense",007-25-1205,"Military Construction, Navy and Marine Corps",2022,"Budget Authority",0
007,"Department of Defense",007-25-1205,"Military Construction, Navy and Marine Corps",2022,"Funding Total",4.987
007,"Department of Defense",007-20-3620,"Research, Development, Test, and Evaluation, Space Force",2022,"CIO Authority",0
007,"Department of Defense",007-20-3620,"Research, Development, Test, and Evaluation, Space Force",2022,"Budget Authority",0
007,"Department of Defense",007-20-3620,"Research, Development, Test, and Evaluation, Space Force",2022,"Funding Total",70.856
007,"Department of Defense",007-15-3011,"Procurement of Ammunition, Air Force",2022,"CIO Authority",0
007,"Department of Defense",007-15-3011,"Procurement of Ammunition, Air Force",2022,"Budget Authority",0
007,"Department of Defense",007-15-3011,"Procurement of Ammunition, Air Force",2022,"Funding Total",0.686
007,"Department of Defense",007-15-1508,"Procurement of Ammunition, Navy and Marine Corps",2022,"CIO Authority",0
007,"Department of Defense",007-15-1508,"Procurement of Ammunition, Navy and Marine Corps",2022,"Budget Authority",0
007,"Department of Defense",007-15-1508,"Procurement of Ammunition, Navy and Marine Corps",2022,"Funding Total",0.295
007,"Department of Defense",007-15-2034,"Procurement of Ammunition, Army",2022,"CIO Authority",0
007,"Department of Defense",007-15-2034,"Procurement of Ammunition, Army",2022,"Budget Authority",0
007,"Department of Defense",007-15-2034,"Procurement of Ammunition, Army",2022,"Funding Total",4.973
007,"Department of Defense",007-05-2060,"National Guard Personnel, Army",2022,"CIO Authority",0
007,"Department of Defense",007-05-2060,"National Guard Personnel, Army",2022,"Budget Authority",0
007,"Department of Defense",007-05-2060,"National Guard Personnel, Army",2022,"Funding Total",12.333
007,"Department of Defense",007-10-0107,"Office of the Inspector General",2022,"CIO Authority",0
007,"Department of Defense",007-10-0107,"Office of the Inspector General",2022,"Budget Authority",0
007,"Department of Defense",007-10-0107,"Office of the Inspector General",2022,"Funding Total",55.626
007,"Department of Defense",007-15-2033,"Procurement of Weapons and Tracked Combat Vehicles, Army",2022,"CIO Authority",0
007,"Department of Defense",007-15-2033,"Procurement of Weapons and Tracked Combat Vehicles, Army",2022,"Budget Authority",0
007,"Department of Defense",007-15-2033,"Procurement of Weapons and Tracked Combat Vehicles, Army",2022,"Funding Total",0.045
007,"Department of Defense",007-30-0745,"Family Housing Operation and Maintenance, Air Force",2022,"CIO Authority",0
007,"Department of Defense",007-30-0745,"Family Housing Operation and Maintenance, Air Force",2022,"Budget Authority",0
007,"Department of Defense",007-30-0745,"Family Housing Operation and Maintenance, Air Force",2022,"Funding Total",4.531
007,"Department of Defense",007-05-1405,"Reserve Personnel, Navy",2022,"CIO Authority",0
007,"Department of Defense",007-05-1405,"Reserve Personnel, Navy",2022,"Budget Authority",0
007,"Department of Defense",007-05-1405,"Reserve Personnel, Navy",2022,"Funding Total",35.007
007,"Department of Defense",007-25-0512,"Department of Defense Base Closure Account 2005",2022,"CIO Authority",0
007,"Department of Defense",007-25-0512,"Department of Defense Base Closure Account 2005",2022,"Budget Authority",0
007,"Department of Defense",007-25-0512,"Department of Defense Base Closure Account 2005",2022,"Funding Total",1.599
007,"Department of Defense",007-05-2070,"Reserve Personnel, Army",2022,"CIO Authority",0
007,"Department of Defense",007-05-2070,"Reserve Personnel, Army",2022,"Budget Authority",0
007,"Department of Defense",007-05-2070,"Reserve Personnel, Army",2022,"Funding Total",6.915
007,"Department of Defense",007-05-2010,"Military Personnel, Army",2022,"CIO Authority",0
007,"Department of Defense",007-05-2010,"Military Personnel, Army",2022,"Budget Authority",0
007,"Department of Defense",007-05-2010,"Military Personnel, Army",2022,"Funding Total",1309.518
007,"Department of Defense",007-10-3410,"Operation and Maintenance, Space Force",2022,"CIO Authority",0
007,"Department of Defense",007-10-3410,"Operation and Maintenance, Space Force",2022,"Budget Authority",0
007,"Department of Defense",007-10-3410,"Operation and Maintenance, Space Force",2022,"Funding Total",0.554
007,"Department of Defense",007-30-0735,"Family Housing Operation and Maintenance, Navy and Marine Corps",2022,"CIO Authority",0
007,"Department of Defense",007-30-0735,"Family Housing Operation and Maintenance, Navy and Marine Corps",2022,"Budget Authority",0
007,"Department of Defense",007-30-0735,"Family Housing Operation and Maintenance, Navy and Marine Corps",2022,"Funding Total",9.517
007,"Department of Defense",007-25-0516,"Department of Defense Base Closure Account",2022,"CIO Authority",0
007,"Department of Defense",007-25-0516,"Department of Defense Base Closure Account",2022,"Budget Authority",0
007,"Department of Defense",007-25-0516,"Department of Defense Base Closure Account",2022,"Funding Total",1.573
007,"Department of Defense",007-10-0130,"Defense Health Program",2023,"CIO Authority",0
007,"Department of Defense",007-10-0130,"Defense Health Program",2023,"Budget Authority",0
007,"Department of Defense",007-10-0130,"Defense Health Program",2023,"Funding Total",2725.075
007,"Department of Defense",007-10-1106,"Operation and Maintenance, Marine Corps",2023,"CIO Authority",0
007,"Department of Defense",007-10-1106,"Operation and Maintenance, Marine Corps",2023,"Budget Authority",0
007,"Department of Defense",007-10-1106,"Operation and Maintenance, Marine Corps",2023,"Funding Total",592.92
007,"Department of Defense",007-10-3840,"Operation and Maintenance, Air National Guard",2023,"CIO Authority",0
007,"Department of Defense",007-10-3840,"Operation and Maintenance, Air National Guard",2023,"Budget Authority",0
007,"Department of Defense",007-10-3840,"Operation and Maintenance, Air National Guard",2023,"Funding Total",130.776
007,"Department of Defense",007-10-3400,"Operation and Maintenance, Air Force",2023,"CIO Authority",0
007,"Department of Defense",007-10-3400,"Operation and Maintenance, Air Force",2023,"Budget Authority",0
007,"Department of Defense",007-10-3400,"Operation and Maintenance, Air Force",2023,"Funding Total",2623.669
007,"Department of Defense",007-10-2020,"Operation and Maintenance, Army",2023,"CIO Authority",0
007,"Department of Defense",007-10-2020,"Operation and Maintenance, Army",2023,"Budget Authority",0
007,"Department of Defense",007-10-2020,"Operation and Maintenance, Army",2023,"Funding Total",4367.05
007,"Department of Defense",007-40-4930,,2023,"CIO Authority",0
007,"Department of Defense",007-40-4930,,2023,"Budget Authority",0
007,"Department of Defense",007-40-4930,,2023,"Funding Total",3772.577
007,"Department of Defense",007-10-3740,"Operation and Maintenance, Air Force Reserve",2023,"CIO Authority",0
007,"Department of Defense",007-10-3740,"Operation and Maintenance, Air Force Reserve",2023,"Budget Authority",0
007,"Department of Defense",007-10-3740,"Operation and Maintenance, Air Force Reserve",2023,"Funding Total",24.033
007,"Department of Defense",007-05-3500,"Military Personnel, Air Force",2023,"CIO Authority",0
007,"Department of Defense",007-05-3500,"Military Personnel, Air Force",2023,"Budget Authority",0
007,"Department of Defense",007-05-3500,"Military Personnel, Air Force",2023,"Funding Total",138.541
007,"Department of Defense",007-15-2035,"Other Procurement, Army",2023,"CIO Authority",0
007,"Department of Defense",007-15-2035,"Other Procurement, Army",2023,"Budget Authority",0
007,"Department of Defense",007-15-2035,"Other Procurement, Army",2023,"Funding Total",1553.511
007,"Department of Defense",007-20-3600,"Research, Development, Test and Evaluation, Air Force",2023,"CIO Authority",0
007,"Department of Defense",007-20-3600,"Research, Development, Test and Evaluation, Air Force",2023,"Budget Authority",0
007,"Department of Defense",007-20-3600,"Research, Development, Test and Evaluation, Air Force",2023,"Funding Total",748.94
007,"Department of Defense",007-10-1804,"Operation and Maintenance, Navy",2023,"CIO Authority",0
007,"Department of Defense",007-10-1804,"Operation and Maintenance, Navy",2023,"Budget Authority",0
007,"Department of Defense",007-10-1804,"Operation and Maintenance, Navy",2023,"Funding Total",2934.891
007,"Department of Defense",007-10-0100,"Operation and Maintenance, Defense-wide",2023,"CIO Authority",0
007,"Department of Defense",007-10-0100,"Operation and Maintenance, Defense-wide",2023,"Budget Authority",0
007,"Department of Defense",007-10-0100,"Operation and Maintenance, Defense-wide",2023,"Funding Total",2700.627
007,"Department of Defense",007-10-1806,"Operation and Maintenance, Navy Reserve",2023,"CIO Authority",0
007,"Department of Defense",007-10-1806,"Operation and Maintenance, Navy Reserve",2023,"Budget Authority",0
007,"Department of Defense",007-10-1806,"Operation and Maintenance, Navy Reserve",2023,"Funding Total",37.088
007,"Department of Defense",007-20-2040,"Research, Development, Test and Evaluation, Army",2023,"CIO Authority",0
007,"Department of Defense",007-20-2040,"Research, Development, Test and Evaluation, Army",2023,"Budget Authority",0
007,"Department of Defense",007-20-2040,"Research, Development, Test and Evaluation, Army",2023,"Funding Total",993.305
007,"Department of Defense",007-20-1319,"Research, Development, Test and Evaluation, Navy",2023,"CIO Authority",0
007,"Department of Defense",007-20-1319,"Research, Development, Test and Evaluation, Navy",2023,"Budget Authority",0
007,"Department of Defense",007-20-1319,"Research, Development, Test and Evaluation, Navy",2023,"Funding Total",601.776
007,"Department of Defense",007-05-3850,"National Guard Personnel, Air Force",2023,"CIO Authority",0
007,"Department of Defense",007-05-3850,"National Guard Personnel, Air Force",2023,"Budget Authority",0
007,"Department of Defense",007-05-3850,"National Guard Personnel, Air Force",2023,"Funding Total",14.658
007,"Department of Defense",007-20-0400,"Research, Development, Test and Evaluation, Defense-wide",2023,"CIO Authority",0
007,"Department of Defense",007-20-0400,"Research, Development, Test and Evaluation, Defense-wide",2023,"Budget Authority",0
007,"Department of Defense",007-20-0400,"Research, Development, Test and Evaluation, Defense-wide",2023,"Funding Total",863.985
007,"Department of Defense",007-05-1009,"Medicare-Eligible Retiree Health Fund Contribution, National Guard Personnel, Air Force",2023,"CIO Authority",0
007,"Department of Defense",007-05-1009,"Medicare-Eligible Retiree Health Fund Contribution, National Guard Personnel, Air Force",2023,"Budget Authority",0
007,"Department of Defense",007-05-1009,"Medicare-Eligible Retiree Health Fund Contribution, National Guard Personnel, Air Force",2023,"Funding Total",5.354
007,"Department of Defense",007-15-0300,"Procurement, Defense-wide",2023,"CIO Authority",0
007,"Department of Defense",007-15-0300,"Procurement, Defense-wide",2023,"Budget Authority",0
007,"Department of Defense",007-15-0300,"Procurement, Defense-wide",2023,"Funding Total",358.635
007,"Department of Defense",007-15-3080,"Other Procurement, Air Force",2023,"CIO Authority",0
007,"Department of Defense",007-15-3080,"Other Procurement, Air Force",2023,"Budget Authority",0
007,"Department of Defense",007-15-3080,"Other Procurement, Air Force",2023,"Funding Total",93.709
007,"Department of Defense",007-05-1453,"Military Personnel, Navy",2023,"CIO Authority",0
007,"Department of Defense",007-05-1453,"Military Personnel, Navy",2023,"Budget Authority",0
007,"Department of Defense",007-05-1453,"Military Personnel, Navy",2023,"Funding Total",193.854
007,"Department of Defense",007-15-1810,"Other Procurement, Navy",2023,"CIO Authority",0
007,"Department of Defense",007-15-1810,"Other Procurement, Navy",2023,"Budget Authority",0
007,"Department of Defense",007-15-1810,"Other Procurement, Navy",2023,"Funding Total",155.836
007,"Department of Defense",007-10-0105,"Drug Interdiction and Counter-Drug Activities, Defense",2023,"CIO Authority",0
007,"Department of Defense",007-10-0105,"Drug Interdiction and Counter-Drug Activities, Defense",2023,"Budget Authority",0
007,"Department of Defense",007-10-0105,"Drug Interdiction and Counter-Drug Activities, Defense",2023,"Funding Total",0.357
007,"Department of Defense",007-15-3011,"Procurement of Ammunition, Air Force",2023,"CIO Authority",0
007,"Department of Defense",007-15-3011,"Procurement of Ammunition, Air Force",2023,"Budget Authority",0
007,"Department of Defense",007-15-3011,"Procurement of Ammunition, Air Force",2023,"Funding Total",0.84
007,"Department of Defense",007-40-4950,"Pentagon Reservation Maintenance Revolving Fund",2023,"CIO Authority",0
007,"Department of Defense",007-40-4950,"Pentagon Reservation Maintenance Revolving Fund",2023,"Budget Authority",0
007,"Department of Defense",007-40-4950,"Pentagon Reservation Maintenance Revolving Fund",2023,"Funding Total",99.036
007,"Department of Defense",007-15-1109,"Procurement, Marine Corps",2023,"CIO Authority",0
007,"Department of Defense",007-15-1109,"Procurement, Marine Corps",2023,"Budget Authority",0
007,"Department of Defense",007-15-1109,"Procurement, Marine Corps",2023,"Funding Total",166.255
007,"Department of Defense",007-10-3410,"Operation and Maintenance, Space Force",2023,"CIO Authority",0
007,"Department of Defense",007-10-3410,"Operation and Maintenance, Space Force",2023,"Budget Authority",0
007,"Department of Defense",007-10-3410,"Operation and Maintenance, Space Force",2023,"Funding Total",0.556
007,"Department of Defense",007-25-1205,"Military Construction, Navy and Marine Corps",2023,"CIO Authority",0
007,"Department of Defense",007-25-1205,"Military Construction, Navy and Marine Corps",2023,"Budget Authority",0
007,"Department of Defense",007-25-1205,"Military Construction, Navy and Marine Corps",2023,"Funding Total",6.149
007,"Department of Defense",007-10-2065,"Operation and Maintenance, Army National Guard",2023,"CIO Authority",0
007,"Department of Defense",007-10-2065,"Operation and Maintenance, Army National Guard",2023,"Budget Authority",0
007,"Department of Defense",007-10-2065,"Operation and Maintenance, Army National Guard",2023,"Funding Total",588.1
007,"Department of Defense",007-55-8164,"Commissary Stores Surcharge Program",2023,"CIO Authority",0
007,"Department of Defense",007-55-8164,"Commissary Stores Surcharge Program",2023,"Budget Authority",0
007,"Department of Defense",007-55-8164,"Commissary Stores Surcharge Program",2023,"Funding Total",38.7
007,"Department of Defense",007-10-0107,"Office of the Inspector General",2023,"CIO Authority",0
007,"Department of Defense",007-10-0107,"Office of the Inspector General",2023,"Budget Authority",0
007,"Department of Defense",007-10-0107,"Office of the Inspector General",2023,"Funding Total",70.693
007,"Department of Defense",007-30-0745,"Family Housing Operation and Maintenance, Air Force",2023,"CIO Authority",0
007,"Department of Defense",007-30-0745,"Family Housing Operation and Maintenance, Air Force",2023,"Budget Authority",0
007,"Department of Defense",007-30-0745,"Family Housing Operation and Maintenance, Air Force",2023,"Funding Total",3.846
007,"Department of Defense",007-10-2080,"Operation and Maintenance, Army Reserve",2023,"CIO Authority",0
007,"Department of Defense",007-10-2080,"Operation and Maintenance, Army Reserve",2023,"Budget Authority",0
007,"Department of Defense",007-10-2080,"Operation and Maintenance, Army Reserve",2023,"Funding Total",209.839
007,"Department of Defense",007-15-3010,"Aircraft Procurement, Air Force",2023,"CIO Authority",0
007,"Department of Defense",007-15-3010,"Aircraft Procurement, Air Force",2023,"Budget Authority",0
007,"Department of Defense",007-15-3010,"Aircraft Procurement, Air Force",2023,"Funding Total",5.744
007,"Department of Defense",007-40-4932,"Defense Counterintelligence and Security Agency Working Capital Fund",2023,"CIO Authority",0
007,"Department of Defense",007-40-4932,"Defense Counterintelligence and Security Agency Working Capital Fund",2023,"Budget Authority",0
007,"Department of Defense",007-40-4932,"Defense Counterintelligence and Security Agency Working Capital Fund",2023,"Funding Total",129.608
007,"Department of Defense",007-05-2070,"Reserve Personnel, Army",2023,"CIO Authority",0
007,"Department of Defense",007-05-2070,"Reserve Personnel, Army",2023,"Budget Authority",0
007,"Department of Defense",007-05-2070,"Reserve Personnel, Army",2023,"Funding Total",85.661
007,"Department of Defense",007-05-2060,"National Guard Personnel, Army",2023,"CIO Authority",0
007,"Department of Defense",007-05-2060,"National Guard Personnel, Army",2023,"Budget Authority",0
007,"Department of Defense",007-05-2060,"National Guard Personnel, Army",2023,"Funding Total",88.813
007,"Department of Defense",007-15-2034,"Procurement of Ammunition, Army",2023,"CIO Authority",0
007,"Department of Defense",007-15-2034,"Procurement of Ammunition, Army",2023,"Budget Authority",0
007,"Department of Defense",007-15-2034,"Procurement of Ammunition, Army",2023,"Funding Total",10.105
007,"Department of Defense",007-15-2032,"Missile Procurement, Army",2023,"CIO Authority",0
007,"Department of Defense",007-15-2032,"Missile Procurement, Army",2023,"Budget Authority",0
007,"Department of Defense",007-15-2032,"Missile Procurement, Army",2023,"Funding Total",13.012
007,"Department of Defense",007-15-2031,"Aircraft Procurement, Army",2023,"CIO Authority",0
007,"Department of Defense",007-15-2031,"Aircraft Procurement, Army",2023,"Budget Authority",0
007,"Department of Defense",007-15-2031,"Aircraft Procurement, Army",2023,"Funding Total",183.401
007,"Department of Defense",007-10-1107,"Operation and Maintenance, Marine Corps Reserve",2023,"CIO Authority",0
007,"Department of Defense",007-10-1107,"Operation and Maintenance, Marine Corps Reserve",2023,"Budget Authority",0
007,"Department of Defense",007-10-1107,"Operation and Maintenance, Marine Corps Reserve",2023,"Funding Total",5.49
007,"Department of Defense",007-15-3020,"Missile Procurement, Air Force",2023,"CIO Authority",0
007,"Department of Defense",007-15-3020,"Missile Procurement, Air Force",2023,"Budget Authority",0
007,"Department of Defense",007-15-3020,"Missile Procurement, Air Force",2023,"Funding Total",50.641
007,"Department of Defense",007-05-1007,"Medicare-Eligible Retiree Health Fund Contribution, Air Force",2023,"CIO Authority",0
007,"Department of Defense",007-05-1007,"Medicare-Eligible Retiree Health Fund Contribution, Air Force",2023,"Budget Authority",0
007,"Department of Defense",007-05-1007,"Medicare-Eligible Retiree Health Fund Contribution, Air Force",2023,"Funding Total",3.639
007,"Department of Defense",007-20-3620,"Research, Development, Test, and Evaluation, Space Force",2023,"CIO Authority",0
007,"Department of Defense",007-20-3620,"Research, Development, Test, and Evaluation, Space Force",2023,"Budget Authority",0
007,"Department of Defense",007-20-3620,"Research, Development, Test, and Evaluation, Space Force",2023,"Funding Total",44.548
007,"Department of Defense",007-05-1405,"Reserve Personnel, Navy",2023,"CIO Authority",0
007,"Department of Defense",007-05-1405,"Reserve Personnel, Navy",2023,"Budget Authority",0
007,"Department of Defense",007-05-1405,"Reserve Personnel, Navy",2023,"Funding Total",34.918
007,"Department of Defense",007-15-1611,"Shipbuilding and Conversion, Navy",2023,"CIO Authority",0
007,"Department of Defense",007-15-1611,"Shipbuilding and Conversion, Navy",2023,"Budget Authority",0
007,"Department of Defense",007-15-1611,"Shipbuilding and Conversion, Navy",2023,"Funding Total",19.06
007,"Department of Defense",007-15-1508,"Procurement of Ammunition, Navy and Marine Corps",2023,"CIO Authority",0
007,"Department of Defense",007-15-1508,"Procurement of Ammunition, Navy and Marine Corps",2023,"Budget Authority",0
007,"Department of Defense",007-15-1508,"Procurement of Ammunition, Navy and Marine Corps",2023,"Funding Total",0.185
007,"Department of Defense",007-15-2033,"Procurement of Weapons and Tracked Combat Vehicles, Army",2023,"CIO Authority",0
007,"Department of Defense",007-15-2033,"Procurement of Weapons and Tracked Combat Vehicles, Army",2023,"Budget Authority",0
007,"Department of Defense",007-15-2033,"Procurement of Weapons and Tracked Combat Vehicles, Army",2023,"Funding Total",1.445
007,"Department of Defense",007-25-0516,"Department of Defense Base Closure Account",2023,"CIO Authority",0
007,"Department of Defense",007-25-0516,"Department of Defense Base Closure Account",2023,"Budget Authority",0
007,"Department of Defense",007-25-0516,"Department of Defense Base Closure Account",2023,"Funding Total",1.573
007,"Department of Defense",007-40-4931,"Buildings Maintenance Fund",2023,"CIO Authority",0
007,"Department of Defense",007-40-4931,"Buildings Maintenance Fund",2023,"Budget Authority",0
007,"Department of Defense",007-40-4931,"Buildings Maintenance Fund",2023,"Funding Total",7.827
007,"Department of Defense",007-30-0725,"Family Housing Operation and Maintenance, Army",2023,"CIO Authority",0
007,"Department of Defense",007-30-0725,"Family Housing Operation and Maintenance, Army",2023,"Budget Authority",0
007,"Department of Defense",007-30-0725,"Family Housing Operation and Maintenance, Army",2023,"Funding Total",3.188
007,"Department of Defense",007-30-0735,"Family Housing Operation and Maintenance, Navy and Marine Corps",2023,"CIO Authority",0
007,"Department of Defense",007-30-0735,"Family Housing Operation and Maintenance, Navy and Marine Corps",2023,"Budget Authority",0
007,"Department of Defense",007-30-0735,"Family Housing Operation and Maintenance, Navy and Marine Corps",2023,"Funding Total",9.704
007,"Department of Defense",007-25-0512,"Department of Defense Base Closure Account 2005",2023,"CIO Authority",0
007,"Department of Defense",007-25-0512,"Department of Defense Base Closure Account 2005",2023,"Budget Authority",0
007,"Department of Defense",007-25-0512,"Department of Defense Base Closure Account 2005",2023,"Funding Total",1.624
007,"Department of Defense",007-05-2010,"Military Personnel, Army",2023,"CIO Authority",0
007,"Department of Defense",007-05-2010,"Military Personnel, Army",2023,"Budget Authority",0
007,"Department of Defense",007-05-2010,"Military Personnel, Army",2023,"Funding Total",897.852
007,"Department of Defense",007-05-3850,"National Guard Personnel, Air Force",2024,"CIO Authority",0
007,"Department of Defense",007-05-3850,"National Guard Personnel, Air Force",2024,"Budget Authority",0
007,"Department of Defense",007-05-3850,"National Guard Personnel, Air Force",2024,"Funding Total",15.053
007,"Department of Defense",007-10-1804,"Operation and Maintenance, Navy",2024,"CIO Authority",0
007,"Department of Defense",007-10-1804,"Operation and Maintenance, Navy",2024,"Budget Authority",0
007,"Department of Defense",007-10-1804,"Operation and Maintenance, Navy",2024,"Funding Total",3206.576
007,"Department of Defense",007-25-1205,"Military Construction, Navy and Marine Corps",2024,"CIO Authority",0
007,"Department of Defense",007-25-1205,"Military Construction, Navy and Marine Corps",2024,"Budget Authority",0
007,"Department of Defense",007-25-1205,"Military Construction, Navy and Marine Corps",2024,"Funding Total",6.118
007,"Department of Defense",007-10-0100,"Operation and Maintenance, Defense-wide",2024,"CIO Authority",0
007,"Department of Defense",007-10-0100,"Operation and Maintenance, Defense-wide",2024,"Budget Authority",0
007,"Department of Defense",007-10-0100,"Operation and Maintenance, Defense-wide",2024,"Funding Total",3052.097
007,"Department of Defense",007-40-4930,,2024,"CIO Authority",0
007,"Department of Defense",007-40-4930,,2024,"Budget Authority",0
007,"Department of Defense",007-40-4930,,2024,"Funding Total",4302.698
007,"Department of Defense",007-10-3840,"Operation and Maintenance, Air National Guard",2024,"CIO Authority",0
007,"Department of Defense",007-10-3840,"Operation and Maintenance, Air National Guard",2024,"Budget Authority",0
007,"Department of Defense",007-10-3840,"Operation and Maintenance, Air National Guard",2024,"Funding Total",140.403
007,"Department of Defense",007-10-3400,"Operation and Maintenance, Air Force",2024,"CIO Authority",0
007,"Department of Defense",007-10-3400,"Operation and Maintenance, Air Force",2024,"Budget Authority",0
007,"Department of Defense",007-10-3400,"Operation and Maintenance, Air Force",2024,"Funding Total",2941.849
007,"Department of Defense",007-10-2020,"Operation and Maintenance, Army",2024,"CIO Authority",0
007,"Department of Defense",007-10-2020,"Operation and Maintenance, Army",2024,"Budget Authority",0
007,"Department of Defense",007-10-2020,"Operation and Maintenance, Army",2024,"Funding Total",3914.571
007,"Department of Defense",007-10-1106,"Operation and Maintenance, Marine Corps",2024,"CIO Authority",0
007,"Department of Defense",007-10-1106,"Operation and Maintenance, Marine Corps",2024,"Budget Authority",0
007,"Department of Defense",007-10-1106,"Operation and Maintenance, Marine Corps",2024,"Funding Total",643.564
007,"Department of Defense",007-10-0130,"Defense Health Program",2024,"CIO Authority",0
007,"Department of Defense",007-10-0130,"Defense Health Program",2024,"Budget Authority",0
007,"Department of Defense",007-10-0130,"Defense Health Program",2024,"Funding Total",2389.084
007,"Department of Defense",007-20-3600,"Research, Development, Test and Evaluation, Air Force",2024,"CIO Authority",0
007,"Department of Defense",007-20-3600,"Research, Development, Test and Evaluation, Air Force",2024,"Budget Authority",0
007,"Department of Defense",007-20-3600,"Research, Development, Test and Evaluation, Air Force",2024,"Funding Total",772.351
007,"Department of Defense",007-10-2065,"Operation and Maintenance, Army National Guard",2024,"CIO Authority",0
007,"Department of Defense",007-10-2065,"Operation and Maintenance, Army National Guard",2024,"Budget Authority",0
007,"Department of Defense",007-10-2065,"Operation and Maintenance, Army National Guard",2024,"Funding Total",392.825
007,"Department of Defense",007-20-2040,"Research, Development, Test and Evaluation, Army",2024,"CIO Authority",0
007,"Department of Defense",007-20-2040,"Research, Development, Test and Evaluation, Army",2024,"Budget Authority",0
007,"Department of Defense",007-20-2040,"Research, Development, Test and Evaluation, Army",2024,"Funding Total",906.295
007,"Department of Defense",007-20-0400,"Research, Development, Test and Evaluation, Defense-wide",2024,"CIO Authority",0
007,"Department of Defense",007-20-0400,"Research, Development, Test and Evaluation, Defense-wide",2024,"Budget Authority",0
007,"Department of Defense",007-20-0400,"Research, Development, Test and Evaluation, Defense-wide",2024,"Funding Total",1134.886
007,"Department of Defense",007-40-4950,"Pentagon Reservation Maintenance Revolving Fund",2024,"CIO Authority",0
007,"Department of Defense",007-40-4950,"Pentagon Reservation Maintenance Revolving Fund",2024,"Budget Authority",0
007,"Department of Defense",007-40-4950,"Pentagon Reservation Maintenance Revolving Fund",2024,"Funding Total",99.626
007,"Department of Defense",007-20-1319,"Research, Development, Test and Evaluation, Navy",2024,"CIO Authority",0
007,"Department of Defense",007-20-1319,"Research, Development, Test and Evaluation, Navy",2024,"Budget Authority",0
007,"Department of Defense",007-20-1319,"Research, Development, Test and Evaluation, Navy",2024,"Funding Total",568.433
007,"Department of Defense",007-15-2035,"Other Procurement, Army",2024,"CIO Authority",0
007,"Department of Defense",007-15-2035,"Other Procurement, Army",2024,"Budget Authority",0
007,"Department of Defense",007-15-2035,"Other Procurement, Army",2024,"Funding Total",1525.368
007,"Department of Defense",007-05-1453,"Military Personnel, Navy",2024,"CIO Authority",0
007,"Department of Defense",007-05-1453,"Military Personnel, Navy",2024,"Budget Authority",0
007,"Department of Defense",007-05-1453,"Military Personnel, Navy",2024,"Funding Total",198.07
007,"Department of Defense",007-15-1810,"Other Procurement, Navy",2024,"CIO Authority",0
007,"Department of Defense",007-15-1810,"Other Procurement, Navy",2024,"Budget Authority",0
007,"Department of Defense",007-15-1810,"Other Procurement, Navy",2024,"Funding Total",172.824
007,"Department of Defense",007-05-2060,"National Guard Personnel, Army",2024,"CIO Authority",0
007,"Department of Defense",007-05-2060,"National Guard Personnel, Army",2024,"Budget Authority",0
007,"Department of Defense",007-05-2060,"National Guard Personnel, Army",2024,"Funding Total",87.779
007,"Department of Defense",007-05-1009,"Medicare-Eligible Retiree Health Fund Contribution, National Guard Personnel, Air Force",2024,"CIO Authority",0
007,"Department of Defense",007-05-1009,"Medicare-Eligible Retiree Health Fund Contribution, National Guard Personnel, Air Force",2024,"Budget Authority",0
007,"Department of Defense",007-05-1009,"Medicare-Eligible Retiree Health Fund Contribution, National Guard Personnel, Air Force",2024,"Funding Total",5.554
007,"Department of Defense",007-10-2080,"Operation and Maintenance, Army Reserve",2024,"CIO Authority",0
007,"Department of Defense",007-10-2080,"Operation and Maintenance, Army Reserve",2024,"Budget Authority",0
007,"Department of Defense",007-10-2080,"Operation and Maintenance, Army Reserve",2024,"Funding Total",190.23
007,"Department of Defense",007-05-3500,"Military Personnel, Air Force",2024,"CIO Authority",0
007,"Department of Defense",007-05-3500,"Military Personnel, Air Force",2024,"Budget Authority",0
007,"Department of Defense",007-05-3500,"Military Personnel, Air Force",2024,"Funding Total",142.669
007,"Department of Defense",007-10-1806,"Operation and Maintenance, Navy Reserve",2024,"CIO Authority",0
007,"Department of Defense",007-10-1806,"Operation and Maintenance, Navy Reserve",2024,"Budget Authority",0
007,"Department of Defense",007-10-1806,"Operation and Maintenance, Navy Reserve",2024,"Funding Total",40.86
007,"Department of Defense",007-10-0107,"Office of the Inspector General",2024,"CIO Authority",0
007,"Department of Defense",007-10-0107,"Office of the Inspector General",2024,"Budget Authority",0
007,"Department of Defense",007-10-0107,"Office of the Inspector General",2024,"Funding Total",71.772
007,"Department of Defense",007-15-1109,"Procurement, Marine Corps",2024,"CIO Authority",0
007,"Department of Defense",007-15-1109,"Procurement, Marine Corps",2024,"Budget Authority",0
007,"Department of Defense",007-15-1109,"Procurement, Marine Corps",2024,"Funding Total",221.125
007,"Department of Defense",007-40-4932,"Defense Counterintelligence and Security Agency Working Capital Fund",2024,"CIO Authority",0
007,"Department of Defense",007-40-4932,"Defense Counterintelligence and Security Agency Working Capital Fund",2024,"Budget Authority",0
007,"Department of Defense",007-40-4932,"Defense Counterintelligence and Security Agency Working Capital Fund",2024,"Funding Total",141.705
007,"Department of Defense",007-15-2031,"Aircraft Procurement, Army",2024,"CIO Authority",0
007,"Department of Defense",007-15-2031,"Aircraft Procurement, Army",2024,"Budget Authority",0
007,"Department of Defense",007-15-2031,"Aircraft Procurement, Army",2024,"Funding Total",197.935
007,"Department of Defense",007-10-0134,"Cooperative Threat Reduction Account",2024,"CIO Authority",0
007,"Department of Defense",007-10-0134,"Cooperative Threat Reduction Account",2024,"Budget Authority",0
007,"Department of Defense",007-10-0134,"Cooperative Threat Reduction Account",2024,"Funding Total",0.01
007,"Department of Defense",007-10-1107,"Operation and Maintenance, Marine Corps Reserve",2024,"CIO Authority",0
007,"Department of Defense",007-10-1107,"Operation and Maintenance, Marine Corps Reserve",2024,"Budget Authority",0
007,"Department of Defense",007-10-1107,"Operation and Maintenance, Marine Corps Reserve",2024,"Funding Total",5.61
007,"Department of Defense",007-10-0105,"Drug Interdiction and Counter-Drug Activities, Defense",2024,"CIO Authority",0
007,"Department of Defense",007-10-0105,"Drug Interdiction and Counter-Drug Activities, Defense",2024,"Budget Authority",0
007,"Department of Defense",007-10-0105,"Drug Interdiction and Counter-Drug Activities, Defense",2024,"Funding Total",0.357
007,"Department of Defense",007-15-2034,"Procurement of Ammunition, Army",2024,"CIO Authority",0
007,"Department of Defense",007-15-2034,"Procurement of Ammunition, Army",2024,"Budget Authority",0
007,"Department of Defense",007-15-2034,"Procurement of Ammunition, Army",2024,"Funding Total",12.759
007,"Department of Defense",007-15-3020,"Missile Procurement, Air Force",2024,"CIO Authority",0
007,"Department of Defense",007-15-3020,"Missile Procurement, Air Force",2024,"Budget Authority",0
007,"Department of Defense",007-15-3020,"Missile Procurement, Air Force",2024,"Funding Total",44.796
007,"Department of Defense",007-30-0725,"Family Housing Operation and Maintenance, Army",2024,"CIO Authority",0
007,"Department of Defense",007-30-0725,"Family Housing Operation and Maintenance, Army",2024,"Budget Authority",0
007,"Department of Defense",007-30-0725,"Family Housing Operation and Maintenance, Army",2024,"Funding Total",1.829
007,"Department of Defense",007-15-0300,"Procurement, Defense-wide",2024,"CIO Authority",0
007,"Department of Defense",007-15-0300,"Procurement, Defense-wide",2024,"Budget Authority",0
007,"Department of Defense",007-15-0300,"Procurement, Defense-wide",2024,"Funding Total",308.765
007,"Department of Defense",007-30-0735,"Family Housing Operation and Maintenance, Navy and Marine Corps",2024,"CIO Authority",0
007,"Department of Defense",007-30-0735,"Family Housing Operation and Maintenance, Navy and Marine Corps",2024,"Budget Authority",0
007,"Department of Defense",007-30-0735,"Family Housing Operation and Maintenance, Navy and Marine Corps",2024,"Funding Total",9.897
007,"Department of Defense",007-15-2032,"Missile Procurement, Army",2024,"CIO Authority",0
007,"Department of Defense",007-15-2032,"Missile Procurement, Army",2024,"Budget Authority",0
007,"Department of Defense",007-15-2032,"Missile Procurement, Army",2024,"Funding Total",12.383
007,"Department of Defense",007-10-3410,"Operation and Maintenance, Space Force",2024,"CIO Authority",0
007,"Department of Defense",007-10-3410,"Operation and Maintenance, Space Force",2024,"Budget Authority",0
007,"Department of Defense",007-10-3410,"Operation and Maintenance, Space Force",2024,"Funding Total",0.558
007,"Department of Defense",007-15-3080,"Other Procurement, Air Force",2024,"CIO Authority",0
007,"Department of Defense",007-15-3080,"Other Procurement, Air Force",2024,"Budget Authority",0
007,"Department of Defense",007-15-3080,"Other Procurement, Air Force",2024,"Funding Total",78.741
007,"Department of Defense",007-15-1611,"Shipbuilding and Conversion, Navy",2024,"CIO Authority",0
007,"Department of Defense",007-15-1611,"Shipbuilding and Conversion, Navy",2024,"Budget Authority",0
007,"Department of Defense",007-15-1611,"Shipbuilding and Conversion, Navy",2024,"Funding Total",22.427
007,"Department of Defense",007-10-0810,"The Department of Defense Environmental Restoration Accounts",2024,"CIO Authority",0
007,"Department of Defense",007-10-0810,"The Department of Defense Environmental Restoration Accounts",2024,"Budget Authority",0
007,"Department of Defense",007-10-0810,"The Department of Defense Environmental Restoration Accounts",2024,"Funding Total",1.512
007,"Department of Defense",007-55-8164,"Commissary Stores Surcharge Program",2024,"CIO Authority",0
007,"Department of Defense",007-55-8164,"Commissary Stores Surcharge Program",2024,"Budget Authority",0
007,"Department of Defense",007-55-8164,"Commissary Stores Surcharge Program",2024,"Funding Total",51.07
007,"Department of Defense",007-05-1405,"Reserve Personnel, Navy",2024,"CIO Authority",0
007,"Department of Defense",007-05-1405,"Reserve Personnel, Navy",2024,"Budget Authority",0
007,"Department of Defense",007-05-1405,"Reserve Personnel, Navy",2024,"Funding Total",35.667
007,"Department of Defense",007-10-3740,"Operation and Maintenance, Air Force Reserve",2024,"CIO Authority",0
007,"Department of Defense",007-10-3740,"Operation and Maintenance, Air Force Reserve",2024,"Budget Authority",0
007,"Department of Defense",007-10-3740,"Operation and Maintenance, Air Force Reserve",2024,"Funding Total",24.141
007,"Department of Defense",007-15-3010,"Aircraft Procurement, Air Force",2024,"CIO Authority",0
007,"Department of Defense",007-15-3010,"Aircraft Procurement, Air Force",2024,"Budget Authority",0
007,"Department of Defense",007-15-3010,"Aircraft Procurement, Air Force",2024,"Funding Total",4.328
007,"Department of Defense",007-15-2033,"Procurement of Weapons and Tracked Combat Vehicles, Army",2024,"CIO Authority",0
007,"Department of Defense",007-15-2033,"Procurement of Weapons and Tracked Combat Vehicles, Army",2024,"Budget Authority",0
007,"Department of Defense",007-15-2033,"Procurement of Weapons and Tracked Combat Vehicles, Army",2024,"Funding Total",0.047
007,"Department of Defense",007-40-4931,"Buildings Maintenance Fund",2024,"CIO Authority",0
007,"Department of Defense",007-40-4931,"Buildings Maintenance Fund",2024,"Budget Authority",0
007,"Department of Defense",007-40-4931,"Buildings Maintenance Fund",2024,"Funding Total",7.566
007,"Department of Defense",007-25-0516,"Department of Defense Base Closure Account",2024,"CIO Authority",0
007,"Department of Defense",007-25-0516,"Department of Defense Base Closure Account",2024,"Budget Authority",0
007,"Department of Defense",007-25-0516,"Department of Defense Base Closure Account",2024,"Funding Total",1.573
007,"Department of Defense",007-25-0512,"Department of Defense Base Closure Account 2005",2024,"CIO Authority",0
007,"Department of Defense",007-25-0512,"Department of Defense Base Closure Account 2005",2024,"Budget Authority",0
007,"Department of Defense",007-25-0512,"Department of Defense Base Closure Account 2005",2024,"Funding Total",1.649
007,"Department of Defense",007-15-1508,"Procurement of Ammunition, Navy and Marine Corps",2024,"CIO Authority",0
007,"Department of Defense",007-15-1508,"Procurement of Ammunition, Navy and Marine Corps",2024,"Budget Authority",0
007,"Department of Defense",007-15-1508,"Procurement of Ammunition, Navy and Marine Corps",2024,"Funding Total",0.315
007,"Department of Defense",007-05-2070,"Reserve Personnel, Army",2024,"CIO Authority",0
007,"Department of Defense",007-05-2070,"Reserve Personnel, Army",2024,"Budget Authority",0
007,"Department of Defense",007-05-2070,"Reserve Personnel, Army",2024,"Funding Total",87.234
007,"Department of Defense",007-30-0745,"Family Housing Operation and Maintenance, Air Force",2024,"CIO Authority",0
007,"Department of Defense",007-30-0745,"Family Housing Operation and Maintenance, Air Force",2024,"Budget Authority",0
007,"Department of Defense",007-30-0745,"Family Housing Operation and Maintenance, Air Force",2024,"Funding Total",4.718
007,"Department of Defense",007-05-2010,"Military Personnel, Army",2024,"CIO Authority",0
007,"Department of Defense",007-05-2010,"Military Personnel, Army",2024,"Budget Authority",0
007,"Department of Defense",007-05-2010,"Military Personnel, Army",2024,"Funding Total",893.022
007,"Department of Defense",007-05-1007,"Medicare-Eligible Retiree Health Fund Contribution, Air Force",2024,"CIO Authority",0
007,"Department of Defense",007-05-1007,"Medicare-Eligible Retiree Health Fund Contribution, Air Force",2024,"Budget Authority",0
007,"Department of Defense",007-05-1007,"Medicare-Eligible Retiree Health Fund Contribution, Air Force",2024,"Funding Total",3.955
007,"Department of Defense",007-15-3011,"Procurement of Ammunition, Air Force",2024,"CIO Authority",0
007,"Department of Defense",007-15-3011,"Procurement of Ammunition, Air Force",2024,"Budget Authority",0
007,"Department of Defense",007-15-3011,"Procurement of Ammunition, Air Force",2024,"Funding Total",0.487
007,"Department of Defense",007-20-3620,"Research, Development, Test, and Evaluation, Space Force",2024,"CIO Authority",0
007,"Department of Defense",007-20-3620,"Research, Development, Test, and Evaluation, Space Force",2024,"Budget Authority",0
007,"Department of Defense",007-20-3620,"Research, Development, Test, and Evaluation, Space Force",2024,"Funding Total",30.057
007,"Department of Defense",007-10-0100,"Operation and Maintenance, Defense-wide",2025,"CIO Authority",0
007,"Department of Defense",007-10-0100,"Operation and Maintenance, Defense-wide",2025,"Budget Authority",0
007,"Department of Defense",007-10-0100,"Operation and Maintenance, Defense-wide",2025,"Funding Total",3142.479
007,"Department of Defense",007-10-1804,"Operation and Maintenance, Navy",2025,"CIO Authority",0
007,"Department of Defense",007-10-1804,"Operation and Maintenance, Navy",2025,"Budget Authority",0
007,"Department of Defense",007-10-1804,"Operation and Maintenance, Navy",2025,"Funding Total",3400.088
007,"Department of Defense",007-10-3400,"Operation and Maintenance, Air Force",2025,"CIO Authority",0
007,"Department of Defense",007-10-3400,"Operation and Maintenance, Air Force",2025,"Budget Authority",0
007,"Department of Defense",007-10-3400,"Operation and Maintenance, Air Force",2025,"Funding Total",2660.013
007,"Department of Defense",007-40-4930,,2025,"CIO Authority",0
007,"Department of Defense",007-40-4930,,2025,"Budget Authority",0
007,"Department of Defense",007-40-4930,,2025,"Funding Total",4148.019
007,"Department of Defense",007-05-3850,"National Guard Personnel, Air Force",2025,"CIO Authority",0
007,"Department of Defense",007-05-3850,"National Guard Personnel, Air Force",2025,"Budget Authority",0
007,"Department of Defense",007-05-3850,"National Guard Personnel, Air Force",2025,"Funding Total",15.203
007,"Department of Defense",007-10-2020,"Operation and Maintenance, Army",2025,"CIO Authority",0
007,"Department of Defense",007-10-2020,"Operation and Maintenance, Army",2025,"Budget Authority",0
007,"Department of Defense",007-10-2020,"Operation and Maintenance, Army",2025,"Funding Total",4469.75
007,"Department of Defense",007-05-1009,"Medicare-Eligible Retiree Health Fund Contribution, National Guard Personnel, Air Force",2025,"CIO Authority",0
007,"Department of Defense",007-05-1009,"Medicare-Eligible Retiree Health Fund Contribution, National Guard Personnel, Air Force",2025,"Budget Authority",0
007,"Department of Defense",007-05-1009,"Medicare-Eligible Retiree Health Fund Contribution, National Guard Personnel, Air Force",2025,"Funding Total",5.746
007,"Department of Defense",007-10-3740,"Operation and Maintenance, Air Force Reserve",2025,"CIO Authority",0
007,"Department of Defense",007-10-3740,"Operation and Maintenance, Air Force Reserve",2025,"Budget Authority",0
007,"Department of Defense",007-10-3740,"Operation and Maintenance, Air Force Reserve",2025,"Funding Total",24.38
007,"Department of Defense",007-40-4932,"Defense Counterintelligence and Security Agency Working Capital Fund",2025,"CIO Authority",0
007,"Department of Defense",007-40-4932,"Defense Counterintelligence and Security Agency Working Capital Fund",2025,"Budget Authority",0
007,"Department of Defense",007-40-4932,"Defense Counterintelligence and Security Agency Working Capital Fund",2025,"Funding Total",197.759
007,"Department of Defense",007-20-2040,"Research, Development, Test and Evaluation, Army",2025,"CIO Authority",0
007,"Department of Defense",007-20-2040,"Research, Development, Test and Evaluation, Army",2025,"Budget Authority",0
007,"Department of Defense",007-20-2040,"Research, Development, Test and Evaluation, Army",2025,"Funding Total",959.819
007,"Department of Defense",007-10-1106,"Operation and Maintenance, Marine Corps",2025,"CIO Authority",0
007,"Department of Defense",007-10-1106,"Operation and Maintenance, Marine Corps",2025,"Budget Authority",0
007,"Department of Defense",007-10-1106,"Operation and Maintenance, Marine Corps",2025,"Funding Total",650.87
007,"Department of Defense",007-10-2080,"Operation and Maintenance, Army Reserve",2025,"CIO Authority",0
007,"Department of Defense",007-10-2080,"Operation and Maintenance, Army Reserve",2025,"Budget Authority",0
007,"Department of Defense",007-10-2080,"Operation and Maintenance, Army Reserve",2025,"Funding Total",65.305
007,"Department of Defense",007-20-3600,"Research, Development, Test and Evaluation, Air Force",2025,"CIO Authority",0
007,"Department of Defense",007-20-3600,"Research, Development, Test and Evaluation, Air Force",2025,"Budget Authority",0
007,"Department of Defense",007-20-3600,"Research, Development, Test and Evaluation, Air Force",2025,"Funding Total",617.581
007,"Department of Defense",007-20-0400,"Research, Development, Test and Evaluation, Defense-wide",2025,"CIO Authority",0
007,"Department of Defense",007-20-0400,"Research, Development, Test and Evaluation, Defense-wide",2025,"Budget Authority",0
007,"Department of Defense",007-20-0400,"Research, Development, Test and Evaluation, Defense-wide",2025,"Funding Total",1086.734
007,"Department of Defense",007-10-0130,"Defense Health Program",2025,"CIO Authority",0
007,"Department of Defense",007-10-0130,"Defense Health Program",2025,"Budget Authority",0
007,"Department of Defense",007-10-0130,"Defense Health Program",2025,"Funding Total",2612.368
007,"Department of Defense",007-40-4950,"Pentagon Reservation Maintenance Revolving Fund",2025,"CIO Authority",0
007,"Department of Defense",007-40-4950,"Pentagon Reservation Maintenance Revolving Fund",2025,"Budget Authority",0
007,"Department of Defense",007-40-4950,"Pentagon Reservation Maintenance Revolving Fund",2025,"Funding Total",97.532
007,"Department of Defense",007-15-0300,"Procurement, Defense-wide",2025,"CIO Authority",0
007,"Department of Defense",007-15-0300,"Procurement, Defense-wide",2025,"Budget Authority",0
007,"Department of Defense",007-15-0300,"Procurement, Defense-wide",2025,"Funding Total",314.773
007,"Department of Defense",007-20-1319,"Research, Development, Test and Evaluation, Navy",2025,"CIO Authority",0
007,"Department of Defense",007-20-1319,"Research, Development, Test and Evaluation, Navy",2025,"Budget Authority",0
007,"Department of Defense",007-20-1319,"Research, Development, Test and Evaluation, Navy",2025,"Funding Total",633.474
007,"Department of Defense",007-05-1453,"Military Personnel, Navy",2025,"CIO Authority",0
007,"Department of Defense",007-05-1453,"Military Personnel, Navy",2025,"Budget Authority",0
007,"Department of Defense",007-05-1453,"Military Personnel, Navy",2025,"Funding Total",203.528
007,"Department of Defense",007-10-3840,"Operation and Maintenance, Air National Guard",2025,"CIO Authority",0
007,"Department of Defense",007-10-3840,"Operation and Maintenance, Air National Guard",2025,"Budget Authority",0
007,"Department of Defense",007-10-3840,"Operation and Maintenance, Air National Guard",2025,"Funding Total",140.699
007,"Department of Defense",007-15-2035,"Other Procurement, Army",2025,"CIO Authority",0
007,"Department of Defense",007-15-2035,"Other Procurement, Army",2025,"Budget Authority",0
007,"Department of Defense",007-15-2035,"Other Procurement, Army",2025,"Funding Total",1500.139
007,"Department of Defense",007-10-1806,"Operation and Maintenance, Navy Reserve",2025,"CIO Authority",0
007,"Department of Defense",007-10-1806,"Operation and Maintenance, Navy Reserve",2025,"Budget Authority",0
007,"Department of Defense",007-10-1806,"Operation and Maintenance, Navy Reserve",2025,"Funding Total",39.449
007,"Department of Defense",007-10-0107,"Office of the Inspector General",2025,"CIO Authority",0
007,"Department of Defense",007-10-0107,"Office of the Inspector General",2025,"Budget Authority",0
007,"Department of Defense",007-10-0107,"Office of the Inspector General",2025,"Funding Total",72.119
007,"Department of Defense",007-40-4931,"Buildings Maintenance Fund",2025,"CIO Authority",0
007,"Department of Defense",007-40-4931,"Buildings Maintenance Fund",2025,"Budget Authority",0
007,"Department of Defense",007-40-4931,"Buildings Maintenance Fund",2025,"Funding Total",7.182
007,"Department of Defense",007-10-0134,"Cooperative Threat Reduction Account",2025,"CIO Authority",0
007,"Department of Defense",007-10-0134,"Cooperative Threat Reduction Account",2025,"Budget Authority",0
007,"Department of Defense",007-10-0134,"Cooperative Threat Reduction Account",2025,"Funding Total",0.749
007,"Department of Defense",007-15-1109,"Procurement, Marine Corps",2025,"CIO Authority",0
007,"Department of Defense",007-15-1109,"Procurement, Marine Corps",2025,"Budget Authority",0
007,"Department of Defense",007-15-1109,"Procurement, Marine Corps",2025,"Funding Total",204.908
007,"Department of Defense",007-15-1810,"Other Procurement, Navy",2025,"CIO Authority",0
007,"Department of Defense",007-15-1810,"Other Procurement, Navy",2025,"Budget Authority",0
007,"Department of Defense",007-15-1810,"Other Procurement, Navy",2025,"Funding Total",181.342
007,"Department of Defense",007-05-3500,"Military Personnel, Air Force",2025,"CIO Authority",0
007,"Department of Defense",007-05-3500,"Military Personnel, Air Force",2025,"Budget Authority",0
007,"Department of Defense",007-05-3500,"Military Personnel, Air Force",2025,"Funding Total",84.572
007,"Department of Defense",007-05-1007,"Medicare-Eligible Retiree Health Fund Contribution, Air Force",2025,"CIO Authority",0
007,"Department of Defense",007-05-1007,"Medicare-Eligible Retiree Health Fund Contribution, Air Force",2025,"Budget Authority",0
007,"Department of Defense",007-05-1007,"Medicare-Eligible Retiree Health Fund Contribution, Air Force",2025,"Funding Total",1.405
007,"Department of Defense",007-15-3080,"Other Procurement, Air Force",2025,"CIO Authority",0
007,"Department of Defense",007-15-3080,"Other Procurement, Air Force",2025,"Budget Authority",0
007,"Department of Defense",007-15-3080,"Other Procurement, Air Force",2025,"Funding Total",74.562
007,"Department of Defense",007-15-2032,"Missile Procurement, Army",2025,"CIO Authority",0
007,"Department of Defense",007-15-2032,"Missile Procurement, Army",2025,"Budget Authority",0
007,"Department of Defense",007-15-2032,"Missile Procurement, Army",2025,"Funding Total",12.727
007,"Department of Defense",007-25-0512,"Department of Defense Base Closure Account 2005",2025,"CIO Authority",0
007,"Department of Defense",007-25-0512,"Department of Defense Base Closure Account 2005",2025,"Budget Authority",0
007,"Department of Defense",007-25-0512,"Department of Defense Base Closure Account 2005",2025,"Funding Total",1.682
007,"Department of Defense",007-15-3020,"Missile Procurement, Air Force",2025,"CIO Authority",0
007,"Department of Defense",007-15-3020,"Missile Procurement, Air Force",2025,"Budget Authority",0
007,"Department of Defense",007-15-3020,"Missile Procurement, Air Force",2025,"Funding Total",20.039
007,"Department of Defense",007-15-3010,"Aircraft Procurement, Air Force",2025,"CIO Authority",0
007,"Department of Defense",007-15-3010,"Aircraft Procurement, Air Force",2025,"Budget Authority",0
007,"Department of Defense",007-15-3010,"Aircraft Procurement, Air Force",2025,"Funding Total",3.404
007,"Department of Defense",007-15-2031,"Aircraft Procurement, Army",2025,"CIO Authority",0
007,"Department of Defense",007-15-2031,"Aircraft Procurement, Army",2025,"Budget Authority",0
007,"Department of Defense",007-15-2031,"Aircraft Procurement, Army",2025,"Funding Total",161.307
007,"Department of Defense",007-25-1205,"Military Construction, Navy and Marine Corps",2025,"CIO Authority",0
007,"Department of Defense",007-25-1205,"Military Construction, Navy and Marine Corps",2025,"Budget Authority",0
007,"Department of Defense",007-25-1205,"Military Construction, Navy and Marine Corps",2025,"Funding Total",6.24
007,"Department of Defense",007-15-2033,"Procurement of Weapons and Tracked Combat Vehicles, Army",2025,"CIO Authority",0
007,"Department of Defense",007-15-2033,"Procurement of Weapons and Tracked Combat Vehicles, Army",2025,"Budget Authority",0
007,"Department of Defense",007-15-2033,"Procurement of Weapons and Tracked Combat Vehicles, Army",2025,"Funding Total",52.519
007,"Department of Defense",007-10-2065,"Operation and Maintenance, Army National Guard",2025,"CIO Authority",0
007,"Department of Defense",007-10-2065,"Operation and Maintenance, Army National Guard",2025,"Budget Authority",0
007,"Department of Defense",007-10-2065,"Operation and Maintenance, Army National Guard",2025,"Funding Total",153.144
007,"Department of Defense",007-15-1611,"Shipbuilding and Conversion, Navy",2025,"CIO Authority",0
007,"Department of Defense",007-15-1611,"Shipbuilding and Conversion, Navy",2025,"Budget Authority",0
007,"Department of Defense",007-15-1611,"Shipbuilding and Conversion, Navy",2025,"Funding Total",17.747
007,"Department of Defense",007-55-8164,"Commissary Stores Surcharge Program",2025,"CIO Authority",0
007,"Department of Defense",007-55-8164,"Commissary Stores Surcharge Program",2025,"Budget Authority",0
007,"Department of Defense",007-55-8164,"Commissary Stores Surcharge Program",2025,"Funding Total",47.199
007,"Department of Defense",007-05-2060,"National Guard Personnel, Army",2025,"CIO Authority",0
007,"Department of Defense",007-05-2060,"National Guard Personnel, Army",2025,"Budget Authority",0
007,"Department of Defense",007-05-2060,"National Guard Personnel, Army",2025,"Funding Total",85.933
007,"Department of Defense",007-05-2070,"Reserve Personnel, Army",2025,"CIO Authority",0
007,"Department of Defense",007-05-2070,"Reserve Personnel, Army",2025,"Budget Authority",0
007,"Department of Defense",007-05-2070,"Reserve Personnel, Army",2025,"Funding Total",88.322
007,"Department of Defense",007-10-0810,"The Department of Defense Environmental Restoration Accounts",2025,"CIO Authority",0
007,"Department of Defense",007-10-0810,"The Department of Defense Environmental Restoration Accounts",2025,"Budget Authority",0
007,"Department of Defense",007-10-0810,"The Department of Defense Environmental Restoration Accounts",2025,"Funding Total",1.543
007,"Department of Defense",007-15-3011,"Procurement of Ammunition, Air Force",2025,"CIO Authority",0
007,"Department of Defense",007-15-3011,"Procurement of Ammunition, Air Force",2025,"Budget Authority",0
007,"Department of Defense",007-15-3011,"Procurement of Ammunition, Air Force",2025,"Funding Total",0.531
007,"Department of Defense",007-30-0745,"Family Housing Operation and Maintenance, Air Force",2025,"CIO Authority",0
007,"Department of Defense",007-30-0745,"Family Housing Operation and Maintenance, Air Force",2025,"Budget Authority",0
007,"Department of Defense",007-30-0745,"Family Housing Operation and Maintenance, Air Force",2025,"Funding Total",4.87
007,"Department of Defense",007-15-2034,"Procurement of Ammunition, Army",2025,"CIO Authority",0
007,"Department of Defense",007-15-2034,"Procurement of Ammunition, Army",2025,"Budget Authority",0
007,"Department of Defense",007-15-2034,"Procurement of Ammunition, Army",2025,"Funding Total",4.779
007,"Department of Defense",007-10-1107,"Operation and Maintenance, Marine Corps Reserve",2025,"CIO Authority",0
007,"Department of Defense",007-10-1107,"Operation and Maintenance, Marine Corps Reserve",2025,"Budget Authority",0
007,"Department of Defense",007-10-1107,"Operation and Maintenance, Marine Corps Reserve",2025,"Funding Total",5.719
007,"Department of Defense",007-15-1508,"Procurement of Ammunition, Navy and Marine Corps",2025,"CIO Authority",0
007,"Department of Defense",007-15-1508,"Procurement of Ammunition, Navy and Marine Corps",2025,"Budget Authority",0
007,"Department of Defense",007-15-1508,"Procurement of Ammunition, Navy and Marine Corps",2025,"Funding Total",0.325
007,"Department of Defense",007-10-3410,"Operation and Maintenance, Space Force",2025,"CIO Authority",0
007,"Department of Defense",007-10-3410,"Operation and Maintenance, Space Force",2025,"Budget Authority",0
007,"Department of Defense",007-10-3410,"Operation and Maintenance, Space Force",2025,"Funding Total",0.56
007,"Department of Defense",007-30-0725,"Family Housing Operation and Maintenance, Army",2025,"CIO Authority",0
007,"Department of Defense",007-30-0725,"Family Housing Operation and Maintenance, Army",2025,"Budget Authority",0
007,"Department of Defense",007-30-0725,"Family Housing Operation and Maintenance, Army",2025,"Funding Total",1.764
007,"Department of Defense",007-30-0735,"Family Housing Operation and Maintenance, Navy and Marine Corps",2025,"CIO Authority",0
007,"Department of Defense",007-30-0735,"Family Housing Operation and Maintenance, Navy and Marine Corps",2025,"Budget Authority",0
007,"Department of Defense",007-30-0735,"Family Housing Operation and Maintenance, Navy and Marine Corps",2025,"Funding Total",10.094
007,"Department of Defense",007-05-1405,"Reserve Personnel, Navy",2025,"CIO Authority",0
007,"Department of Defense",007-05-1405,"Reserve Personnel, Navy",2025,"Budget Authority",0
007,"Department of Defense",007-05-1405,"Reserve Personnel, Navy",2025,"Funding Total",36.378
007,"Department of Defense",007-10-0105,"Drug Interdiction and Counter-Drug Activities, Defense",2025,"CIO Authority",0
007,"Department of Defense",007-10-0105,"Drug Interdiction and Counter-Drug Activities, Defense",2025,"Budget Authority",0
007,"Department of Defense",007-10-0105,"Drug Interdiction and Counter-Drug Activities, Defense",2025,"Funding Total",0.357
007,"Department of Defense",007-25-0516,"Department of Defense Base Closure Account",2025,"CIO Authority",0
007,"Department of Defense",007-25-0516,"Department of Defense Base Closure Account",2025,"Budget Authority",0
007,"Department of Defense",007-25-0516,"Department of Defense Base Closure Account",2025,"Funding Total",1.573
007,"Department of Defense",007-05-2010,"Military Personnel, Army",2025,"CIO Authority",0
007,"Department of Defense",007-05-2010,"Military Personnel, Army",2025,"Budget Authority",0
007,"Department of Defense",007-05-2010,"Military Personnel, Army",2025,"Funding Total",894.132
007,"Department of Defense",007-20-3620,"Research, Development, Test, and Evaluation, Space Force",2025,"CIO Authority",0
007,"Department of Defense",007-20-3620,"Research, Development, Test, and Evaluation, Space Force",2025,"Budget Authority",0
007,"Department of Defense",007-20-3620,"Research, Development, Test, and Evaluation, Space Force",2025,"Funding Total",30.057
021,"Department of Transportation",021-15-8083,"Federal-aid Highways",2022,"CIO Authority",0
021,"Department of Transportation",021-15-8083,"Federal-aid Highways",2022,"Budget Authority",0
021,"Department of Transportation",021-15-8083,"Federal-aid Highways",2022,"Funding Total",164.158423
021,"Department of Transportation",021-36-1129,"Formula Grants",2022,"CIO Authority",0
021,"Department of Transportation",021-36-1129,"Formula Grants",2022,"Budget Authority",0
021,"Department of Transportation",021-36-1129,"Formula Grants",2022,"Funding Total",14.018469
021,"Department of Transportation",021-12-8107,"Facilities and Equipment (Airport and Airway Trust Fund)",2022,"CIO Authority",0
021,"Department of Transportation",021-12-8107,"Facilities and Equipment (Airport and Airway Trust Fund)",2022,"Budget Authority",0
021,"Department of Transportation",021-12-8107,"Facilities and Equipment (Airport and Airway Trust Fund)",2022,"Funding Total",1496.978585
021,"Department of Transportation",021-12-1301,Operations,2022,"CIO Authority",0
021,"Department of Transportation",021-12-1301,Operations,2022,"Budget Authority",0
021,"Department of Transportation",021-12-1301,Operations,2022,"Funding Total",1320.121579
021,"Department of Transportation",021-04-4522,"Working Capital Fund, Volpe National Transportation Systems Center",2022,"CIO Authority",0
021,"Department of Transportation",021-04-4522,"Working Capital Fund, Volpe National Transportation Systems Center",2022,"Budget Authority",0
021,"Department of Transportation",021-04-4522,"Working Capital Fund, Volpe National Transportation Systems Center",2022,"Funding Total",10.21571
021,"Department of Transportation",021-04-0102,"Salaries and Expenses",2022,"CIO Authority",0
021,"Department of Transportation",021-04-0102,"Salaries and Expenses",2022,"Budget Authority",0
021,"Department of Transportation",021-04-0102,"Salaries and Expenses",2022,"Funding Total",55.73185
021,"Department of Transportation",021-17-8159,"Motor Carrier Safety Operations and Programs",2022,"CIO Authority",0
021,"Department of Transportation",021-17-8159,"Motor Carrier Safety Operations and Programs",2022,"Budget Authority",0
021,"Department of Transportation",021-17-8159,"Motor Carrier Safety Operations and Programs",2022,"Funding Total",105.042955
021,"Department of Transportation",021-40-4089,"Great Lakes St. Lawrence Seaway Development Corporation",2022,"CIO Authority",0
021,"Department of Transportation",021-40-4089,"Great Lakes St. Lawrence Seaway Development Corporation",2022,"Budget Authority",0
021,"Department of Transportation",021-40-4089,"Great Lakes St. Lawrence Seaway Development Corporation",2022,"Funding Total",3.281348
021,"Department of Transportation",027-00-0100,"Salaries and Expenses",2022,"CIO Authority",0
021,"Department of Transportation",027-00-0100,"Salaries and Expenses",2022,"Budget Authority",0
021,"Department of Transportation",027-00-0100,"Salaries and Expenses",2022,"Funding Total",7.210442
021,"Department of Transportation",021-70-1750,"Operations and Training",2022,"CIO Authority",0
021,"Department of Transportation",021-70-1750,"Operations and Training",2022,"Budget Authority",0
021,"Department of Transportation",021-70-1750,"Operations and Training",2022,"Funding Total",50.706137
021,"Department of Transportation",014-05-4519,"Working Capital Fund",2022,"CIO Authority",0
021,"Department of Transportation",014-05-4519,"Working Capital Fund",2022,"Budget Authority",0
021,"Department of Transportation",014-05-4519,"Working Capital Fund",2022,"Funding Total",0.364005
021,"Department of Transportation",474-00-0300,"Office of Museum and Library Services: Grants and Administration",2022,"CIO Authority",0
021,"Department of Transportation",474-00-0300,"Office of Museum and Library Services: Grants and Administration",2022,"Budget Authority",0
021,"Department of Transportation",474-00-0300,"Office of Museum and Library Services: Grants and Administration",2022,"Funding Total",0.132332
021,"Department of Transportation",021-12-8106,"Grants-in-aid for Airports (Airport and Airway Trust Fund)",2022,"CIO Authority",0
021,"Department of Transportation",021-12-8106,"Grants-in-aid for Airports (Airport and Airway Trust Fund)",2022,"Budget Authority",0
021,"Department of Transportation",021-12-8106,"Grants-in-aid for Airports (Airport and Airway Trust Fund)",2022,"Funding Total",13.380349
021,"Department of Transportation",021-18-8016,"Operations and Research (Highway Trust Fund)",2022,"CIO Authority",0
021,"Department of Transportation",021-18-8016,"Operations and Research (Highway Trust Fund)",2022,"Budget Authority",0
021,"Department of Transportation",021-18-8016,"Operations and Research (Highway Trust Fund)",2022,"Funding Total",84.836684
021,"Department of Transportation",429-00-0200,"Salaries and Expenses",2022,"CIO Authority",0
021,"Department of Transportation",429-00-0200,"Salaries and Expenses",2022,"Budget Authority",0
021,"Department of Transportation",429-00-0200,"Salaries and Expenses",2022,"Funding Total",0
021,"Department of Transportation",449-00-0100,"Salaries and Expenses",2022,"CIO Authority",0
021,"Department of Transportation",449-00-0100,"Salaries and Expenses",2022,"Budget Authority",0
021,"Department of Transportation",449-00-0100,"Salaries and Expenses",2022,"Funding Total",4.34831
021,"Department of Transportation",021-36-1120,"Administrative expenses",2022,"CIO Authority",0
021,"Department of Transportation",021-36-1120,"Administrative expenses",2022,"Budget Authority",0
021,"Department of Transportation",021-36-1120,"Administrative expenses",2022,"Funding Total",37.132685
021,"Department of Transportation",021-50-1400,"Operational Expenses",2022,"CIO Authority",0
021,"Department of Transportation",021-50-1400,"Operational Expenses",2022,"Budget Authority",0
021,"Department of Transportation",021-50-1400,"Operational Expenses",2022,"Funding Total",24.108014
021,"Department of Transportation",021-04-4520,"Working Capital Fund",2022,"CIO Authority",0
021,"Department of Transportation",021-04-4520,"Working Capital Fund",2022,"Budget Authority",0
021,"Department of Transportation",021-04-4520,"Working Capital Fund",2022,"Funding Total",130.964795
021,"Department of Transportation",021-56-0130,"Salaries and Expenses",2022,"CIO Authority",0
021,"Department of Transportation",021-56-0130,"Salaries and Expenses",2022,"Budget Authority",0
021,"Department of Transportation",021-56-0130,"Salaries and Expenses",2022,"Funding Total",13.739145
021,"Department of Transportation",021-27-0700,"Safety and Operations",2022,"CIO Authority",0
021,"Department of Transportation",021-27-0700,"Safety and Operations",2022,"Budget Authority",0
021,"Department of Transportation",021-27-0700,"Safety and Operations",2022,"Funding Total",27.761724
021,"Department of Transportation",006-48-1450,"Operations, Research, and Facilities",2022,"CIO Authority",0
021,"Department of Transportation",006-48-1450,"Operations, Research, and Facilities",2022,"Budget Authority",0
021,"Department of Transportation",006-48-1450,"Operations, Research, and Facilities",2022,"Funding Total",2.6242
021,"Department of Transportation",021-50-5172,"Pipeline safety",2022,"CIO Authority",0
021,"Department of Transportation",021-50-5172,"Pipeline safety",2022,"Budget Authority",0
021,"Department of Transportation",021-50-5172,"Pipeline safety",2022,"Funding Total",15.718134
021,"Department of Transportation",005-04-9914,"Executive Operations",2022,"CIO Authority",0
021,"Department of Transportation",005-04-9914,"Executive Operations",2022,"Budget Authority",0
021,"Department of Transportation",005-04-9914,"Executive Operations",2022,"Funding Total",12.402021
021,"Department of Transportation",021-12-4562,"Administrative Services Franchise Fund",2022,"CIO Authority",0
021,"Department of Transportation",021-12-4562,"Administrative Services Franchise Fund",2022,"Budget Authority",0
021,"Department of Transportation",021-12-4562,"Administrative Services Franchise Fund",2022,"Funding Total",74.641708
021,"Department of Transportation",021-36-1125,"Job Access and Reverse Commute Grants",2022,"CIO Authority",0
021,"Department of Transportation",021-36-1125,"Job Access and Reverse Commute Grants",2022,"Budget Authority",0
021,"Department of Transportation",021-36-1125,"Job Access and Reverse Commute Grants",2022,"Funding Total",0.6141
021,"Department of Transportation",339-00-1400,"Commodity Futures Trading Commission",2022,"CIO Authority",0
021,"Department of Transportation",339-00-1400,"Commodity Futures Trading Commission",2022,"Budget Authority",0
021,"Department of Transportation",339-00-1400,"Commodity Futures Trading Commission",2022,"Funding Total",1.06098
021,"Department of Transportation",417-00-0100,"Grants and Administration",2022,"CIO Authority",0
021,"Department of Transportation",417-00-0100,"Grants and Administration",2022,"Budget Authority",0
021,"Department of Transportation",417-00-0100,"Grants and Administration",2022,"Funding Total",0.461952
021,"Department of Transportation",343-00-0100,"Salaries and Expenses",2022,"CIO Authority",0
021,"Department of Transportation",343-00-0100,"Salaries and Expenses",2022,"Budget Authority",0
021,"Department of Transportation",343-00-0100,"Salaries and Expenses",2022,"Funding Total",0.019648
021,"Department of Transportation",021-04-1730,"Research and Technology",2022,"CIO Authority",0
021,"Department of Transportation",021-04-1730,"Research and Technology",2022,"Budget Authority",0
021,"Department of Transportation",021-04-1730,"Research and Technology",2022,"Funding Total",0.434014
021,"Department of Transportation",021-36-8350,"Transit Formula Grants",2022,"CIO Authority",0
021,"Department of Transportation",021-36-8350,"Transit Formula Grants",2022,"Budget Authority",0
021,"Department of Transportation",021-36-8350,"Transit Formula Grants",2022,"Funding Total",2.599489
021,"Department of Transportation",021-27-0719,"Capital Assistance for High Speed Rail Corridors and Intercity Passenger Rail Service",2022,"CIO Authority",0
021,"Department of Transportation",021-27-0719,"Capital Assistance for High Speed Rail Corridors and Intercity Passenger Rail Service",2022,"Budget Authority",0
021,"Department of Transportation",021-27-0719,"Capital Assistance for High Speed Rail Corridors and Intercity Passenger Rail Service",2022,"Funding Total",0
021,"Department of Transportation",415-00-4056,"Operating Fund",2022,"CIO Authority",0
021,"Department of Transportation",415-00-4056,"Operating Fund",2022,"Budget Authority",0
021,"Department of Transportation",415-00-4056,"Operating Fund",2022,"Funding Total",1.876453
021,"Department of Transportation",021-04-0116,"Financial Management Capital",2022,"CIO Authority",0
021,"Department of Transportation",021-04-0116,"Financial Management Capital",2022,"Budget Authority",0
021,"Department of Transportation",021-04-0116,"Financial Management Capital",2022,"Funding Total",5
021,"Department of Transportation",021-50-1401,"Hazardous Materials Safety",2022,"CIO Authority",0
021,"Department of Transportation",021-50-1401,"Hazardous Materials Safety",2022,"Budget Authority",0
021,"Department of Transportation",021-50-1401,"Hazardous Materials Safety",2022,"Funding Total",5.813202
021,"Department of Transportation",018-80-0800,"Program Administration",2022,"CIO Authority",0
021,"Department of Transportation",018-80-0800,"Program Administration",2022,"Budget Authority",0
021,"Department of Transportation",018-80-0800,"Program Administration",2022,"Funding Total",0.011
021,"Department of Transportation",021-18-8020,"Highway Traffic Safety Grants",2022,"CIO Authority",0
021,"Department of Transportation",021-18-8020,"Highway Traffic Safety Grants",2022,"Budget Authority",0
021,"Department of Transportation",021-18-8020,"Highway Traffic Safety Grants",2022,"Funding Total",1.836005
021,"Department of Transportation",001-35-0107,"Salaries and Expenses",2022,"CIO Authority",0
021,"Department of Transportation",001-35-0107,"Salaries and Expenses",2022,"Budget Authority",0
021,"Department of Transportation",001-35-0107,"Salaries and Expenses",2022,"Funding Total",0.025618
021,"Department of Transportation",007-10-3400,"Operation and Maintenance, Air Force",2022,"CIO Authority",0
021,"Department of Transportation",007-10-3400,"Operation and Maintenance, Air Force",2022,"Budget Authority",0
021,"Department of Transportation",007-10-3400,"Operation and Maintenance, Air Force",2022,"Funding Total",0.003383
021,"Department of Transportation",021-27-0745,"Railroad Research and Development",2022,"CIO Authority",0
021,"Department of Transportation",021-27-0745,"Railroad Research and Development",2022,"Budget Authority",0
021,"Department of Transportation",021-27-0745,"Railroad Research and Development",2022,"Funding Total",2.6804
021,"Department of Transportation",024-60-0610,"Operations and Support",2022,"CIO Authority",0
021,"Department of Transportation",024-60-0610,"Operations and Support",2022,"Budget Authority",0
021,"Department of Transportation",024-60-0610,"Operations and Support",2022,"Funding Total",0.056957
021,"Department of Transportation",009-90-9912,"General Departmental Management",2022,"CIO Authority",0
021,"Department of Transportation",009-90-9912,"General Departmental Management",2022,"Budget Authority",0
021,"Department of Transportation",009-90-9912,"General Departmental Management",2022,"Funding Total",0.09536
021,"Department of Transportation",184-25-1001,"Trade and Development Agency",2022,"CIO Authority",0
021,"Department of Transportation",184-25-1001,"Trade and Development Agency",2022,"Budget Authority",0
021,"Department of Transportation",184-25-1001,"Trade and Development Agency",2022,"Funding Total",0
021,"Department of Transportation",021-36-1137,"Transit Research",2022,"CIO Authority",0
021,"Department of Transportation",021-36-1137,"Transit Research",2022,"Budget Authority",0
021,"Department of Transportation",021-36-1137,"Transit Research",2022,"Funding Total",0.055586
021,"Department of Transportation",009-25-9915,"National Institutes of Health",2022,"CIO Authority",0
021,"Department of Transportation",009-25-9915,"National Institutes of Health",2022,"Budget Authority",0
021,"Department of Transportation",009-25-9915,"National Institutes of Health",2022,"Funding Total",0
021,"Department of Transportation",020-00-0108,"Environmental Programs and Management",2022,"CIO Authority",0
021,"Department of Transportation",020-00-0108,"Environmental Programs and Management",2022,"Budget Authority",0
021,"Department of Transportation",020-00-0108,"Environmental Programs and Management",2022,"Funding Total",3.136968
021,"Department of Transportation",021-61-0301,"Salaries and Expenses",2022,"CIO Authority",0
021,"Department of Transportation",021-61-0301,"Salaries and Expenses",2022,"Budget Authority",0
021,"Department of Transportation",021-61-0301,"Salaries and Expenses",2022,"Funding Total",0.09239
021,"Department of Transportation",021-12-8108,"Research, Engineering and Development (Airport and Airway Trust Fund)",2022,"CIO Authority",0
021,"Department of Transportation",021-12-8108,"Research, Engineering and Development (Airport and Airway Trust Fund)",2022,"Budget Authority",0
021,"Department of Transportation",021-12-8108,"Research, Engineering and Development (Airport and Airway Trust Fund)",2022,"Funding Total",0.756226
021,"Department of Transportation",021-70-1710,"Ready Reserve Force",2022,"CIO Authority",0
021,"Department of Transportation",021-70-1710,"Ready Reserve Force",2022,"Budget Authority",0
021,"Department of Transportation",021-70-1710,"Ready Reserve Force",2022,"Funding Total",1.8231
021,"Department of Transportation",021-27-0700,"Safety and Operations",2023,"CIO Authority",12.099005
021,"Department of Transportation",021-27-0700,"Safety and Operations",2023,"Budget Authority",12.008828
021,"Department of Transportation",021-27-0700,"Safety and Operations",2023,"Funding Total",26.256836
021,"Department of Transportation",021-40-4089,"Great Lakes St. Lawrence Seaway Development Corporation",2023,"CIO Authority",2.528617
021,"Department of Transportation",021-40-4089,"Great Lakes St. Lawrence Seaway Development Corporation",2023,"Budget Authority",2.528617
021,"Department of Transportation",021-40-4089,"Great Lakes St. Lawrence Seaway Development Corporation",2023,"Funding Total",3.617705
021,"Department of Transportation",021-36-1129,"Formula Grants",2023,"CIO Authority",14.364209
021,"Department of Transportation",021-36-1129,"Formula Grants",2023,"Budget Authority",14.364209
021,"Department of Transportation",021-36-1129,"Formula Grants",2023,"Funding Total",20.418241
021,"Department of Transportation",021-18-8020,"Highway Traffic Safety Grants",2023,"CIO Authority",1.836005
021,"Department of Transportation",021-18-8020,"Highway Traffic Safety Grants",2023,"Budget Authority",1.836005
021,"Department of Transportation",021-18-8020,"Highway Traffic Safety Grants",2023,"Funding Total",2.937194
021,"Department of Transportation",021-12-8107,"Facilities and Equipment (Airport and Airway Trust Fund)",2023,"CIO Authority",1426.385025
021,"Department of Transportation",021-12-8107,"Facilities and Equipment (Airport and Airway Trust Fund)",2023,"Budget Authority",1325.954771
021,"Department of Transportation",021-12-8107,"Facilities and Equipment (Airport and Airway Trust Fund)",2023,"Funding Total",1513.080453
021,"Department of Transportation",021-56-0130,"Salaries and Expenses",2023,"CIO Authority",0
021,"Department of Transportation",021-56-0130,"Salaries and Expenses",2023,"Budget Authority",0
021,"Department of Transportation",021-56-0130,"Salaries and Expenses",2023,"Funding Total",16.654771
021,"Department of Transportation",021-70-1750,"Operations and Training",2023,"CIO Authority",22.996959
021,"Department of Transportation",021-70-1750,"Operations and Training",2023,"Budget Authority",18.275191
021,"Department of Transportation",021-70-1750,"Operations and Training",2023,"Funding Total",77.139064
021,"Department of Transportation",021-12-1301,Operations,2023,"CIO Authority",1658.907892
021,"Department of Transportation",021-12-1301,Operations,2023,"Budget Authority",1386.841508
021,"Department of Transportation",021-12-1301,Operations,2023,"Funding Total",1352.456566
021,"Department of Transportation",021-50-1400,"Operational Expenses",2023,"CIO Authority",12.737547
021,"Department of Transportation",021-50-1400,"Operational Expenses",2023,"Budget Authority",12.737547
021,"Department of Transportation",021-50-1400,"Operational Expenses",2023,"Funding Total",31.762304
021,"Department of Transportation",021-15-8083,"Federal-aid Highways",2023,"CIO Authority",112.345545
021,"Department of Transportation",021-15-8083,"Federal-aid Highways",2023,"Budget Authority",112.138294
021,"Department of Transportation",021-15-8083,"Federal-aid Highways",2023,"Funding Total",175.390808
021,"Department of Transportation",021-18-8016,"Operations and Research (Highway Trust Fund)",2023,"CIO Authority",66.692332
021,"Department of Transportation",021-18-8016,"Operations and Research (Highway Trust Fund)",2023,"Budget Authority",66.692332
021,"Department of Transportation",021-18-8016,"Operations and Research (Highway Trust Fund)",2023,"Funding Total",123.19864
021,"Department of Transportation",021-36-1120,"Administrative expenses",2023,"CIO Authority",23.511063
021,"Department of Transportation",021-36-1120,"Administrative expenses",2023,"Budget Authority",23.479454
021,"Department of Transportation",021-36-1120,"Administrative expenses",2023,"Funding Total",38.913962
021,"Department of Transportation",021-04-4520,"Working Capital Fund",2023,"CIO Authority",106.388102
021,"Department of Transportation",021-04-4520,"Working Capital Fund",2023,"Budget Authority",98.402481
021,"Department of Transportation",021-04-4520,"Working Capital Fund",2023,"Funding Total",58.772602
021,"Department of Transportation",021-12-4562,"Administrative Services Franchise Fund",2023,"CIO Authority",50.356911
021,"Department of Transportation",021-12-4562,"Administrative Services Franchise Fund",2023,"Budget Authority",50.356911
021,"Department of Transportation",021-12-4562,"Administrative Services Franchise Fund",2023,"Funding Total",75.617381
021,"Department of Transportation",021-12-8106,"Grants-in-aid for Airports (Airport and Airway Trust Fund)",2023,"CIO Authority",14.92417
021,"Department of Transportation",021-12-8106,"Grants-in-aid for Airports (Airport and Airway Trust Fund)",2023,"Budget Authority",14.92417
021,"Department of Transportation",021-12-8106,"Grants-in-aid for Airports (Airport and Airway Trust Fund)",2023,"Funding Total",18.617918
021,"Department of Transportation",021-17-8159,"Motor Carrier Safety Operations and Programs",2023,"CIO Authority",7.371733
021,"Department of Transportation",021-17-8159,"Motor Carrier Safety Operations and Programs",2023,"Budget Authority",7.371733
021,"Department of Transportation",021-17-8159,"Motor Carrier Safety Operations and Programs",2023,"Funding Total",119.110355
021,"Department of Transportation",021-04-0159,"Cyber Security Initiatives",2023,"CIO Authority",0
021,"Department of Transportation",021-04-0159,"Cyber Security Initiatives",2023,"Budget Authority",0
021,"Department of Transportation",021-04-0159,"Cyber Security Initiatives",2023,"Funding Total",54.777594
021,"Department of Transportation",021-04-0106,"Supplemental Discretionary Grants for a National Surface Transportation System, Recovery Act",2023,"CIO Authority",0
021,"Department of Transportation",021-04-0106,"Supplemental Discretionary Grants for a National Surface Transportation System, Recovery Act",2023,"Budget Authority",0
021,"Department of Transportation",021-04-0106,"Supplemental Discretionary Grants for a National Surface Transportation System, Recovery Act",2023,"Funding Total",1.658236
021,"Department of Transportation",021-04-1730,"Research and Technology",2023,"CIO Authority",0.173607
021,"Department of Transportation",021-04-1730,"Research and Technology",2023,"Budget Authority",0.173607
021,"Department of Transportation",021-04-1730,"Research and Technology",2023,"Funding Total",17.750132
021,"Department of Transportation",021-50-1401,"Hazardous Materials Safety",2023,"CIO Authority",4.163898
021,"Department of Transportation",021-50-1401,"Hazardous Materials Safety",2023,"Budget Authority",4.163898
021,"Department of Transportation",021-50-1401,"Hazardous Materials Safety",2023,"Funding Total",8.576837
021,"Department of Transportation",021-04-0102,"Salaries and Expenses",2023,"CIO Authority",55.741183
021,"Department of Transportation",021-04-0102,"Salaries and Expenses",2023,"Budget Authority",50.886822
021,"Department of Transportation",021-04-0102,"Salaries and Expenses",2023,"Funding Total",68.818367
021,"Department of Transportation",021-04-4522,"Working Capital Fund, Volpe National Transportation Systems Center",2023,"CIO Authority",8.612449
021,"Department of Transportation",021-04-4522,"Working Capital Fund, Volpe National Transportation Systems Center",2023,"Budget Authority",8.612449
021,"Department of Transportation",021-04-4522,"Working Capital Fund, Volpe National Transportation Systems Center",2023,"Funding Total",38.118329
021,"Department of Transportation",429-00-0200,"Salaries and Expenses",2023,"CIO Authority",0
021,"Department of Transportation",429-00-0200,"Salaries and Expenses",2023,"Budget Authority",0
021,"Department of Transportation",429-00-0200,"Salaries and Expenses",2023,"Funding Total",0
021,"Department of Transportation",417-00-0100,"Grants and Administration",2023,"CIO Authority",0
021,"Department of Transportation",417-00-0100,"Grants and Administration",2023,"Budget Authority",0
021,"Department of Transportation",417-00-0100,"Grants and Administration",2023,"Funding Total",0.457332
021,"Department of Transportation",021-12-8108,"Research, Engineering and Development (Airport and Airway Trust Fund)",2023,"CIO Authority",0.560056
021,"Department of Transportation",021-12-8108,"Research, Engineering and Development (Airport and Airway Trust Fund)",2023,"Budget Authority",0.560056
021,"Department of Transportation",021-12-8108,"Research, Engineering and Development (Airport and Airway Trust Fund)",2023,"Funding Total",0.771351
021,"Department of Transportation",449-00-0100,"Salaries and Expenses",2023,"CIO Authority",0.044966
021,"Department of Transportation",449-00-0100,"Salaries and Expenses",2023,"Budget Authority",0.044966
021,"Department of Transportation",449-00-0100,"Salaries and Expenses",2023,"Funding Total",4.835646
021,"Department of Transportation",021-50-5172,"Pipeline safety",2023,"CIO Authority",16.178951
021,"Department of Transportation",021-50-5172,"Pipeline safety",2023,"Budget Authority",14.428951
021,"Department of Transportation",021-50-5172,"Pipeline safety",2023,"Funding Total",20.69726
021,"Department of Transportation",018-80-0800,"Program Administration",2023,"CIO Authority",0
021,"Department of Transportation",018-80-0800,"Program Administration",2023,"Budget Authority",0
021,"Department of Transportation",018-80-0800,"Program Administration",2023,"Funding Total",0.01122
021,"Department of Transportation",021-36-1125,"Job Access and Reverse Commute Grants",2023,"CIO Authority",0.604713
021,"Department of Transportation",021-36-1125,"Job Access and Reverse Commute Grants",2023,"Budget Authority",0.604713
021,"Department of Transportation",021-36-1125,"Job Access and Reverse Commute Grants",2023,"Funding Total",0.624413
021,"Department of Transportation",005-04-9914,"Executive Operations",2023,"CIO Authority",4.315482
021,"Department of Transportation",005-04-9914,"Executive Operations",2023,"Budget Authority",4.315482
021,"Department of Transportation",005-04-9914,"Executive Operations",2023,"Funding Total",3.586201
021,"Department of Transportation",021-27-0745,"Railroad Research and Development",2023,"CIO Authority",0
021,"Department of Transportation",021-27-0745,"Railroad Research and Development",2023,"Budget Authority",0
021,"Department of Transportation",021-27-0745,"Railroad Research and Development",2023,"Funding Total",1.752519
021,"Department of Transportation",006-48-1450,"Operations, Research, and Facilities",2023,"CIO Authority",0
021,"Department of Transportation",006-48-1450,"Operations, Research, and Facilities",2023,"Budget Authority",0
021,"Department of Transportation",006-48-1450,"Operations, Research, and Facilities",2023,"Funding Total",2.676684
021,"Department of Transportation",001-35-0107,"Salaries and Expenses",2023,"CIO Authority",0
021,"Department of Transportation",001-35-0107,"Salaries and Expenses",2023,"Budget Authority",0
021,"Department of Transportation",001-35-0107,"Salaries and Expenses",2023,"Funding Total",0.02613
021,"Department of Transportation",020-00-0108,"Environmental Programs and Management",2023,"CIO Authority",0
021,"Department of Transportation",020-00-0108,"Environmental Programs and Management",2023,"Budget Authority",0
021,"Department of Transportation",020-00-0108,"Environmental Programs and Management",2023,"Funding Total",3.199707
021,"Department of Transportation",021-36-1137,"Transit Research",2023,"CIO Authority",0
021,"Department of Transportation",021-36-1137,"Transit Research",2023,"Budget Authority",0
021,"Department of Transportation",021-36-1137,"Transit Research",2023,"Funding Total",0.05489
021,"Department of Transportation",343-00-0100,"Salaries and Expenses",2023,"CIO Authority",0
021,"Department of Transportation",343-00-0100,"Salaries and Expenses",2023,"Budget Authority",0
021,"Department of Transportation",343-00-0100,"Salaries and Expenses",2023,"Funding Total",0.020041
021,"Department of Transportation",184-25-1001,"Trade and Development Agency",2023,"CIO Authority",0
021,"Department of Transportation",184-25-1001,"Trade and Development Agency",2023,"Budget Authority",0
021,"Department of Transportation",184-25-1001,"Trade and Development Agency",2023,"Funding Total",0
021,"Department of Transportation",007-10-3400,"Operation and Maintenance, Air Force",2023,"CIO Authority",0
021,"Department of Transportation",007-10-3400,"Operation and Maintenance, Air Force",2023,"Budget Authority",0
021,"Department of Transportation",007-10-3400,"Operation and Maintenance, Air Force",2023,"Funding Total",0.003451
021,"Department of Transportation",021-36-8350,"Transit Formula Grants",2023,"CIO Authority",2.599129
021,"Department of Transportation",021-36-8350,"Transit Formula Grants",2023,"Budget Authority",2.599129
021,"Department of Transportation",021-36-8350,"Transit Formula Grants",2023,"Funding Total",3.433418
021,"Department of Transportation",021-70-1710,"Ready Reserve Force",2023,"CIO Authority",1.887793
021,"Department of Transportation",021-70-1710,"Ready Reserve Force",2023,"Budget Authority",1.877793
021,"Department of Transportation",021-70-1710,"Ready Reserve Force",2023,"Funding Total",1.970245
021,"Department of Transportation",024-60-0610,"Operations and Support",2023,"CIO Authority",0
021,"Department of Transportation",024-60-0610,"Operations and Support",2023,"Budget Authority",0
021,"Department of Transportation",024-60-0610,"Operations and Support",2023,"Funding Total",0.058096
021,"Department of Transportation",339-00-1400,"Commodity Futures Trading Commission",2023,"CIO Authority",0
021,"Department of Transportation",339-00-1400,"Commodity Futures Trading Commission",2023,"Budget Authority",0
021,"Department of Transportation",339-00-1400,"Commodity Futures Trading Commission",2023,"Funding Total",1.069703
021,"Department of Transportation",021-61-0301,"Salaries and Expenses",2023,"CIO Authority",0
021,"Department of Transportation",021-61-0301,"Salaries and Expenses",2023,"Budget Authority",0
021,"Department of Transportation",021-61-0301,"Salaries and Expenses",2023,"Funding Total",0.091467
021,"Department of Transportation",027-00-0100,"Salaries and Expenses",2023,"CIO Authority",0
021,"Department of Transportation",027-00-0100,"Salaries and Expenses",2023,"Budget Authority",0
021,"Department of Transportation",027-00-0100,"Salaries and Expenses",2023,"Funding Total",7.387823
021,"Department of Transportation",021-04-0116,"Financial Management Capital",2023,"CIO Authority",0
021,"Department of Transportation",021-04-0116,"Financial Management Capital",2023,"Budget Authority",0
021,"Department of Transportation",021-04-0116,"Financial Management Capital",2023,"Funding Total",0
021,"Department of Transportation",014-05-4519,"Working Capital Fund",2023,"CIO Authority",0
021,"Department of Transportation",014-05-4519,"Working Capital Fund",2023,"Budget Authority",0
021,"Department of Transportation",014-05-4519,"Working Capital Fund",2023,"Funding Total",0.371285
021,"Department of Transportation",009-25-9915,"National Institutes of Health",2023,"CIO Authority",0
021,"Department of Transportation",009-25-9915,"National Institutes of Health",2023,"Budget Authority",0
021,"Department of Transportation",009-25-9915,"National Institutes of Health",2023,"Funding Total",0
021,"Department of Transportation",009-90-9912,"General Departmental Management",2023,"CIO Authority",0
021,"Department of Transportation",009-90-9912,"General Departmental Management",2023,"Budget Authority",0
021,"Department of Transportation",009-90-9912,"General Departmental Management",2023,"Funding Total",0.097267
021,"Department of Transportation",415-00-4056,"Operating Fund",2023,"CIO Authority",0
021,"Department of Transportation",415-00-4056,"Operating Fund",2023,"Budget Authority",0
021,"Department of Transportation",415-00-4056,"Operating Fund",2023,"Funding Total",1.886843
021,"Department of Transportation",474-00-0300,"Office of Museum and Library Services: Grants and Administration",2023,"CIO Authority",0
021,"Department of Transportation",474-00-0300,"Office of Museum and Library Services: Grants and Administration",2023,"Budget Authority",0
021,"Department of Transportation",474-00-0300,"Office of Museum and Library Services: Grants and Administration",2023,"Funding Total",0.118047
021,"Department of Transportation",021-27-0719,"Capital Assistance for High Speed Rail Corridors and Intercity Passenger Rail Service",2023,"CIO Authority",0
021,"Department of Transportation",021-27-0719,"Capital Assistance for High Speed Rail Corridors and Intercity Passenger Rail Service",2023,"Budget Authority",0
021,"Department of Transportation",021-27-0719,"Capital Assistance for High Speed Rail Corridors and Intercity Passenger Rail Service",2023,"Funding Total",0
021,"Department of Transportation",021-12-8107,"Facilities and Equipment (Airport and Airway Trust Fund)",2024,"CIO Authority",1770.9
021,"Department of Transportation",021-12-8107,"Facilities and Equipment (Airport and Airway Trust Fund)",2024,"Budget Authority",1688.557496
021,"Department of Transportation",021-12-8107,"Facilities and Equipment (Airport and Airway Trust Fund)",2024,"Funding Total",1885.485061
021,"Department of Transportation",021-36-1129,"Formula Grants",2024,"CIO Authority",16.426481
021,"Department of Transportation",021-36-1129,"Formula Grants",2024,"Budget Authority",16.426481
021,"Department of Transportation",021-36-1129,"Formula Grants",2024,"Funding Total",20.204
021,"Department of Transportation",021-12-1301,Operations,2024,"CIO Authority",1561.78
021,"Department of Transportation",021-12-1301,Operations,2024,"Budget Authority",1291.669188
021,"Department of Transportation",021-12-1301,Operations,2024,"Funding Total",1670.743735
021,"Department of Transportation",021-36-1120,"Administrative expenses",2024,"CIO Authority",32.907756
021,"Department of Transportation",021-36-1120,"Administrative expenses",2024,"Budget Authority",32.907756
021,"Department of Transportation",021-36-1120,"Administrative expenses",2024,"Funding Total",48.193432
021,"Department of Transportation",021-15-8083,"Federal-aid Highways",2024,"CIO Authority",111.117094
021,"Department of Transportation",021-15-8083,"Federal-aid Highways",2024,"Budget Authority",111.063094
021,"Department of Transportation",021-15-8083,"Federal-aid Highways",2024,"Funding Total",218.925692
021,"Department of Transportation",021-27-0700,"Safety and Operations",2024,"CIO Authority",6.896397
021,"Department of Transportation",021-27-0700,"Safety and Operations",2024,"Budget Authority",6.896397
021,"Department of Transportation",021-27-0700,"Safety and Operations",2024,"Funding Total",28.875181
021,"Department of Transportation",021-70-1750,"Operations and Training",2024,"CIO Authority",34.923813
021,"Department of Transportation",021-70-1750,"Operations and Training",2024,"Budget Authority",27.434956
021,"Department of Transportation",021-70-1750,"Operations and Training",2024,"Funding Total",81.507677
021,"Department of Transportation",021-17-8159,"Motor Carrier Safety Operations and Programs",2024,"CIO Authority",79.15566
021,"Department of Transportation",021-17-8159,"Motor Carrier Safety Operations and Programs",2024,"Budget Authority",79.15566
021,"Department of Transportation",021-17-8159,"Motor Carrier Safety Operations and Programs",2024,"Funding Total",71.592732
021,"Department of Transportation",021-04-4520,"Working Capital Fund",2024,"CIO Authority",111.253974
021,"Department of Transportation",021-04-4520,"Working Capital Fund",2024,"Budget Authority",108.815109
021,"Department of Transportation",021-04-4520,"Working Capital Fund",2024,"Funding Total",59.30657
021,"Department of Transportation",021-04-0116,"Financial Management Capital",2024,"CIO Authority",0
021,"Department of Transportation",021-04-0116,"Financial Management Capital",2024,"Budget Authority",0
021,"Department of Transportation",021-04-0116,"Financial Management Capital",2024,"Funding Total",0
021,"Department of Transportation",021-50-1400,"Operational Expenses",2024,"CIO Authority",14.415317
021,"Department of Transportation",021-50-1400,"Operational Expenses",2024,"Budget Authority",14.415317
021,"Department of Transportation",021-50-1400,"Operational Expenses",2024,"Funding Total",34.063623
021,"Department of Transportation",021-40-4089,"Great Lakes St. Lawrence Seaway Development Corporation",2024,"CIO Authority",3.727355
021,"Department of Transportation",021-40-4089,"Great Lakes St. Lawrence Seaway Development Corporation",2024,"Budget Authority",3.727355
021,"Department of Transportation",021-40-4089,"Great Lakes St. Lawrence Seaway Development Corporation",2024,"Funding Total",4.093363
021,"Department of Transportation",184-25-1001,"Trade and Development Agency",2024,"CIO Authority",0
021,"Department of Transportation",184-25-1001,"Trade and Development Agency",2024,"Budget Authority",0
021,"Department of Transportation",184-25-1001,"Trade and Development Agency",2024,"Funding Total",0
021,"Department of Transportation",005-04-9914,"Executive Operations",2024,"CIO Authority",12.352
021,"Department of Transportation",005-04-9914,"Executive Operations",2024,"Budget Authority",12.352
021,"Department of Transportation",005-04-9914,"Executive Operations",2024,"Funding Total",14.846926
021,"Department of Transportation",339-00-1400,"Commodity Futures Trading Commission",2024,"CIO Authority",0
021,"Department of Transportation",339-00-1400,"Commodity Futures Trading Commission",2024,"Budget Authority",0
021,"Department of Transportation",339-00-1400,"Commodity Futures Trading Commission",2024,"Funding Total",1.19302
021,"Department of Transportation",021-04-1730,"Research and Technology",2024,"CIO Authority",0.177
021,"Department of Transportation",021-04-1730,"Research and Technology",2024,"Budget Authority",0.177
021,"Department of Transportation",021-04-1730,"Research and Technology",2024,"Funding Total",24.822729
021,"Department of Transportation",021-12-8106,"Grants-in-aid for Airports (Airport and Airway Trust Fund)",2024,"CIO Authority",16.288331
021,"Department of Transportation",021-12-8106,"Grants-in-aid for Airports (Airport and Airway Trust Fund)",2024,"Budget Authority",16.288331
021,"Department of Transportation",021-12-8106,"Grants-in-aid for Airports (Airport and Airway Trust Fund)",2024,"Funding Total",17.678305
021,"Department of Transportation",021-04-4522,"Working Capital Fund, Volpe National Transportation Systems Center",2024,"CIO Authority",8.322719
021,"Department of Transportation",021-04-4522,"Working Capital Fund, Volpe National Transportation Systems Center",2024,"Budget Authority",8.322719
021,"Department of Transportation",021-04-4522,"Working Capital Fund, Volpe National Transportation Systems Center",2024,"Funding Total",37.909532
021,"Department of Transportation",021-50-5172,"Pipeline safety",2024,"CIO Authority",15.537982
021,"Department of Transportation",021-50-5172,"Pipeline safety",2024,"Budget Authority",15.537982
021,"Department of Transportation",021-50-5172,"Pipeline safety",2024,"Funding Total",22.568974
021,"Department of Transportation",021-12-4562,"Administrative Services Franchise Fund",2024,"CIO Authority",40.684631
021,"Department of Transportation",021-12-4562,"Administrative Services Franchise Fund",2024,"Budget Authority",40.684631
021,"Department of Transportation",021-12-4562,"Administrative Services Franchise Fund",2024,"Funding Total",79.042481
021,"Department of Transportation",021-50-1401,"Hazardous Materials Safety",2024,"CIO Authority",6.657187
021,"Department of Transportation",021-50-1401,"Hazardous Materials Safety",2024,"Budget Authority",6.657187
021,"Department of Transportation",021-50-1401,"Hazardous Materials Safety",2024,"Funding Total",5.892824
021,"Department of Transportation",018-80-0800,"Program Administration",2024,"CIO Authority",0
021,"Department of Transportation",018-80-0800,"Program Administration",2024,"Budget Authority",0
021,"Department of Transportation",018-80-0800,"Program Administration",2024,"Funding Total",0.011444
021,"Department of Transportation",021-18-8016,"Operations and Research (Highway Trust Fund)",2024,"CIO Authority",84.894783
021,"Department of Transportation",021-18-8016,"Operations and Research (Highway Trust Fund)",2024,"Budget Authority",84.894783
021,"Department of Transportation",021-18-8016,"Operations and Research (Highway Trust Fund)",2024,"Funding Total",151.466243
021,"Department of Transportation",021-04-0102,"Salaries and Expenses",2024,"CIO Authority",3.959564
021,"Department of Transportation",021-04-0102,"Salaries and Expenses",2024,"Budget Authority",3.859017
021,"Department of Transportation",021-04-0102,"Salaries and Expenses",2024,"Funding Total",94.856057
021,"Department of Transportation",021-56-0130,"Salaries and Expenses",2024,"CIO Authority",7.761166
021,"Department of Transportation",021-56-0130,"Salaries and Expenses",2024,"Budget Authority",7.761166
021,"Department of Transportation",021-56-0130,"Salaries and Expenses",2024,"Funding Total",18.261842
021,"Department of Transportation",021-36-8350,"Transit Formula Grants",2024,"CIO Authority",2.59913
021,"Department of Transportation",021-36-8350,"Transit Formula Grants",2024,"Budget Authority",2.59913
021,"Department of Transportation",021-36-8350,"Transit Formula Grants",2024,"Funding Total",2.694
021,"Department of Transportation",021-70-1710,"Ready Reserve Force",2024,"CIO Authority",1.944127
021,"Department of Transportation",021-70-1710,"Ready Reserve Force",2024,"Budget Authority",1.934127
021,"Department of Transportation",021-70-1710,"Ready Reserve Force",2024,"Funding Total",2.175464
021,"Department of Transportation",021-12-8108,"Research, Engineering and Development (Airport and Airway Trust Fund)",2024,"CIO Authority",0.786778
021,"Department of Transportation",021-12-8108,"Research, Engineering and Development (Airport and Airway Trust Fund)",2024,"Budget Authority",0.786778
021,"Department of Transportation",021-12-8108,"Research, Engineering and Development (Airport and Airway Trust Fund)",2024,"Funding Total",0.786778
021,"Department of Transportation",021-27-0745,"Railroad Research and Development",2024,"CIO Authority",2.139094
021,"Department of Transportation",021-27-0745,"Railroad Research and Development",2024,"Budget Authority",2.139094
021,"Department of Transportation",021-27-0745,"Railroad Research and Development",2024,"Funding Total",2.006094
021,"Department of Transportation",006-48-1450,"Operations, Research, and Facilities",2024,"CIO Authority",0
021,"Department of Transportation",006-48-1450,"Operations, Research, and Facilities",2024,"Budget Authority",0
021,"Department of Transportation",006-48-1450,"Operations, Research, and Facilities",2024,"Funding Total",2.730218
021,"Department of Transportation",343-00-0100,"Salaries and Expenses",2024,"CIO Authority",0
021,"Department of Transportation",343-00-0100,"Salaries and Expenses",2024,"Budget Authority",0
021,"Department of Transportation",343-00-0100,"Salaries and Expenses",2024,"Funding Total",0.020442
021,"Department of Transportation",007-10-3400,"Operation and Maintenance, Air Force",2024,"CIO Authority",0
021,"Department of Transportation",007-10-3400,"Operation and Maintenance, Air Force",2024,"Budget Authority",0
021,"Department of Transportation",007-10-3400,"Operation and Maintenance, Air Force",2024,"Funding Total",0.00352
021,"Department of Transportation",021-04-0106,"Supplemental Discretionary Grants for a National Surface Transportation System, Recovery Act",2024,"CIO Authority",0
021,"Department of Transportation",021-04-0106,"Supplemental Discretionary Grants for a National Surface Transportation System, Recovery Act",2024,"Budget Authority",0
021,"Department of Transportation",021-04-0106,"Supplemental Discretionary Grants for a National Surface Transportation System, Recovery Act",2024,"Funding Total",1.96076
021,"Department of Transportation",021-18-8020,"Highway Traffic Safety Grants",2024,"CIO Authority",4.083433
021,"Department of Transportation",021-18-8020,"Highway Traffic Safety Grants",2024,"Budget Authority",4.083433
021,"Department of Transportation",021-18-8020,"Highway Traffic Safety Grants",2024,"Funding Total",3.636284
021,"Department of Transportation",014-05-4519,"Working Capital Fund",2024,"CIO Authority",0
021,"Department of Transportation",014-05-4519,"Working Capital Fund",2024,"Budget Authority",0
021,"Department of Transportation",014-05-4519,"Working Capital Fund",2024,"Funding Total",0.378711
021,"Department of Transportation",449-00-0100,"Salaries and Expenses",2024,"CIO Authority",0.4394
021,"Department of Transportation",449-00-0100,"Salaries and Expenses",2024,"Budget Authority",0.4394
021,"Department of Transportation",449-00-0100,"Salaries and Expenses",2024,"Funding Total",5.557705
021,"Department of Transportation",417-00-0100,"Grants and Administration",2024,"CIO Authority",0
021,"Department of Transportation",417-00-0100,"Grants and Administration",2024,"Budget Authority",0
021,"Department of Transportation",417-00-0100,"Grants and Administration",2024,"Funding Total",0.48935
021,"Department of Transportation",021-61-0301,"Salaries and Expenses",2024,"CIO Authority",0
021,"Department of Transportation",021-61-0301,"Salaries and Expenses",2024,"Budget Authority",0
021,"Department of Transportation",021-61-0301,"Salaries and Expenses",2024,"Funding Total",0.09787
021,"Department of Transportation",429-00-0200,"Salaries and Expenses",2024,"CIO Authority",0
021,"Department of Transportation",429-00-0200,"Salaries and Expenses",2024,"Budget Authority",0
021,"Department of Transportation",429-00-0200,"Salaries and Expenses",2024,"Funding Total",0
021,"Department of Transportation",024-60-0610,"Operations and Support",2024,"CIO Authority",0
021,"Department of Transportation",024-60-0610,"Operations and Support",2024,"Budget Authority",0
021,"Department of Transportation",024-60-0610,"Operations and Support",2024,"Funding Total",0.059258
021,"Department of Transportation",021-36-1125,"Job Access and Reverse Commute Grants",2024,"CIO Authority",0.65
021,"Department of Transportation",021-36-1125,"Job Access and Reverse Commute Grants",2024,"Budget Authority",0.65
021,"Department of Transportation",021-36-1125,"Job Access and Reverse Commute Grants",2024,"Funding Total",0.9
021,"Department of Transportation",021-04-0159,"Cyber Security Initiatives",2024,"CIO Authority",0
021,"Department of Transportation",021-04-0159,"Cyber Security Initiatives",2024,"Budget Authority",0
021,"Department of Transportation",021-04-0159,"Cyber Security Initiatives",2024,"Funding Total",82.54739
021,"Department of Transportation",415-00-4056,"Operating Fund",2024,"CIO Authority",0
021,"Department of Transportation",415-00-4056,"Operating Fund",2024,"Budget Authority",0
021,"Department of Transportation",415-00-4056,"Operating Fund",2024,"Funding Total",1.99582
021,"Department of Transportation",020-00-0108,"Environmental Programs and Management",2024,"CIO Authority",0
021,"Department of Transportation",020-00-0108,"Environmental Programs and Management",2024,"Budget Authority",0
021,"Department of Transportation",020-00-0108,"Environmental Programs and Management",2024,"Funding Total",3.263702
021,"Department of Transportation",474-00-0300,"Office of Museum and Library Services: Grants and Administration",2024,"CIO Authority",0
021,"Department of Transportation",474-00-0300,"Office of Museum and Library Services: Grants and Administration",2024,"Budget Authority",0
021,"Department of Transportation",474-00-0300,"Office of Museum and Library Services: Grants and Administration",2024,"Funding Total",0.11876
021,"Department of Transportation",009-90-9912,"General Departmental Management",2024,"CIO Authority",0
021,"Department of Transportation",009-90-9912,"General Departmental Management",2024,"Budget Authority",0
021,"Department of Transportation",009-90-9912,"General Departmental Management",2024,"Funding Total",0.099213
021,"Department of Transportation",009-25-9915,"National Institutes of Health",2024,"CIO Authority",0
021,"Department of Transportation",009-25-9915,"National Institutes of Health",2024,"Budget Authority",0
021,"Department of Transportation",009-25-9915,"National Institutes of Health",2024,"Funding Total",0
021,"Department of Transportation",001-35-0107,"Salaries and Expenses",2024,"CIO Authority",0
021,"Department of Transportation",001-35-0107,"Salaries and Expenses",2024,"Budget Authority",0
021,"Department of Transportation",001-35-0107,"Salaries and Expenses",2024,"Funding Total",0.026653
021,"Department of Transportation",021-70-1711,"Maritime Security Program",2024,"CIO Authority",0
021,"Department of Transportation",021-70-1711,"Maritime Security Program",2024,"Budget Authority",0
021,"Department of Transportation",021-70-1711,"Maritime Security Program",2024,"Funding Total",11.9265
021,"Department of Transportation",021-27-0719,"Capital Assistance for High Speed Rail Corridors and Intercity Passenger Rail Service",2024,"CIO Authority",0
021,"Department of Transportation",021-27-0719,"Capital Assistance for High Speed Rail Corridors and Intercity Passenger Rail Service",2024,"Budget Authority",0
021,"Department of Transportation",021-27-0719,"Capital Assistance for High Speed Rail Corridors and Intercity Passenger Rail Service",2024,"Funding Total",0
021,"Department of Transportation",021-36-1137,"Transit Research",2024,"CIO Authority",0
021,"Department of Transportation",021-36-1137,"Transit Research",2024,"Budget Authority",0
021,"Department of Transportation",021-36-1137,"Transit Research",2024,"Funding Total",0.06148
021,"Department of Transportation",027-00-0100,"Salaries and Expenses",2024,"CIO Authority",0
021,"Department of Transportation",027-00-0100,"Salaries and Expenses",2024,"Budget Authority",0
021,"Department of Transportation",027-00-0100,"Salaries and Expenses",2024,"Funding Total",7.320429
021,"Department of Transportation",018-80-0800,"Program Administration",2025,"CIO Authority",0
021,"Department of Transportation",018-80-0800,"Program Administration",2025,"Budget Authority",0
021,"Department of Transportation",018-80-0800,"Program Administration",2025,"Funding Total",0.006648
021,"Department of Transportation",021-12-8107,"Facilities and Equipment (Airport and Airway Trust Fund)",2025,"CIO Authority",1940.03
021,"Department of Transportation",021-12-8107,"Facilities and Equipment (Airport and Airway Trust Fund)",2025,"Budget Authority",1864.542419
021,"Department of Transportation",021-12-8107,"Facilities and Equipment (Airport and Airway Trust Fund)",2025,"Funding Total",1865.075732
021,"Department of Transportation",021-04-0102,"Salaries and Expenses",2025,"CIO Authority",46.247202
021,"Department of Transportation",021-04-0102,"Salaries and Expenses",2025,"Budget Authority",46.247202
021,"Department of Transportation",021-04-0102,"Salaries and Expenses",2025,"Funding Total",97.993281
021,"Department of Transportation",021-04-4520,"Working Capital Fund",2025,"CIO Authority",47.403715
021,"Department of Transportation",021-04-4520,"Working Capital Fund",2025,"Budget Authority",46.347188
021,"Department of Transportation",021-04-4520,"Working Capital Fund",2025,"Funding Total",59.323362
021,"Department of Transportation",021-56-0130,"Salaries and Expenses",2025,"CIO Authority",17.177329
021,"Department of Transportation",021-56-0130,"Salaries and Expenses",2025,"Budget Authority",17.177329
021,"Department of Transportation",021-56-0130,"Salaries and Expenses",2025,"Funding Total",21.38496
021,"Department of Transportation",021-40-4089,"Great Lakes St. Lawrence Seaway Development Corporation",2025,"CIO Authority",3.549976
021,"Department of Transportation",021-40-4089,"Great Lakes St. Lawrence Seaway Development Corporation",2025,"Budget Authority",3.549976
021,"Department of Transportation",021-40-4089,"Great Lakes St. Lawrence Seaway Development Corporation",2025,"Funding Total",4.800925
021,"Department of Transportation",021-50-5172,"Pipeline safety",2025,"CIO Authority",0
021,"Department of Transportation",021-50-5172,"Pipeline safety",2025,"Budget Authority",0
021,"Department of Transportation",021-50-5172,"Pipeline safety",2025,"Funding Total",25.489892
021,"Department of Transportation",009-25-9915,"National Institutes of Health",2025,"CIO Authority",0
021,"Department of Transportation",009-25-9915,"National Institutes of Health",2025,"Budget Authority",0
021,"Department of Transportation",009-25-9915,"National Institutes of Health",2025,"Funding Total",0
021,"Department of Transportation",021-17-8159,"Motor Carrier Safety Operations and Programs",2025,"CIO Authority",0
021,"Department of Transportation",021-17-8159,"Motor Carrier Safety Operations and Programs",2025,"Budget Authority",0
021,"Department of Transportation",021-17-8159,"Motor Carrier Safety Operations and Programs",2025,"Funding Total",80.442796
021,"Department of Transportation",021-12-1301,Operations,2025,"CIO Authority",1607.72
021,"Department of Transportation",021-12-1301,Operations,2025,"Budget Authority",1389.43314
021,"Department of Transportation",021-12-1301,Operations,2025,"Funding Total",1917.499934
021,"Department of Transportation",449-00-0100,"Salaries and Expenses",2025,"CIO Authority",0.6488
021,"Department of Transportation",449-00-0100,"Salaries and Expenses",2025,"Budget Authority",0.6488
021,"Department of Transportation",449-00-0100,"Salaries and Expenses",2025,"Funding Total",4.963576
021,"Department of Transportation",021-70-1750,"Operations and Training",2025,"CIO Authority",38.722876
021,"Department of Transportation",021-70-1750,"Operations and Training",2025,"Budget Authority",38.247479
021,"Department of Transportation",021-70-1750,"Operations and Training",2025,"Funding Total",65.554573
021,"Department of Transportation",021-12-8106,"Grants-in-aid for Airports (Airport and Airway Trust Fund)",2025,"CIO Authority",11.514615
021,"Department of Transportation",021-12-8106,"Grants-in-aid for Airports (Airport and Airway Trust Fund)",2025,"Budget Authority",11.515721
021,"Department of Transportation",021-12-8106,"Grants-in-aid for Airports (Airport and Airway Trust Fund)",2025,"Funding Total",18.325624
021,"Department of Transportation",021-04-1730,"Research and Technology",2025,"CIO Authority",17.56163
021,"Department of Transportation",021-04-1730,"Research and Technology",2025,"Budget Authority",17.56163
021,"Department of Transportation",021-04-1730,"Research and Technology",2025,"Funding Total",28.679525
021,"Department of Transportation",021-70-1710,"Ready Reserve Force",2025,"CIO Authority",2.089624
021,"Department of Transportation",021-70-1710,"Ready Reserve Force",2025,"Budget Authority",2.089624
021,"Department of Transportation",021-70-1710,"Ready Reserve Force",2025,"Funding Total",2.240429
021,"Department of Transportation",021-18-8020,"Highway Traffic Safety Grants",2025,"CIO Authority",5.063973
021,"Department of Transportation",021-18-8020,"Highway Traffic Safety Grants",2025,"Budget Authority",5.063973
021,"Department of Transportation",021-18-8020,"Highway Traffic Safety Grants",2025,"Funding Total",3.646364
021,"Department of Transportation",021-36-8350,"Transit Formula Grants",2025,"CIO Authority",3.199648
021,"Department of Transportation",021-36-8350,"Transit Formula Grants",2025,"Budget Authority",3.199648
021,"Department of Transportation",021-36-8350,"Transit Formula Grants",2025,"Funding Total",2.694
021,"Department of Transportation",021-18-8016,"Operations and Research (Highway Trust Fund)",2025,"CIO Authority",85.824347
021,"Department of Transportation",021-18-8016,"Operations and Research (Highway Trust Fund)",2025,"Budget Authority",85.824347
021,"Department of Transportation",021-18-8016,"Operations and Research (Highway Trust Fund)",2025,"Funding Total",132.123182
021,"Department of Transportation",021-15-8083,"Federal-aid Highways",2025,"CIO Authority",0
021,"Department of Transportation",021-15-8083,"Federal-aid Highways",2025,"Budget Authority",0
021,"Department of Transportation",021-15-8083,"Federal-aid Highways",2025,"Funding Total",217.330091
021,"Department of Transportation",021-27-0745,"Railroad Research and Development",2025,"CIO Authority",0.613094
021,"Department of Transportation",021-27-0745,"Railroad Research and Development",2025,"Budget Authority",0.613094
021,"Department of Transportation",021-27-0745,"Railroad Research and Development",2025,"Funding Total",0.407
021,"Department of Transportation",027-00-0100,"Salaries and Expenses",2025,"CIO Authority",0
021,"Department of Transportation",027-00-0100,"Salaries and Expenses",2025,"Budget Authority",0
021,"Department of Transportation",027-00-0100,"Salaries and Expenses",2025,"Funding Total",4.506454
021,"Department of Transportation",021-27-0700,"Safety and Operations",2025,"CIO Authority",0.9703
021,"Department of Transportation",021-27-0700,"Safety and Operations",2025,"Budget Authority",0.9703
021,"Department of Transportation",021-27-0700,"Safety and Operations",2025,"Funding Total",32.941729
021,"Department of Transportation",021-36-1129,"Formula Grants",2025,"CIO Authority",22.49297
021,"Department of Transportation",021-36-1129,"Formula Grants",2025,"Budget Authority",22.49297
021,"Department of Transportation",021-36-1129,"Formula Grants",2025,"Funding Total",21.242
021,"Department of Transportation",021-36-1120,"Administrative expenses",2025,"CIO Authority",26.578368
021,"Department of Transportation",021-36-1120,"Administrative expenses",2025,"Budget Authority",26.578368
021,"Department of Transportation",021-36-1120,"Administrative expenses",2025,"Funding Total",51.473888
021,"Department of Transportation",021-50-1401,"Hazardous Materials Safety",2025,"CIO Authority",0
021,"Department of Transportation",021-50-1401,"Hazardous Materials Safety",2025,"Budget Authority",0
021,"Department of Transportation",021-50-1401,"Hazardous Materials Safety",2025,"Funding Total",7.589356
021,"Department of Transportation",021-12-4562,"Administrative Services Franchise Fund",2025,"CIO Authority",41.568366
021,"Department of Transportation",021-12-4562,"Administrative Services Franchise Fund",2025,"Budget Authority",41.641889
021,"Department of Transportation",021-12-4562,"Administrative Services Franchise Fund",2025,"Funding Total",80.456236
021,"Department of Transportation",021-27-0719,"Capital Assistance for High Speed Rail Corridors and Intercity Passenger Rail Service",2025,"CIO Authority",0
021,"Department of Transportation",021-27-0719,"Capital Assistance for High Speed Rail Corridors and Intercity Passenger Rail Service",2025,"Budget Authority",0
021,"Department of Transportation",021-27-0719,"Capital Assistance for High Speed Rail Corridors and Intercity Passenger Rail Service",2025,"Funding Total",0
021,"Department of Transportation",021-04-0106,"Supplemental Discretionary Grants for a National Surface Transportation System, Recovery Act",2025,"CIO Authority",0
021,"Department of Transportation",021-04-0106,"Supplemental Discretionary Grants for a National Surface Transportation System, Recovery Act",2025,"Budget Authority",0
021,"Department of Transportation",021-04-0106,"Supplemental Discretionary Grants for a National Surface Transportation System, Recovery Act",2025,"Funding Total",1.99724
021,"Department of Transportation",005-04-9914,"Executive Operations",2025,"CIO Authority",5.267
021,"Department of Transportation",005-04-9914,"Executive Operations",2025,"Budget Authority",5.267
021,"Department of Transportation",005-04-9914,"Executive Operations",2025,"Funding Total",17.427639
021,"Department of Transportation",021-50-1400,"Operational Expenses",2025,"CIO Authority",0
021,"Department of Transportation",021-50-1400,"Operational Expenses",2025,"Budget Authority",0
021,"Department of Transportation",021-50-1400,"Operational Expenses",2025,"Funding Total",33.463206
021,"Department of Transportation",014-05-4519,"Working Capital Fund",2025,"CIO Authority",0
021,"Department of Transportation",014-05-4519,"Working Capital Fund",2025,"Budget Authority",0
021,"Department of Transportation",014-05-4519,"Working Capital Fund",2025,"Funding Total",1.065513
021,"Department of Transportation",007-10-3400,"Operation and Maintenance, Air Force",2025,"CIO Authority",0
021,"Department of Transportation",007-10-3400,"Operation and Maintenance, Air Force",2025,"Budget Authority",0
021,"Department of Transportation",007-10-3400,"Operation and Maintenance, Air Force",2025,"Funding Total",0
021,"Department of Transportation",001-35-0107,"Salaries and Expenses",2025,"CIO Authority",0
021,"Department of Transportation",001-35-0107,"Salaries and Expenses",2025,"Budget Authority",0
021,"Department of Transportation",001-35-0107,"Salaries and Expenses",2025,"Funding Total",0
021,"Department of Transportation",343-00-0100,"Salaries and Expenses",2025,"CIO Authority",0
021,"Department of Transportation",343-00-0100,"Salaries and Expenses",2025,"Budget Authority",0
021,"Department of Transportation",343-00-0100,"Salaries and Expenses",2025,"Funding Total",0
021,"Department of Transportation",417-00-0100,"Grants and Administration",2025,"CIO Authority",0
021,"Department of Transportation",417-00-0100,"Grants and Administration",2025,"Budget Authority",0
021,"Department of Transportation",417-00-0100,"Grants and Administration",2025,"Funding Total",0.5248
021,"Department of Transportation",021-04-4522,"Working Capital Fund, Volpe National Transportation Systems Center",2025,"CIO Authority",17.573932
021,"Department of Transportation",021-04-4522,"Working Capital Fund, Volpe National Transportation Systems Center",2025,"Budget Authority",17.573932
021,"Department of Transportation",021-04-4522,"Working Capital Fund, Volpe National Transportation Systems Center",2025,"Funding Total",34.01885
021,"Department of Transportation",021-12-8108,"Research, Engineering and Development (Airport and Airway Trust Fund)",2025,"CIO Authority",0.778319
021,"Department of Transportation",021-12-8108,"Research, Engineering and Development (Airport and Airway Trust Fund)",2025,"Budget Authority",0.786778
021,"Department of Transportation",021-12-8108,"Research, Engineering and Development (Airport and Airway Trust Fund)",2025,"Funding Total",0.778319
021,"Department of Transportation",021-04-0159,"Cyber Security Initiatives",2025,"CIO Authority",76.018775
021,"Department of Transportation",021-04-0159,"Cyber Security Initiatives",2025,"Budget Authority",76.018775
021,"Department of Transportation",021-04-0159,"Cyber Security Initiatives",2025,"Funding Total",82.170582
021,"Department of Transportation",021-70-1711,"Maritime Security Program",2025,"CIO Authority",2.457062
021,"Department of Transportation",021-70-1711,"Maritime Security Program",2025,"Budget Authority",2.457062
021,"Department of Transportation",021-70-1711,"Maritime Security Program",2025,"Funding Total",12.284295
021,"Department of Transportation",184-25-1001,"Trade and Development Agency",2025,"CIO Authority",0
021,"Department of Transportation",184-25-1001,"Trade and Development Agency",2025,"Budget Authority",0
021,"Department of Transportation",184-25-1001,"Trade and Development Agency",2025,"Funding Total",0
021,"Department of Transportation",006-48-1450,"Operations, Research, and Facilities",2025,"CIO Authority",0
021,"Department of Transportation",006-48-1450,"Operations, Research, and Facilities",2025,"Budget Authority",0
021,"Department of Transportation",006-48-1450,"Operations, Research, and Facilities",2025,"Funding Total",2.220885
021,"Department of Transportation",021-15-9911,"Miscellaneous appropriations",2025,"CIO Authority",0
021,"Department of Transportation",021-15-9911,"Miscellaneous appropriations",2025,"Budget Authority",0
021,"Department of Transportation",021-15-9911,"Miscellaneous appropriations",2025,"Funding Total",0.226996
021,"Department of Transportation",339-00-1400,"Commodity Futures Trading Commission",2025,"CIO Authority",0
021,"Department of Transportation",339-00-1400,"Commodity Futures Trading Commission",2025,"Budget Authority",0
021,"Department of Transportation",339-00-1400,"Commodity Futures Trading Commission",2025,"Funding Total",1.19204
021,"Department of Transportation",429-00-0200,"Salaries and Expenses",2025,"CIO Authority",0
021,"Department of Transportation",429-00-0200,"Salaries and Expenses",2025,"Budget Authority",0
021,"Department of Transportation",429-00-0200,"Salaries and Expenses",2025,"Funding Total",0
021,"Department of Transportation",024-60-0610,"Operations and Support",2025,"CIO Authority",0
021,"Department of Transportation",024-60-0610,"Operations and Support",2025,"Budget Authority",0
021,"Department of Transportation",024-60-0610,"Operations and Support",2025,"Funding Total",0.145655
021,"Department of Transportation",020-00-0108,"Environmental Programs and Management",2025,"CIO Authority",0
021,"Department of Transportation",020-00-0108,"Environmental Programs and Management",2025,"Budget Authority",0
021,"Department of Transportation",020-00-0108,"Environmental Programs and Management",2025,"Funding Total",4.034196
021,"Department of Transportation",021-61-0301,"Salaries and Expenses",2025,"CIO Authority",0
021,"Department of Transportation",021-61-0301,"Salaries and Expenses",2025,"Budget Authority",0
021,"Department of Transportation",021-61-0301,"Salaries and Expenses",2025,"Funding Total",0.20282
021,"Department of Transportation",021-36-1137,"Transit Research",2025,"CIO Authority",0
021,"Department of Transportation",021-36-1137,"Transit Research",2025,"Budget Authority",0
021,"Department of Transportation",021-36-1137,"Transit Research",2025,"Funding Total",0.07387
021,"Department of Transportation",021-36-1125,"Job Access and Reverse Commute Grants",2025,"CIO Authority",0
021,"Department of Transportation",021-36-1125,"Job Access and Reverse Commute Grants",2025,"Budget Authority",0
021,"Department of Transportation",021-36-1125,"Job Access and Reverse Commute Grants",2025,"Funding Total",0.9
021,"Department of Transportation",415-00-4056,"Operating Fund",2025,"CIO Authority",0
021,"Department of Transportation",415-00-4056,"Operating Fund",2025,"Budget Authority",0
021,"Department of Transportation",415-00-4056,"Operating Fund",2025,"Funding Total",1.52531
021,"Department of Transportation",009-90-9912,"General Departmental Management",2025,"CIO Authority",0
021,"Department of Transportation",009-90-9912,"General Departmental Management",2025,"Budget Authority",0
021,"Department of Transportation",009-90-9912,"General Departmental Management",2025,"Funding Total",0.114759
021,"Department of Transportation",474-00-0300,"Office of Museum and Library Services: Grants and Administration",2025,"CIO Authority",0
021,"Department of Transportation",474-00-0300,"Office of Museum and Library Services: Grants and Administration",2025,"Budget Authority",0
021,"Department of Transportation",474-00-0300,"Office of Museum and Library Services: Grants and Administration",2025,"Funding Total",0.29702
021,"Department of Transportation",413-00-3500,"Salaries and Expenses",2025,"CIO Authority",0
021,"Department of Transportation",413-00-3500,"Salaries and Expenses",2025,"Budget Authority",0
021,"Department of Transportation",413-00-3500,"Salaries and Expenses",2025,"Funding Total",0.067804
021,"Department of Transportation",024-58-0530,"Operations and Support",2025,"CIO Authority",0
021,"Department of Transportation",024-58-0530,"Operations and Support",2025,"Budget Authority",0
021,"Department of Transportation",024-58-0530,"Operations and Support",2025,"Funding Total",0.043549
021,"Department of Transportation",021-04-0116,"Financial Management Capital",2025,"CIO Authority",0
021,"Department of Transportation",021-04-0116,"Financial Management Capital",2025,"Budget Authority",0
021,"Department of Transportation",021-04-0116,"Financial Management Capital",2025,"Funding Total",0
021,"Department of Transportation",422-00-0180,"Agency Operations and Award Management",2025,"CIO Authority",0
021,"Department of Transportation",422-00-0180,"Agency Operations and Award Management",2025,"Budget Authority",0
021,"Department of Transportation",422-00-0180,"Agency Operations and Award Management",2025,"Funding Total",0.000489
018,"Department of Education",018-50-1100,"Institute of Education Sciences",2022,"CIO Authority",0
018,"Department of Education",018-50-1100,"Institute of Education Sciences",2022,"Budget Authority",0
018,"Department of Education",018-50-1100,"Institute of Education Sciences",2022,"Funding Total",72.503211
018,"Department of Education",018-45-0202,"Student Aid Administration",2022,"CIO Authority",0
018,"Department of Education",018-45-0202,"Student Aid Administration",2022,"Budget Authority",0
018,"Department of Education",018-45-0202,"Student Aid Administration",2022,"Funding Total",730.505668
018,"Department of Education",018-80-0800,"Program Administration",2022,"CIO Authority",0
018,"Department of Education",018-80-0800,"Program Administration",2022,"Budget Authority",0
018,"Department of Education",018-80-0800,"Program Administration",2022,"Funding Total",143.275049
018,"Department of Education",018-80-0700,"Office for Civil Rights",2022,"CIO Authority",0
018,"Department of Education",018-80-0700,"Office for Civil Rights",2022,"Budget Authority",0
018,"Department of Education",018-80-0700,"Office for Civil Rights",2022,"Funding Total",21.485435
018,"Department of Education",018-40-4255,"Historically Black College and University Capital Financing Direct Loan Financing Account",2022,"CIO Authority",0
018,"Department of Education",018-40-4255,"Historically Black College and University Capital Financing Direct Loan Financing Account",2022,"Budget Authority",0
018,"Department of Education",018-40-4255,"Historically Black College and University Capital Financing Direct Loan Financing Account",2022,"Funding Total",0.046379
018,"Department of Education",018-80-1400,"Office of Inspector General",2022,"CIO Authority",0
018,"Department of Education",018-80-1400,"Office of Inspector General",2022,"Budget Authority",0
018,"Department of Education",018-80-1400,"Office of Inspector General",2022,"Funding Total",6.968561
018,"Department of Education",018-40-0201,"Higher Education",2022,"CIO Authority",0
018,"Department of Education",018-40-0201,"Higher Education",2022,"Budget Authority",0
018,"Department of Education",018-40-0201,"Higher Education",2022,"Funding Total",1
018,"Department of Education",018-40-0241,"College Housing and Academic Facilities Loans Program Account",2022,"CIO Authority",0
018,"Department of Education",018-40-0241,"College Housing and Academic Facilities Loans Program Account",2022,"Budget Authority",0
018,"Department of Education",018-40-0241,"College Housing and Academic Facilities Loans Program Account",2022,"Funding Total",0.047381
018,"Department of Education",018-45-0202,"Student Aid Administration",2023,"CIO Authority",870.617768
018,"Department of Education",018-45-0202,"Student Aid Administration",2023,"Budget Authority",859.715959
018,"Department of Education",018-45-0202,"Student Aid Administration",2023,"Funding Total",1081.872725
018,"Department of Education",018-80-0800,"Program Administration",2023,"CIO Authority",164.565969
018,"Department of Education",018-80-0800,"Program Administration",2023,"Budget Authority",155.859965
018,"Department of Education",018-80-0800,"Program Administration",2023,"Funding Total",152.149428
018,"Department of Education",018-80-0700,"Office for Civil Rights",2023,"CIO Authority",23.723392
018,"Department of Education",018-80-0700,"Office for Civil Rights",2023,"Budget Authority",23.803385
018,"Department of Education",018-80-0700,"Office for Civil Rights",2023,"Funding Total",20.680287
018,"Department of Education",018-50-1100,"Institute of Education Sciences",2023,"CIO Authority",70.38849
018,"Department of Education",018-50-1100,"Institute of Education Sciences",2023,"Budget Authority",70.445524
018,"Department of Education",018-50-1100,"Institute of Education Sciences",2023,"Funding Total",82.388556
018,"Department of Education",018-40-4255,"Historically Black College and University Capital Financing Direct Loan Financing Account",2023,"CIO Authority",0.050453
018,"Department of Education",018-40-4255,"Historically Black College and University Capital Financing Direct Loan Financing Account",2023,"Budget Authority",0.051453
018,"Department of Education",018-40-4255,"Historically Black College and University Capital Financing Direct Loan Financing Account",2023,"Funding Total",0.039205
018,"Department of Education",018-40-0241,"College Housing and Academic Facilities Loans Program Account",2023,"CIO Authority",0.050453
018,"Department of Education",018-40-0241,"College Housing and Academic Facilities Loans Program Account",2023,"Budget Authority",0.051453
018,"Department of Education",018-40-0241,"College Housing and Academic Facilities Loans Program Account",2023,"Funding Total",0.035205
018,"Department of Education",018-80-1400,"Office of Inspector General",2023,"CIO Authority",7.37496
018,"Department of Education",018-80-1400,"Office of Inspector General",2023,"Budget Authority",7.358493
018,"Department of Education",018-80-1400,"Office of Inspector General",2023,"Funding Total",7.347881
018,"Department of Education",018-40-0201,"Higher Education",2023,"CIO Authority",0.015
018,"Department of Education",018-40-0201,"Higher Education",2023,"Budget Authority",0.015
018,"Department of Education",018-40-0201,"Higher Education",2023,"Funding Total",0.918
018,"Department of Education",018-45-0202,"Student Aid Administration",2024,"CIO Authority",1416.45293
018,"Department of Education",018-45-0202,"Student Aid Administration",2024,"Budget Authority",1886.883137
018,"Department of Education",018-45-0202,"Student Aid Administration",2024,"Funding Total",1013.398514
018,"Department of Education",018-50-1100,"Institute of Education Sciences",2024,"CIO Authority",91.822839
018,"Department of Education",018-50-1100,"Institute of Education Sciences",2024,"Budget Authority",91.822839
018,"Department of Education",018-50-1100,"Institute of Education Sciences",2024,"Funding Total",88.965117
018,"Department of Education",018-40-4255,"Historically Black College and University Capital Financing Direct Loan Financing Account",2024,"CIO Authority",0.048083
018,"Department of Education",018-40-4255,"Historically Black College and University Capital Financing Direct Loan Financing Account",2024,"Budget Authority",0.048083
018,"Department of Education",018-40-4255,"Historically Black College and University Capital Financing Direct Loan Financing Account",2024,"Funding Total",0.040896
018,"Department of Education",018-80-0800,"Program Administration",2024,"CIO Authority",191.280278
018,"Department of Education",018-80-0800,"Program Administration",2024,"Budget Authority",189.485845
018,"Department of Education",018-80-0800,"Program Administration",2024,"Funding Total",160.047589
018,"Department of Education",018-80-0700,"Office for Civil Rights",2024,"CIO Authority",27.585734
018,"Department of Education",018-80-0700,"Office for Civil Rights",2024,"Budget Authority",27.502734
018,"Department of Education",018-80-0700,"Office for Civil Rights",2024,"Funding Total",22.826239
018,"Department of Education",018-80-1400,"Office of Inspector General",2024,"CIO Authority",12.270501
018,"Department of Education",018-80-1400,"Office of Inspector General",2024,"Budget Authority",10.066382
018,"Department of Education",018-80-1400,"Office of Inspector General",2024,"Funding Total",10.971432
018,"Department of Education",018-40-0241,"College Housing and Academic Facilities Loans Program Account",2024,"CIO Authority",0.048083
018,"Department of Education",018-40-0241,"College Housing and Academic Facilities Loans Program Account",2024,"Budget Authority",0.048083
018,"Department of Education",018-40-0241,"College Housing and Academic Facilities Loans Program Account",2024,"Funding Total",0.040896
018,"Department of Education",018-40-0201,"Higher Education",2024,"CIO Authority",1.053
018,"Department of Education",018-40-0201,"Higher Education",2024,"Budget Authority",1.053
018,"Department of Education",018-40-0201,"Higher Education",2024,"Funding Total",1.053
018,"Department of Education",018-80-0800,"Program Administration",2025,"CIO Authority",174.902114
018,"Department of Education",018-80-0800,"Program Administration",2025,"Budget Authority",175.892906
018,"Department of Education",018-80-0800,"Program Administration",2025,"Funding Total",153.520563
018,"Department of Education",018-45-0202,"Student Aid Administration",2025,"CIO Authority",1388.917718
018,"Department of Education",018-45-0202,"Student Aid Administration",2025,"Budget Authority",1389.390392
018,"Department of Education",018-45-0202,"Student Aid Administration",2025,"Funding Total",1383.599849
018,"Department of Education",018-80-0700,"Office for Civil Rights",2025,"CIO Authority",25.691109
018,"Department of Education",018-80-0700,"Office for Civil Rights",2025,"Budget Authority",25.691109
018,"Department of Education",018-80-0700,"Office for Civil Rights",2025,"Funding Total",27.590576
018,"Department of Education",018-40-0201,"Higher Education",2025,"CIO Authority",0.8373
018,"Department of Education",018-40-0201,"Higher Education",2025,"Budget Authority",0.8373
018,"Department of Education",018-40-0201,"Higher Education",2025,"Funding Total",1.093162
018,"Department of Education",018-50-1100,"Institute of Education Sciences",2025,"CIO Authority",88.263546
018,"Department of Education",018-50-1100,"Institute of Education Sciences",2025,"Budget Authority",88.263546
018,"Department of Education",018-50-1100,"Institute of Education Sciences",2025,"Funding Total",83.652054
018,"Department of Education",018-80-1400,"Office of Inspector General",2025,"CIO Authority",11.600142
018,"Department of Education",018-80-1400,"Office of Inspector General",2025,"Budget Authority",11.30951
018,"Department of Education",018-80-1400,"Office of Inspector General",2025,"Funding Total",13.376529
018,"Department of Education",018-40-0241,"College Housing and Academic Facilities Loans Program Account",2025,"CIO Authority",0.048136
018,"Department of Education",018-40-0241,"College Housing and Academic Facilities Loans Program Account",2025,"Budget Authority",0.04811
018,"Department of Education",018-40-0241,"College Housing and Academic Facilities Loans Program Account",2025,"Funding Total",0.059909
018,"Department of Education",018-40-4255,"Historically Black College and University Capital Financing Direct Loan Financing Account",2025,"CIO Authority",0.048136
018,"Department of Education",018-40-4255,"Historically Black College and University Capital Financing Direct Loan Financing Account",2025,"Budget Authority",0.048136
018,"Department of Education",018-40-4255,"Historically Black College and University Capital Financing Direct Loan Financing Account",2025,"Funding Total",0.059909
020,"Environmental Protection Agency",020-00-0250,"Payment to the Hazardous Substance Superfund",2022,"CIO Authority",0
020,"Environmental Protection Agency",020-00-0250,"Payment to the Hazardous Substance Superfund",2022,"Budget Authority",0
020,"Environmental Protection Agency",020-00-0250,"Payment to the Hazardous Substance Superfund",2022,"Funding Total",79.1079
020,"Environmental Protection Agency",020-00-0108,"Environmental Programs and Management",2022,"CIO Authority",0
020,"Environmental Protection Agency",020-00-0108,"Environmental Programs and Management",2022,"Budget Authority",0
020,"Environmental Protection Agency",020-00-0108,"Environmental Programs and Management",2022,"Funding Total",296.9915
020,"Environmental Protection Agency",020-00-0103,"State and Tribal Assistance Grants",2022,"CIO Authority",0
020,"Environmental Protection Agency",020-00-0103,"State and Tribal Assistance Grants",2022,"Budget Authority",0
020,"Environmental Protection Agency",020-00-0103,"State and Tribal Assistance Grants",2022,"Funding Total",7.226
020,"Environmental Protection Agency",020-00-8221,"Inland Oil Spill Programs",2022,"CIO Authority",0
020,"Environmental Protection Agency",020-00-8221,"Inland Oil Spill Programs",2022,"Budget Authority",0
020,"Environmental Protection Agency",020-00-8221,"Inland Oil Spill Programs",2022,"Funding Total",1.5317
020,"Environmental Protection Agency",020-00-0107,"Science and Technology",2022,"CIO Authority",0
020,"Environmental Protection Agency",020-00-0107,"Science and Technology",2022,"Budget Authority",0
020,"Environmental Protection Agency",020-00-0107,"Science and Technology",2022,"Funding Total",82.9769
020,"Environmental Protection Agency",020-00-8153,"Leaking Underground Storage Tank Trust Fund",2022,"CIO Authority",0
020,"Environmental Protection Agency",020-00-8153,"Leaking Underground Storage Tank Trust Fund",2022,"Budget Authority",0
020,"Environmental Protection Agency",020-00-8153,"Leaking Underground Storage Tank Trust Fund",2022,"Funding Total",0.7124
020,"Environmental Protection Agency",020-00-0112,"Office of Inspector General",2022,"CIO Authority",0
020,"Environmental Protection Agency",020-00-0112,"Office of Inspector General",2022,"Budget Authority",0
020,"Environmental Protection Agency",020-00-0112,"Office of Inspector General",2022,"Funding Total",4.5523
020,"Environmental Protection Agency",020-00-4330,"Hazardous Waste Electronic Manifest System Fund",2022,"CIO Authority",0
020,"Environmental Protection Agency",020-00-4330,"Hazardous Waste Electronic Manifest System Fund",2022,"Budget Authority",0
020,"Environmental Protection Agency",020-00-4330,"Hazardous Waste Electronic Manifest System Fund",2022,"Funding Total",4.108
020,"Environmental Protection Agency",020-00-5374,"Pesticide Registration Fund",2022,"CIO Authority",0
020,"Environmental Protection Agency",020-00-5374,"Pesticide Registration Fund",2022,"Budget Authority",0
020,"Environmental Protection Agency",020-00-5374,"Pesticide Registration Fund",2022,"Funding Total",6.4345
020,"Environmental Protection Agency",020-00-0103,"State and Tribal Assistance Grants",2023,"CIO Authority",1.722001
020,"Environmental Protection Agency",020-00-0103,"State and Tribal Assistance Grants",2023,"Budget Authority",1.722001
020,"Environmental Protection Agency",020-00-0103,"State and Tribal Assistance Grants",2023,"Funding Total",7.6969
020,"Environmental Protection Agency",020-00-0108,"Environmental Programs and Management",2023,"CIO Authority",284.897013
020,"Environmental Protection Agency",020-00-0108,"Environmental Programs and Management",2023,"Budget Authority",284.129013
020,"Environmental Protection Agency",020-00-0108,"Environmental Programs and Management",2023,"Funding Total",315.811725
020,"Environmental Protection Agency",020-00-0250,"Payment to the Hazardous Substance Superfund",2023,"CIO Authority",63.997999
020,"Environmental Protection Agency",020-00-0250,"Payment to the Hazardous Substance Superfund",2023,"Budget Authority",63.941999
020,"Environmental Protection Agency",020-00-0250,"Payment to the Hazardous Substance Superfund",2023,"Funding Total",99.990891000001
020,"Environmental Protection Agency",020-00-8221,"Inland Oil Spill Programs",2023,"CIO Authority",2.921005
020,"Environmental Protection Agency",020-00-8221,"Inland Oil Spill Programs",2023,"Budget Authority",2.921005
020,"Environmental Protection Agency",020-00-8221,"Inland Oil Spill Programs",2023,"Funding Total",1.6198
020,"Environmental Protection Agency",020-00-4330,"Hazardous Waste Electronic Manifest System Fund",2023,"CIO Authority",0
020,"Environmental Protection Agency",020-00-4330,"Hazardous Waste Electronic Manifest System Fund",2023,"Budget Authority",0
020,"Environmental Protection Agency",020-00-4330,"Hazardous Waste Electronic Manifest System Fund",2023,"Funding Total",10.8513
020,"Environmental Protection Agency",020-00-8153,"Leaking Underground Storage Tank Trust Fund",2023,"CIO Authority",0.301009
020,"Environmental Protection Agency",020-00-8153,"Leaking Underground Storage Tank Trust Fund",2023,"Budget Authority",0.301009
020,"Environmental Protection Agency",020-00-8153,"Leaking Underground Storage Tank Trust Fund",2023,"Funding Total",0.6495
020,"Environmental Protection Agency",020-00-0107,"Science and Technology",2023,"CIO Authority",74.665008
020,"Environmental Protection Agency",020-00-0107,"Science and Technology",2023,"Budget Authority",74.376006
020,"Environmental Protection Agency",020-00-0107,"Science and Technology",2023,"Funding Total",98.65174
020,"Environmental Protection Agency",020-00-0112,"Office of Inspector General",2023,"CIO Authority",0.726001
020,"Environmental Protection Agency",020-00-0112,"Office of Inspector General",2023,"Budget Authority",0.726001
020,"Environmental Protection Agency",020-00-0112,"Office of Inspector General",2023,"Funding Total",1.11875
020,"Environmental Protection Agency",020-00-0110,"Buildings and Facilities",2023,"CIO Authority",0
020,"Environmental Protection Agency",020-00-0110,"Buildings and Facilities",2023,"Budget Authority",0
020,"Environmental Protection Agency",020-00-0110,"Buildings and Facilities",2023,"Funding Total",0.4679
020,"Environmental Protection Agency",020-00-8221,"Inland Oil Spill Programs",2024,"CIO Authority",5.8558
020,"Environmental Protection Agency",020-00-8221,"Inland Oil Spill Programs",2024,"Budget Authority",3.2385
020,"Environmental Protection Agency",020-00-8221,"Inland Oil Spill Programs",2024,"Funding Total",5.8558
020,"Environmental Protection Agency",020-00-8153,"Leaking Underground Storage Tank Trust Fund",2024,"CIO Authority",0.6272
020,"Environmental Protection Agency",020-00-8153,"Leaking Underground Storage Tank Trust Fund",2024,"Budget Authority",0.508
020,"Environmental Protection Agency",020-00-8153,"Leaking Underground Storage Tank Trust Fund",2024,"Funding Total",0.6272
020,"Environmental Protection Agency",020-00-0107,"Science and Technology",2024,"CIO Authority",0.084
020,"Environmental Protection Agency",020-00-0107,"Science and Technology",2024,"Budget Authority",84.564
020,"Environmental Protection Agency",020-00-0107,"Science and Technology",2024,"Funding Total",84.8005
020,"Environmental Protection Agency",020-00-0112,"Office of Inspector General",2024,"CIO Authority",0.9589
020,"Environmental Protection Agency",020-00-0112,"Office of Inspector General",2024,"Budget Authority",1.2296
020,"Environmental Protection Agency",020-00-0112,"Office of Inspector General",2024,"Funding Total",1.1829
020,"Environmental Protection Agency",020-00-0103,"State and Tribal Assistance Grants",2024,"CIO Authority",1.9159
020,"Environmental Protection Agency",020-00-0103,"State and Tribal Assistance Grants",2024,"Budget Authority",1.9159
020,"Environmental Protection Agency",020-00-0103,"State and Tribal Assistance Grants",2024,"Funding Total",1.9159
020,"Environmental Protection Agency",020-00-0108,"Environmental Programs and Management",2024,"CIO Authority",324.6159
020,"Environmental Protection Agency",020-00-0108,"Environmental Programs and Management",2024,"Budget Authority",329.5797
020,"Environmental Protection Agency",020-00-0108,"Environmental Programs and Management",2024,"Funding Total",329.2966
020,"Environmental Protection Agency",020-00-0250,"Payment to the Hazardous Substance Superfund",2024,"CIO Authority",44.8004
020,"Environmental Protection Agency",020-00-0250,"Payment to the Hazardous Substance Superfund",2024,"Budget Authority",72.458
020,"Environmental Protection Agency",020-00-0250,"Payment to the Hazardous Substance Superfund",2024,"Funding Total",44.8004
020,"Environmental Protection Agency",020-00-4330,"Hazardous Waste Electronic Manifest System Fund",2024,"CIO Authority",0
020,"Environmental Protection Agency",020-00-4330,"Hazardous Waste Electronic Manifest System Fund",2024,"Budget Authority",0.021
020,"Environmental Protection Agency",020-00-4330,"Hazardous Waste Electronic Manifest System Fund",2024,"Funding Total",4.4889
020,"Environmental Protection Agency",020-00-0110,"Buildings and Facilities",2024,"CIO Authority",0
020,"Environmental Protection Agency",020-00-0110,"Buildings and Facilities",2024,"Budget Authority",0
020,"Environmental Protection Agency",020-00-0110,"Buildings and Facilities",2024,"Funding Total",0
020,"Environmental Protection Agency",020-00-5374,"Pesticide Registration Fund",2024,"CIO Authority",0
020,"Environmental Protection Agency",020-00-5374,"Pesticide Registration Fund",2024,"Budget Authority",0
020,"Environmental Protection Agency",020-00-5374,"Pesticide Registration Fund",2024,"Funding Total",6
020,"Environmental Protection Agency",020-00-0108,"Environmental Programs and Management",2025,"CIO Authority",299.7148
020,"Environmental Protection Agency",020-00-0108,"Environmental Programs and Management",2025,"Budget Authority",329.5797
020,"Environmental Protection Agency",020-00-0108,"Environmental Programs and Management",2025,"Funding Total",273.38313
020,"Environmental Protection Agency",020-00-0110,"Buildings and Facilities",2025,"CIO Authority",0.4513
020,"Environmental Protection Agency",020-00-0110,"Buildings and Facilities",2025,"Budget Authority",0
020,"Environmental Protection Agency",020-00-0110,"Buildings and Facilities",2025,"Funding Total",0.4513
020,"Environmental Protection Agency",020-00-0250,"Payment to the Hazardous Substance Superfund",2025,"CIO Authority",44.6773
020,"Environmental Protection Agency",020-00-0250,"Payment to the Hazardous Substance Superfund",2025,"Budget Authority",72.458
020,"Environmental Protection Agency",020-00-0250,"Payment to the Hazardous Substance Superfund",2025,"Funding Total",44.3036
020,"Environmental Protection Agency",020-00-0112,"Office of Inspector General",2025,"CIO Authority",1.2355
020,"Environmental Protection Agency",020-00-0112,"Office of Inspector General",2025,"Budget Authority",1.2296
020,"Environmental Protection Agency",020-00-0112,"Office of Inspector General",2025,"Funding Total",0.9455
020,"Environmental Protection Agency",020-00-8221,"Inland Oil Spill Programs",2025,"CIO Authority",1.2888
020,"Environmental Protection Agency",020-00-8221,"Inland Oil Spill Programs",2025,"Budget Authority",3.2385
020,"Environmental Protection Agency",020-00-8221,"Inland Oil Spill Programs",2025,"Funding Total",1.2888
020,"Environmental Protection Agency",020-00-4330,"Hazardous Waste Electronic Manifest System Fund",2025,"CIO Authority",0
020,"Environmental Protection Agency",020-00-4330,"Hazardous Waste Electronic Manifest System Fund",2025,"Budget Authority",0.021
020,"Environmental Protection Agency",020-00-4330,"Hazardous Waste Electronic Manifest System Fund",2025,"Funding Total",6.89661
020,"Environmental Protection Agency",020-00-0107,"Science and Technology",2025,"CIO Authority",89.098
020,"Environmental Protection Agency",020-00-0107,"Science and Technology",2025,"Budget Authority",84.564
020,"Environmental Protection Agency",020-00-0107,"Science and Technology",2025,"Funding Total",81.95325
020,"Environmental Protection Agency",020-00-0103,"State and Tribal Assistance Grants",2025,"CIO Authority",1.9159
020,"Environmental Protection Agency",020-00-0103,"State and Tribal Assistance Grants",2025,"Budget Authority",1.9159
020,"Environmental Protection Agency",020-00-0103,"State and Tribal Assistance Grants",2025,"Funding Total",1.9159
020,"Environmental Protection Agency",020-00-8153,"Leaking Underground Storage Tank Trust Fund",2025,"CIO Authority",0.5642
020,"Environmental Protection Agency",020-00-8153,"Leaking Underground Storage Tank Trust Fund",2025,"Budget Authority",0.508
020,"Environmental Protection Agency",020-00-8153,"Leaking Underground Storage Tank Trust Fund",2025,"Funding Total",0.5583
019,"Department of Energy",019-10-0251,"Defense Environmental Cleanup",2022,"CIO Authority",0
019,"Department of Energy",019-10-0251,"Defense Environmental Cleanup",2022,"Budget Authority",0
019,"Department of Energy",019-10-0251,"Defense Environmental Cleanup",2022,"Funding Total",350.547732
019,"Department of Energy",019-05-0240,"Weapons Activities",2022,"CIO Authority",0
019,"Department of Energy",019-05-0240,"Weapons Activities",2022,"Budget Authority",0
019,"Department of Energy",019-05-0240,"Weapons Activities",2022,"Funding Total",1206.65484
019,"Department of Energy",019-60-4563,"Working Capital Fund",2022,"CIO Authority",0
019,"Department of Energy",019-60-4563,"Working Capital Fund",2022,"Budget Authority",0
019,"Department of Energy",019-60-4563,"Working Capital Fund",2022,"Funding Total",99.47733
019,"Department of Energy",019-60-0228,"Departmental Administration",2022,"CIO Authority",0
019,"Department of Energy",019-60-0228,"Departmental Administration",2022,"Budget Authority",0
019,"Department of Energy",019-60-0228,"Departmental Administration",2022,"Funding Total",327.396318
019,"Department of Energy",019-20-0218,"Strategic Petroleum Reserve",2022,"CIO Authority",0
019,"Department of Energy",019-20-0218,"Strategic Petroleum Reserve",2022,"Budget Authority",0
019,"Department of Energy",019-20-0218,"Strategic Petroleum Reserve",2022,"Funding Total",25.338039
019,"Department of Energy",019-20-0222,Science,2022,"CIO Authority",0
019,"Department of Energy",019-20-0222,Science,2022,"Budget Authority",0
019,"Department of Energy",019-20-0222,Science,2022,"Funding Total",477.73213
019,"Department of Energy",019-05-0309,"Defense Nuclear Nonproliferation",2022,"CIO Authority",0
019,"Department of Energy",019-05-0309,"Defense Nuclear Nonproliferation",2022,"Budget Authority",0
019,"Department of Energy",019-05-0309,"Defense Nuclear Nonproliferation",2022,"Funding Total",33.757932
019,"Department of Energy",019-20-0208,"Title 17 Innovative Technology Loan Guarantee Program",2022,"CIO Authority",0
019,"Department of Energy",019-20-0208,"Title 17 Innovative Technology Loan Guarantee Program",2022,"Budget Authority",0
019,"Department of Energy",019-20-0208,"Title 17 Innovative Technology Loan Guarantee Program",2022,"Funding Total",4.373884
019,"Department of Energy",019-20-0321,"Energy Efficiency and Renewable Energy",2022,"CIO Authority",0
019,"Department of Energy",019-20-0321,"Energy Efficiency and Renewable Energy",2022,"Budget Authority",0
019,"Department of Energy",019-20-0321,"Energy Efficiency and Renewable Energy",2022,"Funding Total",84.817464
019,"Department of Energy",019-20-0318,Electricity,2022,"CIO Authority",0
019,"Department of Energy",019-20-0318,Electricity,2022,"Budget Authority",0
019,"Department of Energy",019-20-0318,Electricity,2022,"Funding Total",0.589827
019,"Department of Energy",019-20-0213,"Fossil Energy and Carbon Management",2022,"CIO Authority",0
019,"Department of Energy",019-20-0213,"Fossil Energy and Carbon Management",2022,"Budget Authority",0
019,"Department of Energy",019-20-0213,"Fossil Energy and Carbon Management",2022,"Funding Total",33.25479
019,"Department of Energy",019-20-0319,"Nuclear Energy",2022,"CIO Authority",0
019,"Department of Energy",019-20-0319,"Nuclear Energy",2022,"Budget Authority",0
019,"Department of Energy",019-20-0319,"Nuclear Energy",2022,"Funding Total",6.892029
019,"Department of Energy",019-20-5227,"Nuclear Waste Disposal",2022,"CIO Authority",0
019,"Department of Energy",019-20-5227,"Nuclear Waste Disposal",2022,"Budget Authority",0
019,"Department of Energy",019-20-5227,"Nuclear Waste Disposal",2022,"Funding Total",19.702691
019,"Department of Energy",019-50-0303,"Operation and Maintenance, Southwestern Power Administration",2022,"CIO Authority",0
019,"Department of Energy",019-50-0303,"Operation and Maintenance, Southwestern Power Administration",2022,"Budget Authority",0
019,"Department of Energy",019-50-0303,"Operation and Maintenance, Southwestern Power Administration",2022,"Funding Total",8.434622
019,"Department of Energy",019-50-5068,"Construction, Rehabilitation, Operation and Maintenance, Western Area Power Administration",2022,"CIO Authority",0
019,"Department of Energy",019-50-5068,"Construction, Rehabilitation, Operation and Maintenance, Western Area Power Administration",2022,"Budget Authority",0
019,"Department of Energy",019-50-5068,"Construction, Rehabilitation, Operation and Maintenance, Western Area Power Administration",2022,"Funding Total",74.330202
019,"Department of Energy",019-50-0302,"Operation and Maintenance, Southeastern Power Administration",2022,"CIO Authority",0
019,"Department of Energy",019-50-0302,"Operation and Maintenance, Southeastern Power Administration",2022,"Budget Authority",0
019,"Department of Energy",019-50-0302,"Operation and Maintenance, Southeastern Power Administration",2022,"Funding Total",3
019,"Department of Energy",019-20-0315,"Non-defense Environmental Cleanup",2022,"CIO Authority",0
019,"Department of Energy",019-20-0315,"Non-defense Environmental Cleanup",2022,"Budget Authority",0
019,"Department of Energy",019-20-0315,"Non-defense Environmental Cleanup",2022,"Funding Total",8.377618
019,"Department of Energy",019-10-0243,"Other Defense Activities",2022,"CIO Authority",0
019,"Department of Energy",019-10-0243,"Other Defense Activities",2022,"Budget Authority",0
019,"Department of Energy",019-10-0243,"Other Defense Activities",2022,"Funding Total",35.875606
019,"Department of Energy",019-20-2250,"Cybersecurity, Energy Security, and Emergency Response",2022,"CIO Authority",0
019,"Department of Energy",019-20-2250,"Cybersecurity, Energy Security, and Emergency Response",2022,"Budget Authority",0
019,"Department of Energy",019-20-2250,"Cybersecurity, Energy Security, and Emergency Response",2022,"Funding Total",8.061297
019,"Department of Energy",019-20-0216,"Energy Information Administration",2022,"CIO Authority",0
019,"Department of Energy",019-20-0216,"Energy Information Administration",2022,"Budget Authority",0
019,"Department of Energy",019-20-0216,"Energy Information Administration",2022,"Funding Total",26.191
019,"Department of Energy",019-20-5369,"Northeast Home Heating Oil Reserve",2022,"CIO Authority",0
019,"Department of Energy",019-20-5369,"Northeast Home Heating Oil Reserve",2022,"Budget Authority",0
019,"Department of Energy",019-20-5369,"Northeast Home Heating Oil Reserve",2022,"Funding Total",0.35
019,"Department of Energy",019-20-0322,"Advanced Technology Vehicles Manufacturing Loan Program Account",2022,"CIO Authority",0
019,"Department of Energy",019-20-0322,"Advanced Technology Vehicles Manufacturing Loan Program Account",2022,"Budget Authority",0
019,"Department of Energy",019-20-0322,"Advanced Technology Vehicles Manufacturing Loan Program Account",2022,"Funding Total",0.69
019,"Department of Energy",019-60-0236,"Office of the Inspector General",2022,"CIO Authority",0
019,"Department of Energy",019-60-0236,"Office of the Inspector General",2022,"Budget Authority",0
019,"Department of Energy",019-60-0236,"Office of the Inspector General",2022,"Funding Total",1.454411
019,"Department of Energy",019-20-0233,"SPR Petroleum Account",2022,"CIO Authority",0
019,"Department of Energy",019-20-0233,"SPR Petroleum Account",2022,"Budget Authority",0
019,"Department of Energy",019-20-0233,"SPR Petroleum Account",2022,"Funding Total",0.377
019,"Department of Energy",019-05-0313,"Federal Salaries and Expenses",2022,"CIO Authority",0
019,"Department of Energy",019-05-0313,"Federal Salaries and Expenses",2022,"Budget Authority",0
019,"Department of Energy",019-05-0313,"Federal Salaries and Expenses",2022,"Funding Total",10.309003
019,"Department of Energy",019-20-0224,"Energy Supply and Conservation",2022,"CIO Authority",0
019,"Department of Energy",019-20-0224,"Energy Supply and Conservation",2022,"Budget Authority",0
019,"Department of Energy",019-20-0224,"Energy Supply and Conservation",2022,"Funding Total",0.040178
019,"Department of Energy",019-05-0314,"Naval Reactors",2022,"CIO Authority",0
019,"Department of Energy",019-05-0314,"Naval Reactors",2022,"Budget Authority",0
019,"Department of Energy",019-05-0314,"Naval Reactors",2022,"Funding Total",0.049109
019,"Department of Energy",019-50-4045,"Bonneville Power Administration Fund",2022,"CIO Authority",0
019,"Department of Energy",019-50-4045,"Bonneville Power Administration Fund",2022,"Budget Authority",0
019,"Department of Energy",019-50-4045,"Bonneville Power Administration Fund",2022,"Funding Total",0.031468
019,"Department of Energy",019-60-0351,"International Affairs",2022,"CIO Authority",0
019,"Department of Energy",019-60-0351,"International Affairs",2022,"Budget Authority",0
019,"Department of Energy",019-60-0351,"International Affairs",2022,"Funding Total",0.036925
019,"Department of Energy",019-20-0350,"Tribal Energy Loan Guarantee Program",2022,"CIO Authority",0
019,"Department of Energy",019-20-0350,"Tribal Energy Loan Guarantee Program",2022,"Budget Authority",0
019,"Department of Energy",019-20-0350,"Tribal Energy Loan Guarantee Program",2022,"Funding Total",0.264
019,"Department of Energy",019-20-0346,"Office of Technology Transitions",2022,"CIO Authority",0
019,"Department of Energy",019-20-0346,"Office of Technology Transitions",2022,"Budget Authority",0
019,"Department of Energy",019-20-0346,"Office of Technology Transitions",2022,"Funding Total",0.698
019,"Department of Energy",019-20-2297,"Office of Clean Energy Demonstrations",2022,"CIO Authority",0
019,"Department of Energy",019-20-2297,"Office of Clean Energy Demonstrations",2022,"Budget Authority",0
019,"Department of Energy",019-20-2297,"Office of Clean Energy Demonstrations",2022,"Funding Total",0.364032
019,"Department of Energy",019-60-4563,"Working Capital Fund",2023,"CIO Authority",92.615164
019,"Department of Energy",019-60-4563,"Working Capital Fund",2023,"Budget Authority",92.615164
019,"Department of Energy",019-60-4563,"Working Capital Fund",2023,"Funding Total",86.96211
019,"Department of Energy",019-50-5068,"Construction, Rehabilitation, Operation and Maintenance, Western Area Power Administration",2023,"CIO Authority",72.563638
019,"Department of Energy",019-50-5068,"Construction, Rehabilitation, Operation and Maintenance, Western Area Power Administration",2023,"Budget Authority",72.563638
019,"Department of Energy",019-50-5068,"Construction, Rehabilitation, Operation and Maintenance, Western Area Power Administration",2023,"Funding Total",73.814364
019,"Department of Energy",019-05-0240,"Weapons Activities",2023,"CIO Authority",596.907158
019,"Department of Energy",019-05-0240,"Weapons Activities",2023,"Budget Authority",173.815331
019,"Department of Energy",019-05-0240,"Weapons Activities",2023,"Funding Total",1610.653329
019,"Department of Energy",019-20-0321,"Energy Efficiency and Renewable Energy",2023,"CIO Authority",42.966529
019,"Department of Energy",019-20-0321,"Energy Efficiency and Renewable Energy",2023,"Budget Authority",40.324006
019,"Department of Energy",019-20-0321,"Energy Efficiency and Renewable Energy",2023,"Funding Total",108.115694
019,"Department of Energy",019-20-5227,"Nuclear Waste Disposal",2023,"CIO Authority",0.7725
019,"Department of Energy",019-20-5227,"Nuclear Waste Disposal",2023,"Budget Authority",0.7725
019,"Department of Energy",019-20-5227,"Nuclear Waste Disposal",2023,"Funding Total",18.117788
019,"Department of Energy",019-20-0319,"Nuclear Energy",2023,"CIO Authority",8.074792
019,"Department of Energy",019-20-0319,"Nuclear Energy",2023,"Budget Authority",8.074792
019,"Department of Energy",019-20-0319,"Nuclear Energy",2023,"Funding Total",95.027629
019,"Department of Energy",019-20-0318,Electricity,2023,"CIO Authority",2.696095
019,"Department of Energy",019-20-0318,Electricity,2023,"Budget Authority",0.338965
019,"Department of Energy",019-20-0318,Electricity,2023,"Funding Total",15.486115
019,"Department of Energy",019-10-0251,"Defense Environmental Cleanup",2023,"CIO Authority",93.519319
019,"Department of Energy",019-10-0251,"Defense Environmental Cleanup",2023,"Budget Authority",97.146224
019,"Department of Energy",019-10-0251,"Defense Environmental Cleanup",2023,"Funding Total",365.152358
019,"Department of Energy",019-20-0213,"Fossil Energy and Carbon Management",2023,"CIO Authority",42.199098
019,"Department of Energy",019-20-0213,"Fossil Energy and Carbon Management",2023,"Budget Authority",42.199098
019,"Department of Energy",019-20-0213,"Fossil Energy and Carbon Management",2023,"Funding Total",73.62641
019,"Department of Energy",019-50-0303,"Operation and Maintenance, Southwestern Power Administration",2023,"CIO Authority",9.751528
019,"Department of Energy",019-50-0303,"Operation and Maintenance, Southwestern Power Administration",2023,"Budget Authority",9.751528
019,"Department of Energy",019-50-0303,"Operation and Maintenance, Southwestern Power Administration",2023,"Funding Total",8.014538
019,"Department of Energy",019-05-0309,"Defense Nuclear Nonproliferation",2023,"CIO Authority",37.854683
019,"Department of Energy",019-05-0309,"Defense Nuclear Nonproliferation",2023,"Budget Authority",16.142495
019,"Department of Energy",019-05-0309,"Defense Nuclear Nonproliferation",2023,"Funding Total",65.793216
019,"Department of Energy",019-60-0228,"Departmental Administration",2023,"CIO Authority",341.351466
019,"Department of Energy",019-60-0228,"Departmental Administration",2023,"Budget Authority",337.80998
019,"Department of Energy",019-60-0228,"Departmental Administration",2023,"Funding Total",384.088644
019,"Department of Energy",019-50-0302,"Operation and Maintenance, Southeastern Power Administration",2023,"CIO Authority",3.117
019,"Department of Energy",019-50-0302,"Operation and Maintenance, Southeastern Power Administration",2023,"Budget Authority",3.117
019,"Department of Energy",019-50-0302,"Operation and Maintenance, Southeastern Power Administration",2023,"Funding Total",2.18605
019,"Department of Energy",019-20-0218,"Strategic Petroleum Reserve",2023,"CIO Authority",1.027475
019,"Department of Energy",019-20-0218,"Strategic Petroleum Reserve",2023,"Budget Authority",17.103475
019,"Department of Energy",019-20-0218,"Strategic Petroleum Reserve",2023,"Funding Total",21.637722
019,"Department of Energy",019-20-0216,"Energy Information Administration",2023,"CIO Authority",27.309
019,"Department of Energy",019-20-0216,"Energy Information Administration",2023,"Budget Authority",27.309
019,"Department of Energy",019-20-0216,"Energy Information Administration",2023,"Funding Total",34.459652
019,"Department of Energy",019-20-0222,Science,2023,"CIO Authority",114.745542
019,"Department of Energy",019-20-0222,Science,2023,"Budget Authority",263.355976
019,"Department of Energy",019-20-0222,Science,2023,"Funding Total",571.494498
019,"Department of Energy",019-60-0236,"Office of the Inspector General",2023,"CIO Authority",1.454411
019,"Department of Energy",019-60-0236,"Office of the Inspector General",2023,"Budget Authority",1.454411
019,"Department of Energy",019-60-0236,"Office of the Inspector General",2023,"Funding Total",2.813912
019,"Department of Energy",019-10-0243,"Other Defense Activities",2023,"CIO Authority",49.791152
019,"Department of Energy",019-10-0243,"Other Defense Activities",2023,"Budget Authority",40.786641
019,"Department of Energy",019-10-0243,"Other Defense Activities",2023,"Funding Total",41.974413
019,"Department of Energy",019-20-0315,"Non-defense Environmental Cleanup",2023,"CIO Authority",4.052
019,"Department of Energy",019-20-0315,"Non-defense Environmental Cleanup",2023,"Budget Authority",3.125
019,"Department of Energy",019-20-0315,"Non-defense Environmental Cleanup",2023,"Funding Total",14.030212
019,"Department of Energy",019-20-2292,"Office of State and Community Energy Programs",2023,"CIO Authority",0
019,"Department of Energy",019-20-2292,"Office of State and Community Energy Programs",2023,"Budget Authority",0
019,"Department of Energy",019-20-2292,"Office of State and Community Energy Programs",2023,"Funding Total",24.391844
019,"Department of Energy",019-05-0314,"Naval Reactors",2023,"CIO Authority",131.563184
019,"Department of Energy",019-05-0314,"Naval Reactors",2023,"Budget Authority",0.049471
019,"Department of Energy",019-05-0314,"Naval Reactors",2023,"Funding Total",0.058369
019,"Department of Energy",019-20-2250,"Cybersecurity, Energy Security, and Emergency Response",2023,"CIO Authority",2.17081
019,"Department of Energy",019-20-2250,"Cybersecurity, Energy Security, and Emergency Response",2023,"Budget Authority",2.17081
019,"Department of Energy",019-20-2250,"Cybersecurity, Energy Security, and Emergency Response",2023,"Funding Total",9.27081
019,"Department of Energy",019-20-2301,"Grid Deployment",2023,"CIO Authority",0
019,"Department of Energy",019-20-2301,"Grid Deployment",2023,"Budget Authority",0
019,"Department of Energy",019-20-2301,"Grid Deployment",2023,"Funding Total",106.392796
019,"Department of Energy",019-60-0351,"International Affairs",2023,"CIO Authority",0.036572
019,"Department of Energy",019-60-0351,"International Affairs",2023,"Budget Authority",0.036572
019,"Department of Energy",019-60-0351,"International Affairs",2023,"Funding Total",0.036713
019,"Department of Energy",019-20-0322,"Advanced Technology Vehicles Manufacturing Loan Program Account",2023,"CIO Authority",0.755
019,"Department of Energy",019-20-0322,"Advanced Technology Vehicles Manufacturing Loan Program Account",2023,"Budget Authority",0.755
019,"Department of Energy",019-20-0322,"Advanced Technology Vehicles Manufacturing Loan Program Account",2023,"Funding Total",0.85
019,"Department of Energy",019-10-0244,"Defense Nuclear Waste Disposal",2023,"CIO Authority",0
019,"Department of Energy",019-10-0244,"Defense Nuclear Waste Disposal",2023,"Budget Authority",0
019,"Department of Energy",019-10-0244,"Defense Nuclear Waste Disposal",2023,"Funding Total",0.304301
019,"Department of Energy",019-20-2291,"Office of Manufacturing and Energy Supply Chains",2023,"CIO Authority",0
019,"Department of Energy",019-20-2291,"Office of Manufacturing and Energy Supply Chains",2023,"Budget Authority",0
019,"Department of Energy",019-20-2291,"Office of Manufacturing and Energy Supply Chains",2023,"Funding Total",61.959315
019,"Department of Energy",019-50-4045,"Bonneville Power Administration Fund",2023,"CIO Authority",0.149053
019,"Department of Energy",019-50-4045,"Bonneville Power Administration Fund",2023,"Budget Authority",0.149053
019,"Department of Energy",019-50-4045,"Bonneville Power Administration Fund",2023,"Funding Total",0
019,"Department of Energy",019-20-0208,"Title 17 Innovative Technology Loan Guarantee Program",2023,"CIO Authority",4.736
019,"Department of Energy",019-20-0208,"Title 17 Innovative Technology Loan Guarantee Program",2023,"Budget Authority",4.736
019,"Department of Energy",019-20-0208,"Title 17 Innovative Technology Loan Guarantee Program",2023,"Funding Total",5.253964
019,"Department of Energy",019-20-0346,"Office of Technology Transitions",2023,"CIO Authority",0
019,"Department of Energy",019-20-0346,"Office of Technology Transitions",2023,"Budget Authority",0
019,"Department of Energy",019-20-0346,"Office of Technology Transitions",2023,"Funding Total",1.5
019,"Department of Energy",019-20-2297,"Office of Clean Energy Demonstrations",2023,"CIO Authority",0
019,"Department of Energy",019-20-2297,"Office of Clean Energy Demonstrations",2023,"Budget Authority",0
019,"Department of Energy",019-20-2297,"Office of Clean Energy Demonstrations",2023,"Funding Total",160.522203
019,"Department of Energy",019-05-0313,"Federal Salaries and Expenses",2023,"CIO Authority",5.170308
019,"Department of Energy",019-05-0313,"Federal Salaries and Expenses",2023,"Budget Authority",3.98882
019,"Department of Energy",019-05-0313,"Federal Salaries and Expenses",2023,"Funding Total",9.987728
019,"Department of Energy",019-20-2293,"Federal Energy Management Program",2023,"CIO Authority",0
019,"Department of Energy",019-20-2293,"Federal Energy Management Program",2023,"Budget Authority",0
019,"Department of Energy",019-20-2293,"Federal Energy Management Program",2023,"Funding Total",0.757199
019,"Department of Energy",019-20-0337,"Advanced Research Projects Agency--Energy",2023,"CIO Authority",1.70005
019,"Department of Energy",019-20-0337,"Advanced Research Projects Agency--Energy",2023,"Budget Authority",1.70005
019,"Department of Energy",019-20-0337,"Advanced Research Projects Agency--Energy",2023,"Funding Total",1.70005
019,"Department of Energy",019-20-0233,"SPR Petroleum Account",2023,"CIO Authority",0.377
019,"Department of Energy",019-20-0233,"SPR Petroleum Account",2023,"Budget Authority",0.377
019,"Department of Energy",019-20-0233,"SPR Petroleum Account",2023,"Funding Total",0.377
019,"Department of Energy",019-20-4455,"Title 17 Innovative Technology Direct Loan Financing Account",2023,"CIO Authority",0
019,"Department of Energy",019-20-4455,"Title 17 Innovative Technology Direct Loan Financing Account",2023,"Budget Authority",0
019,"Department of Energy",019-20-4455,"Title 17 Innovative Technology Direct Loan Financing Account",2023,"Funding Total",17.84726
019,"Department of Energy",019-20-0350,"Tribal Energy Loan Guarantee Program",2023,"CIO Authority",0.289
019,"Department of Energy",019-20-0350,"Tribal Energy Loan Guarantee Program",2023,"Budget Authority",0.289
019,"Department of Energy",019-20-0350,"Tribal Energy Loan Guarantee Program",2023,"Funding Total",0.35
019,"Department of Energy",019-20-5369,"Northeast Home Heating Oil Reserve",2023,"CIO Authority",0.364
019,"Department of Energy",019-20-5369,"Northeast Home Heating Oil Reserve",2023,"Budget Authority",0.364
019,"Department of Energy",019-20-5369,"Northeast Home Heating Oil Reserve",2023,"Funding Total",0.364
019,"Department of Energy",019-20-0224,"Energy Supply and Conservation",2023,"CIO Authority",0.04
019,"Department of Energy",019-20-0224,"Energy Supply and Conservation",2023,"Budget Authority",0.04
019,"Department of Energy",019-20-0224,"Energy Supply and Conservation",2023,"Funding Total",0.040743
019,"Department of Energy",019-10-0251,"Defense Environmental Cleanup",2024,"CIO Authority",102.932
019,"Department of Energy",019-10-0251,"Defense Environmental Cleanup",2024,"Budget Authority",96.387155
019,"Department of Energy",019-10-0251,"Defense Environmental Cleanup",2024,"Funding Total",405.745372
019,"Department of Energy",019-20-0321,"Energy Efficiency and Renewable Energy",2024,"CIO Authority",55.756
019,"Department of Energy",019-20-0321,"Energy Efficiency and Renewable Energy",2024,"Budget Authority",51.128721
019,"Department of Energy",019-20-0321,"Energy Efficiency and Renewable Energy",2024,"Funding Total",126.641135
019,"Department of Energy",019-60-4563,"Working Capital Fund",2024,"CIO Authority",85.603429
019,"Department of Energy",019-60-4563,"Working Capital Fund",2024,"Budget Authority",85.603429
019,"Department of Energy",019-60-4563,"Working Capital Fund",2024,"Funding Total",96.035187
019,"Department of Energy",019-20-2301,"Grid Deployment",2024,"CIO Authority",0
019,"Department of Energy",019-20-2301,"Grid Deployment",2024,"Budget Authority",0
019,"Department of Energy",019-20-2301,"Grid Deployment",2024,"Funding Total",106.487696
019,"Department of Energy",019-20-0222,Science,2024,"CIO Authority",117.058467
019,"Department of Energy",019-20-0222,Science,2024,"Budget Authority",117.058467
019,"Department of Energy",019-20-0222,Science,2024,"Funding Total",582.879592
019,"Department of Energy",019-05-0240,"Weapons Activities",2024,"CIO Authority",889.136
019,"Department of Energy",019-05-0240,"Weapons Activities",2024,"Budget Authority",266.930979
019,"Department of Energy",019-05-0240,"Weapons Activities",2024,"Funding Total",1603.705816
019,"Department of Energy",019-05-0309,"Defense Nuclear Nonproliferation",2024,"CIO Authority",43.579
019,"Department of Energy",019-05-0309,"Defense Nuclear Nonproliferation",2024,"Budget Authority",20.078984
019,"Department of Energy",019-05-0309,"Defense Nuclear Nonproliferation",2024,"Funding Total",73.361626
019,"Department of Energy",019-20-5227,"Nuclear Waste Disposal",2024,"CIO Authority",2.335
019,"Department of Energy",019-20-5227,"Nuclear Waste Disposal",2024,"Budget Authority",2.334667
019,"Department of Energy",019-20-5227,"Nuclear Waste Disposal",2024,"Funding Total",17.37578
019,"Department of Energy",019-10-0243,"Other Defense Activities",2024,"CIO Authority",54.459
019,"Department of Energy",019-10-0243,"Other Defense Activities",2024,"Budget Authority",44.483385
019,"Department of Energy",019-10-0243,"Other Defense Activities",2024,"Funding Total",42.202913
019,"Department of Energy",019-20-0218,"Strategic Petroleum Reserve",2024,"CIO Authority",1.375494
019,"Department of Energy",019-20-0218,"Strategic Petroleum Reserve",2024,"Budget Authority",1.375494
019,"Department of Energy",019-20-0218,"Strategic Petroleum Reserve",2024,"Funding Total",23.613281
019,"Department of Energy",019-20-2250,"Cybersecurity, Energy Security, and Emergency Response",2024,"CIO Authority",2.171
019,"Department of Energy",019-20-2250,"Cybersecurity, Energy Security, and Emergency Response",2024,"Budget Authority",2.17081
019,"Department of Energy",019-20-2250,"Cybersecurity, Energy Security, and Emergency Response",2024,"Funding Total",9.297291
019,"Department of Energy",019-50-0303,"Operation and Maintenance, Southwestern Power Administration",2024,"CIO Authority",11.777223
019,"Department of Energy",019-50-0303,"Operation and Maintenance, Southwestern Power Administration",2024,"Budget Authority",11.777223
019,"Department of Energy",019-50-0303,"Operation and Maintenance, Southwestern Power Administration",2024,"Funding Total",11.769876
019,"Department of Energy",019-60-0228,"Departmental Administration",2024,"CIO Authority",375.489958
019,"Department of Energy",019-60-0228,"Departmental Administration",2024,"Budget Authority",375.354458
019,"Department of Energy",019-60-0228,"Departmental Administration",2024,"Funding Total",423.730008
019,"Department of Energy",019-20-0318,Electricity,2024,"CIO Authority",2.700261
019,"Department of Energy",019-20-0318,Electricity,2024,"Budget Authority",0.373061
019,"Department of Energy",019-20-0318,Electricity,2024,"Funding Total",20.754071
019,"Department of Energy",019-20-0346,"Office of Technology Transitions",2024,"CIO Authority",1.5
019,"Department of Energy",019-20-0346,"Office of Technology Transitions",2024,"Budget Authority",1.5
019,"Department of Energy",019-20-0346,"Office of Technology Transitions",2024,"Funding Total",1.5
019,"Department of Energy",019-20-0216,"Energy Information Administration",2024,"CIO Authority",34.881
019,"Department of Energy",019-20-0216,"Energy Information Administration",2024,"Budget Authority",34.881
019,"Department of Energy",019-20-0216,"Energy Information Administration",2024,"Funding Total",37.6
019,"Department of Energy",019-20-0315,"Non-defense Environmental Cleanup",2024,"CIO Authority",8.893
019,"Department of Energy",019-20-0315,"Non-defense Environmental Cleanup",2024,"Budget Authority",7.876
019,"Department of Energy",019-20-0315,"Non-defense Environmental Cleanup",2024,"Funding Total",8.49035
019,"Department of Energy",019-20-0319,"Nuclear Energy",2024,"CIO Authority",14.460131
019,"Department of Energy",019-20-0319,"Nuclear Energy",2024,"Budget Authority",14.460131
019,"Department of Energy",019-20-0319,"Nuclear Energy",2024,"Funding Total",107.525332
019,"Department of Energy",019-50-5068,"Construction, Rehabilitation, Operation and Maintenance, Western Area Power Administration",2024,"CIO Authority",70.817971
019,"Department of Energy",019-50-5068,"Construction, Rehabilitation, Operation and Maintenance, Western Area Power Administration",2024,"Budget Authority",70.817971
019,"Department of Energy",019-50-5068,"Construction, Rehabilitation, Operation and Maintenance, Western Area Power Administration",2024,"Funding Total",72.427418
019,"Department of Energy",019-20-0213,"Fossil Energy and Carbon Management",2024,"CIO Authority",44.590373
019,"Department of Energy",019-20-0213,"Fossil Energy and Carbon Management",2024,"Budget Authority",44.590373
019,"Department of Energy",019-20-0213,"Fossil Energy and Carbon Management",2024,"Funding Total",62.655738
019,"Department of Energy",019-60-0351,"International Affairs",2024,"CIO Authority",0.036925
019,"Department of Energy",019-60-0351,"International Affairs",2024,"Budget Authority",0.036925
019,"Department of Energy",019-60-0351,"International Affairs",2024,"Funding Total",0.03614
019,"Department of Energy",019-05-0313,"Federal Salaries and Expenses",2024,"CIO Authority",17.152062
019,"Department of Energy",019-05-0313,"Federal Salaries and Expenses",2024,"Budget Authority",13.351139
019,"Department of Energy",019-05-0313,"Federal Salaries and Expenses",2024,"Funding Total",10.224468
019,"Department of Energy",019-50-0302,"Operation and Maintenance, Southeastern Power Administration",2024,"CIO Authority",3.242
019,"Department of Energy",019-50-0302,"Operation and Maintenance, Southeastern Power Administration",2024,"Budget Authority",3.242
019,"Department of Energy",019-50-0302,"Operation and Maintenance, Southeastern Power Administration",2024,"Funding Total",2.343618
019,"Department of Energy",019-60-0236,"Office of the Inspector General",2024,"CIO Authority",2.187266
019,"Department of Energy",019-60-0236,"Office of the Inspector General",2024,"Budget Authority",2.187266
019,"Department of Energy",019-60-0236,"Office of the Inspector General",2024,"Funding Total",5.64557
019,"Department of Energy",019-20-2297,"Office of Clean Energy Demonstrations",2024,"CIO Authority",0.0001
019,"Department of Energy",019-20-2297,"Office of Clean Energy Demonstrations",2024,"Budget Authority",0.0001
019,"Department of Energy",019-20-2297,"Office of Clean Energy Demonstrations",2024,"Funding Total",164.311876
019,"Department of Energy",019-20-0208,"Title 17 Innovative Technology Loan Guarantee Program",2024,"CIO Authority",7.289884
019,"Department of Energy",019-20-0208,"Title 17 Innovative Technology Loan Guarantee Program",2024,"Budget Authority",7.289884
019,"Department of Energy",019-20-0208,"Title 17 Innovative Technology Loan Guarantee Program",2024,"Funding Total",7.30705
019,"Department of Energy",019-20-5369,"Northeast Home Heating Oil Reserve",2024,"CIO Authority",0.756
019,"Department of Energy",019-20-5369,"Northeast Home Heating Oil Reserve",2024,"Budget Authority",0.756
019,"Department of Energy",019-20-5369,"Northeast Home Heating Oil Reserve",2024,"Funding Total",0.756
019,"Department of Energy",019-20-2298,"National Energy Technology Laboratory Research and Development",2024,"CIO Authority",0
019,"Department of Energy",019-20-2298,"National Energy Technology Laboratory Research and Development",2024,"Budget Authority",0.065
019,"Department of Energy",019-20-2298,"National Energy Technology Laboratory Research and Development",2024,"Funding Total",0
019,"Department of Energy",019-20-2300,"Carbon Dioxide Transportation Infrastructure Finance and Innovation Program Account",2024,"CIO Authority",0.437
019,"Department of Energy",019-20-2300,"Carbon Dioxide Transportation Infrastructure Finance and Innovation Program Account",2024,"Budget Authority",0.437
019,"Department of Energy",019-20-2300,"Carbon Dioxide Transportation Infrastructure Finance and Innovation Program Account",2024,"Funding Total",0.437
019,"Department of Energy",019-50-4045,"Bonneville Power Administration Fund",2024,"CIO Authority",0.144292
019,"Department of Energy",019-50-4045,"Bonneville Power Administration Fund",2024,"Budget Authority",0.144292
019,"Department of Energy",019-50-4045,"Bonneville Power Administration Fund",2024,"Funding Total",0
019,"Department of Energy",019-20-0337,"Advanced Research Projects Agency--Energy",2024,"CIO Authority",1.859246
019,"Department of Energy",019-20-0337,"Advanced Research Projects Agency--Energy",2024,"Budget Authority",1.859246
019,"Department of Energy",019-20-0337,"Advanced Research Projects Agency--Energy",2024,"Funding Total",1.75005
019,"Department of Energy",019-20-2292,"Office of State and Community Energy Programs",2024,"CIO Authority",0
019,"Department of Energy",019-20-2292,"Office of State and Community Energy Programs",2024,"Budget Authority",0
019,"Department of Energy",019-20-2292,"Office of State and Community Energy Programs",2024,"Funding Total",26.422421
019,"Department of Energy",019-20-0322,"Advanced Technology Vehicles Manufacturing Loan Program Account",2024,"CIO Authority",1.052
019,"Department of Energy",019-20-0322,"Advanced Technology Vehicles Manufacturing Loan Program Account",2024,"Budget Authority",1.052
019,"Department of Energy",019-20-0322,"Advanced Technology Vehicles Manufacturing Loan Program Account",2024,"Funding Total",1.052
019,"Department of Energy",019-20-2293,"Federal Energy Management Program",2024,"CIO Authority",0
019,"Department of Energy",019-20-2293,"Federal Energy Management Program",2024,"Budget Authority",0
019,"Department of Energy",019-20-2293,"Federal Energy Management Program",2024,"Funding Total",24.771979
019,"Department of Energy",019-20-2291,"Office of Manufacturing and Energy Supply Chains",2024,"CIO Authority",0
019,"Department of Energy",019-20-2291,"Office of Manufacturing and Energy Supply Chains",2024,"Budget Authority",0
019,"Department of Energy",019-20-2291,"Office of Manufacturing and Energy Supply Chains",2024,"Funding Total",62.966777
019,"Department of Energy",019-05-0314,"Naval Reactors",2024,"CIO Authority",152.182583
019,"Department of Energy",019-05-0314,"Naval Reactors",2024,"Budget Authority",0.054973
019,"Department of Energy",019-05-0314,"Naval Reactors",2024,"Funding Total",0.060178
019,"Department of Energy",019-20-0350,"Tribal Energy Loan Guarantee Program",2024,"CIO Authority",0.27
019,"Department of Energy",019-20-0350,"Tribal Energy Loan Guarantee Program",2024,"Budget Authority",0.27
019,"Department of Energy",019-20-0350,"Tribal Energy Loan Guarantee Program",2024,"Funding Total",0.27
019,"Department of Energy",019-20-4455,"Title 17 Innovative Technology Direct Loan Financing Account",2024,"CIO Authority",0
019,"Department of Energy",019-20-4455,"Title 17 Innovative Technology Direct Loan Financing Account",2024,"Budget Authority",0
019,"Department of Energy",019-20-4455,"Title 17 Innovative Technology Direct Loan Financing Account",2024,"Funding Total",18.30142
019,"Department of Energy",019-10-0244,"Defense Nuclear Waste Disposal",2024,"CIO Authority",0
019,"Department of Energy",019-10-0244,"Defense Nuclear Waste Disposal",2024,"Budget Authority",0
019,"Department of Energy",019-10-0244,"Defense Nuclear Waste Disposal",2024,"Funding Total",0
019,"Department of Energy",019-20-0224,"Energy Supply and Conservation",2024,"CIO Authority",0.04018
019,"Department of Energy",019-20-0224,"Energy Supply and Conservation",2024,"Budget Authority",0.04018
019,"Department of Energy",019-20-0224,"Energy Supply and Conservation",2024,"Funding Total",0.04027
019,"Department of Energy",019-20-4370,"Tribal Indian Energy Resource Development Loan Guarantee Financing Account",2024,"CIO Authority",0
019,"Department of Energy",019-20-4370,"Tribal Indian Energy Resource Development Loan Guarantee Financing Account",2024,"Budget Authority",0
019,"Department of Energy",019-20-4370,"Tribal Indian Energy Resource Development Loan Guarantee Financing Account",2024,"Funding Total",0
019,"Department of Energy",019-05-0240,"Weapons Activities",2025,"CIO Authority",1018.949459
019,"Department of Energy",019-05-0240,"Weapons Activities",2025,"Budget Authority",305.042721
019,"Department of Energy",019-05-0240,"Weapons Activities",2025,"Funding Total",1656.780361
019,"Department of Energy",019-20-0321,"Energy Efficiency and Renewable Energy",2025,"CIO Authority",59.713368
019,"Department of Energy",019-20-0321,"Energy Efficiency and Renewable Energy",2025,"Budget Authority",59.713368
019,"Department of Energy",019-20-0321,"Energy Efficiency and Renewable Energy",2025,"Funding Total",137.414684
019,"Department of Energy",019-05-0309,"Defense Nuclear Nonproliferation",2025,"CIO Authority",39.522943
019,"Department of Energy",019-05-0309,"Defense Nuclear Nonproliferation",2025,"Budget Authority",18.535412
019,"Department of Energy",019-05-0309,"Defense Nuclear Nonproliferation",2025,"Funding Total",74.465799
019,"Department of Energy",019-10-0251,"Defense Environmental Cleanup",2025,"CIO Authority",113.562361
019,"Department of Energy",019-10-0251,"Defense Environmental Cleanup",2025,"Budget Authority",104.29536
019,"Department of Energy",019-10-0251,"Defense Environmental Cleanup",2025,"Funding Total",471.693257
019,"Department of Energy",019-20-0319,"Nuclear Energy",2025,"CIO Authority",14.34379
019,"Department of Energy",019-20-0319,"Nuclear Energy",2025,"Budget Authority",14.34379
019,"Department of Energy",019-20-0319,"Nuclear Energy",2025,"Funding Total",111.688635
019,"Department of Energy",019-10-0243,"Other Defense Activities",2025,"CIO Authority",53.318782
019,"Department of Energy",019-10-0243,"Other Defense Activities",2025,"Budget Authority",43.633196
019,"Department of Energy",019-10-0243,"Other Defense Activities",2025,"Funding Total",42.914092
019,"Department of Energy",019-20-0213,"Fossil Energy and Carbon Management",2025,"CIO Authority",88.895474
019,"Department of Energy",019-20-0213,"Fossil Energy and Carbon Management",2025,"Budget Authority",88.895474
019,"Department of Energy",019-20-0213,"Fossil Energy and Carbon Management",2025,"Funding Total",90.971337
019,"Department of Energy",019-20-0222,Science,2025,"CIO Authority",117.880176
019,"Department of Energy",019-20-0222,Science,2025,"Budget Authority",117.880176
019,"Department of Energy",019-20-0222,Science,2025,"Funding Total",592.49788
019,"Department of Energy",019-20-0218,"Strategic Petroleum Reserve",2025,"CIO Authority",1.340937
019,"Department of Energy",019-20-0218,"Strategic Petroleum Reserve",2025,"Budget Authority",1.340937
019,"Department of Energy",019-20-0218,"Strategic Petroleum Reserve",2025,"Funding Total",23.607806
019,"Department of Energy",019-60-0228,"Departmental Administration",2025,"CIO Authority",400.321576
019,"Department of Energy",019-60-0228,"Departmental Administration",2025,"Budget Authority",400.136576
019,"Department of Energy",019-60-0228,"Departmental Administration",2025,"Funding Total",399.535825
019,"Department of Energy",019-20-2301,"Grid Deployment",2025,"CIO Authority",111.325081
019,"Department of Energy",019-20-2301,"Grid Deployment",2025,"Budget Authority",111.325081
019,"Department of Energy",019-20-2301,"Grid Deployment",2025,"Funding Total",111.325081
019,"Department of Energy",019-20-2250,"Cybersecurity, Energy Security, and Emergency Response",2025,"CIO Authority",2.197953
019,"Department of Energy",019-20-2250,"Cybersecurity, Energy Security, and Emergency Response",2025,"Budget Authority",2.197953
019,"Department of Energy",019-20-2250,"Cybersecurity, Energy Security, and Emergency Response",2025,"Funding Total",9.298883
019,"Department of Energy",019-05-0313,"Federal Salaries and Expenses",2025,"CIO Authority",14.800171
019,"Department of Energy",019-05-0313,"Federal Salaries and Expenses",2025,"Budget Authority",10.597173
019,"Department of Energy",019-05-0313,"Federal Salaries and Expenses",2025,"Funding Total",11.151128
019,"Department of Energy",019-60-4563,"Working Capital Fund",2025,"CIO Authority",96.469882
019,"Department of Energy",019-60-4563,"Working Capital Fund",2025,"Budget Authority",96.469882
019,"Department of Energy",019-60-4563,"Working Capital Fund",2025,"Funding Total",96.284382
019,"Department of Energy",019-20-2292,"Office of State and Community Energy Programs",2025,"CIO Authority",25.603881
019,"Department of Energy",019-20-2292,"Office of State and Community Energy Programs",2025,"Budget Authority",25.603881
019,"Department of Energy",019-20-2292,"Office of State and Community Energy Programs",2025,"Funding Total",25.603881
019,"Department of Energy",019-20-0216,"Energy Information Administration",2025,"CIO Authority",37.357999
019,"Department of Energy",019-20-0216,"Energy Information Administration",2025,"Budget Authority",37.357999
019,"Department of Energy",019-20-0216,"Energy Information Administration",2025,"Funding Total",42.459
019,"Department of Energy",019-60-0236,"Office of the Inspector General",2025,"CIO Authority",4.674782
019,"Department of Energy",019-60-0236,"Office of the Inspector General",2025,"Budget Authority",4.674782
019,"Department of Energy",019-60-0236,"Office of the Inspector General",2025,"Funding Total",4.959727
019,"Department of Energy",019-50-0302,"Operation and Maintenance, Southeastern Power Administration",2025,"CIO Authority",2.50244
019,"Department of Energy",019-50-0302,"Operation and Maintenance, Southeastern Power Administration",2025,"Budget Authority",2.50244
019,"Department of Energy",019-50-0302,"Operation and Maintenance, Southeastern Power Administration",2025,"Funding Total",2.50244
019,"Department of Energy",019-20-0350,"Tribal Energy Loan Guarantee Program",2025,"CIO Authority",0.308
019,"Department of Energy",019-20-0350,"Tribal Energy Loan Guarantee Program",2025,"Budget Authority",0.308
019,"Department of Energy",019-20-0350,"Tribal Energy Loan Guarantee Program",2025,"Funding Total",0.308
019,"Department of Energy",019-50-0303,"Operation and Maintenance, Southwestern Power Administration",2025,"CIO Authority",10.527949
019,"Department of Energy",019-50-0303,"Operation and Maintenance, Southwestern Power Administration",2025,"Budget Authority",10.527949
019,"Department of Energy",019-50-0303,"Operation and Maintenance, Southwestern Power Administration",2025,"Funding Total",10.52178
019,"Department of Energy",019-50-5068,"Construction, Rehabilitation, Operation and Maintenance, Western Area Power Administration",2025,"CIO Authority",77.321125
019,"Department of Energy",019-50-5068,"Construction, Rehabilitation, Operation and Maintenance, Western Area Power Administration",2025,"Budget Authority",77.321125
019,"Department of Energy",019-50-5068,"Construction, Rehabilitation, Operation and Maintenance, Western Area Power Administration",2025,"Funding Total",33.428477
019,"Department of Energy",019-20-0318,Electricity,2025,"CIO Authority",31.767754
019,"Department of Energy",019-20-0318,Electricity,2025,"Budget Authority",31.767754
019,"Department of Energy",019-20-0318,Electricity,2025,"Funding Total",22.653362
019,"Department of Energy",019-20-2297,"Office of Clean Energy Demonstrations",2025,"CIO Authority",171.767891
019,"Department of Energy",019-20-2297,"Office of Clean Energy Demonstrations",2025,"Budget Authority",171.767891
019,"Department of Energy",019-20-2297,"Office of Clean Energy Demonstrations",2025,"Funding Total",171.767791
019,"Department of Energy",019-20-5369,"Northeast Home Heating Oil Reserve",2025,"CIO Authority",0.756
019,"Department of Energy",019-20-5369,"Northeast Home Heating Oil Reserve",2025,"Budget Authority",0.756
019,"Department of Energy",019-20-5369,"Northeast Home Heating Oil Reserve",2025,"Funding Total",0.756
019,"Department of Energy",019-20-0315,"Non-defense Environmental Cleanup",2025,"CIO Authority",7.1
019,"Department of Energy",019-20-0315,"Non-defense Environmental Cleanup",2025,"Budget Authority",7.1
019,"Department of Energy",019-20-0315,"Non-defense Environmental Cleanup",2025,"Funding Total",10.434003
019,"Department of Energy",019-20-0322,"Advanced Technology Vehicles Manufacturing Loan Program Account",2025,"CIO Authority",1.188
019,"Department of Energy",019-20-0322,"Advanced Technology Vehicles Manufacturing Loan Program Account",2025,"Budget Authority",1.188
019,"Department of Energy",019-20-0322,"Advanced Technology Vehicles Manufacturing Loan Program Account",2025,"Funding Total",1.188
019,"Department of Energy",019-20-2291,"Office of Manufacturing and Energy Supply Chains",2025,"CIO Authority",66.083351
019,"Department of Energy",019-20-2291,"Office of Manufacturing and Energy Supply Chains",2025,"Budget Authority",66.083351
019,"Department of Energy",019-20-2291,"Office of Manufacturing and Energy Supply Chains",2025,"Funding Total",66.083351
019,"Department of Energy",019-20-0224,"Energy Supply and Conservation",2025,"CIO Authority",0.040743
019,"Department of Energy",019-20-0224,"Energy Supply and Conservation",2025,"Budget Authority",0.040743
019,"Department of Energy",019-20-0224,"Energy Supply and Conservation",2025,"Funding Total",0.04027
019,"Department of Energy",019-20-2293,"Federal Energy Management Program",2025,"CIO Authority",0.215581
019,"Department of Energy",019-20-2293,"Federal Energy Management Program",2025,"Budget Authority",0.215581
019,"Department of Energy",019-20-2293,"Federal Energy Management Program",2025,"Funding Total",0.215581
019,"Department of Energy",019-05-0314,"Naval Reactors",2025,"CIO Authority",152.235518
019,"Department of Energy",019-05-0314,"Naval Reactors",2025,"Budget Authority",0.062116
019,"Department of Energy",019-05-0314,"Naval Reactors",2025,"Funding Total",0.059661
019,"Department of Energy",019-20-0208,"Title 17 Innovative Technology Loan Guarantee Program",2025,"CIO Authority",8.297793
019,"Department of Energy",019-20-0208,"Title 17 Innovative Technology Loan Guarantee Program",2025,"Budget Authority",8.297793
019,"Department of Energy",019-20-0208,"Title 17 Innovative Technology Loan Guarantee Program",2025,"Funding Total",8.297793
019,"Department of Energy",019-20-0337,"Advanced Research Projects Agency--Energy",2025,"CIO Authority",1.78505
019,"Department of Energy",019-20-0337,"Advanced Research Projects Agency--Energy",2025,"Budget Authority",1.78505
019,"Department of Energy",019-20-0337,"Advanced Research Projects Agency--Energy",2025,"Funding Total",1.78505
019,"Department of Energy",019-60-0351,"International Affairs",2025,"CIO Authority",0.036713
019,"Department of Energy",019-60-0351,"International Affairs",2025,"Budget Authority",0.036713
019,"Department of Energy",019-60-0351,"International Affairs",2025,"Funding Total",0.03614
019,"Department of Energy",019-50-4045,"Bonneville Power Administration Fund",2025,"CIO Authority",0.11844
019,"Department of Energy",019-50-4045,"Bonneville Power Administration Fund",2025,"Budget Authority",0.11844
019,"Department of Energy",019-50-4045,"Bonneville Power Administration Fund",2025,"Funding Total",0.13638
019,"Department of Energy",019-20-5227,"Nuclear Waste Disposal",2025,"CIO Authority",0
019,"Department of Energy",019-20-5227,"Nuclear Waste Disposal",2025,"Budget Authority",0
019,"Department of Energy",019-20-5227,"Nuclear Waste Disposal",2025,"Funding Total",0.23847
019,"Department of Energy",019-20-0346,"Office of Technology Transitions",2025,"CIO Authority",1.5
019,"Department of Energy",019-20-0346,"Office of Technology Transitions",2025,"Budget Authority",1.5
019,"Department of Energy",019-20-0346,"Office of Technology Transitions",2025,"Funding Total",1.5
019,"Department of Energy",019-20-4455,"Title 17 Innovative Technology Direct Loan Financing Account",2025,"CIO Authority",19.22478
019,"Department of Energy",019-20-4455,"Title 17 Innovative Technology Direct Loan Financing Account",2025,"Budget Authority",19.22478
019,"Department of Energy",019-20-4455,"Title 17 Innovative Technology Direct Loan Financing Account",2025,"Funding Total",19.22478
019,"Department of Energy",019-20-0233,"SPR Petroleum Account",2025,"CIO Authority",0.003758
019,"Department of Energy",019-20-0233,"SPR Petroleum Account",2025,"Budget Authority",0.003758
019,"Department of Energy",019-20-0233,"SPR Petroleum Account",2025,"Funding Total",0.003379
019,"Department of Energy",019-20-2300,"Carbon Dioxide Transportation Infrastructure Finance and Innovation Program Account",2025,"CIO Authority",0.509
019,"Department of Energy",019-20-2300,"Carbon Dioxide Transportation Infrastructure Finance and Innovation Program Account",2025,"Budget Authority",0.509
019,"Department of Energy",019-20-2300,"Carbon Dioxide Transportation Infrastructure Finance and Innovation Program Account",2025,"Funding Total",0.509
023,"General Services Administration",023-30-4540,"Working Capital Fund",2022,"CIO Authority",0
023,"General Services Administration",023-30-4540,"Working Capital Fund",2022,"Budget Authority",0
023,"General Services Administration",023-30-4540,"Working Capital Fund",2022,"Funding Total",394.942351
023,"General Services Administration",023-10-4534,"Acquisition Services Fund",2022,"CIO Authority",0
023,"General Services Administration",023-10-4534,"Acquisition Services Fund",2022,"Budget Authority",0
023,"General Services Administration",023-10-4534,"Acquisition Services Fund",2022,"Funding Total",371.002259
023,"General Services Administration",023-05-4542,"Federal Buildings Fund",2022,"CIO Authority",0
023,"General Services Administration",023-05-4542,"Federal Buildings Fund",2022,"Budget Authority",0
023,"General Services Administration",023-05-4542,"Federal Buildings Fund",2022,"Funding Total",62.394632
023,"General Services Administration",023-30-0401,"Government-wide Policy",2022,"CIO Authority",0
023,"General Services Administration",023-30-0401,"Government-wide Policy",2022,"Budget Authority",0
023,"General Services Administration",023-30-0401,"Government-wide Policy",2022,"Funding Total",15.159216
023,"General Services Administration",023-30-0108,"Office of Inspector General",2022,"CIO Authority",0
023,"General Services Administration",023-30-0108,"Office of Inspector General",2022,"Budget Authority",0
023,"General Services Administration",023-30-0108,"Office of Inspector General",2022,"Funding Total",8.289
023,"General Services Administration",023-30-4549,"Federal Citizen Services Fund",2022,"CIO Authority",0
023,"General Services Administration",023-30-4549,"Federal Citizen Services Fund",2022,"Budget Authority",0
023,"General Services Administration",023-30-4549,"Federal Citizen Services Fund",2022,"Funding Total",71.806451
023,"General Services Administration",023-10-5250,"Expenses of Transportation Audit Contracts and Contract Administration",2022,"CIO Authority",0
023,"General Services Administration",023-10-5250,"Expenses of Transportation Audit Contracts and Contract Administration",2022,"Budget Authority",0
023,"General Services Administration",023-10-5250,"Expenses of Transportation Audit Contracts and Contract Administration",2022,"Funding Total",1.997534
023,"General Services Administration",023-30-0110,"Operating expenses",2022,"CIO Authority",0
023,"General Services Administration",023-30-0110,"Operating expenses",2022,"Budget Authority",0
023,"General Services Administration",023-30-0110,"Operating expenses",2022,"Funding Total",1.894653
023,"General Services Administration",023-05-4542,"Federal Buildings Fund",2023,"CIO Authority",75.810402
023,"General Services Administration",023-05-4542,"Federal Buildings Fund",2023,"Budget Authority",59.49027
023,"General Services Administration",023-05-4542,"Federal Buildings Fund",2023,"Funding Total",70.150516
023,"General Services Administration",023-10-4534,"Acquisition Services Fund",2023,"CIO Authority",249.915012
023,"General Services Administration",023-10-4534,"Acquisition Services Fund",2023,"Budget Authority",247.865572
023,"General Services Administration",023-10-4534,"Acquisition Services Fund",2023,"Funding Total",525.088112
023,"General Services Administration",023-30-0401,"Government-wide Policy",2023,"CIO Authority",18.22642
023,"General Services Administration",023-30-0401,"Government-wide Policy",2023,"Budget Authority",18.199102
023,"General Services Administration",023-30-0401,"Government-wide Policy",2023,"Funding Total",13.613589
023,"General Services Administration",023-30-4540,"Working Capital Fund",2023,"CIO Authority",371.986579
023,"General Services Administration",023-30-4540,"Working Capital Fund",2023,"Budget Authority",369.528383
023,"General Services Administration",023-30-4540,"Working Capital Fund",2023,"Funding Total",399.128837
023,"General Services Administration",023-10-5250,"Expenses of Transportation Audit Contracts and Contract Administration",2023,"CIO Authority",1.933335
023,"General Services Administration",023-10-5250,"Expenses of Transportation Audit Contracts and Contract Administration",2023,"Budget Authority",1.933335
023,"General Services Administration",023-10-5250,"Expenses of Transportation Audit Contracts and Contract Administration",2023,"Funding Total",2.202317
023,"General Services Administration",023-30-4549,"Federal Citizen Services Fund",2023,"CIO Authority",72.537257
023,"General Services Administration",023-30-4549,"Federal Citizen Services Fund",2023,"Budget Authority",64.048023
023,"General Services Administration",023-30-4549,"Federal Citizen Services Fund",2023,"Funding Total",85.526311
023,"General Services Administration",023-30-0110,"Operating expenses",2023,"CIO Authority",0.873705
023,"General Services Administration",023-30-0110,"Operating expenses",2023,"Budget Authority",0.873705
023,"General Services Administration",023-30-0110,"Operating expenses",2023,"Funding Total",0.929402
023,"General Services Administration",023-30-0108,"Office of Inspector General",2023,"CIO Authority",0
023,"General Services Administration",023-30-0108,"Office of Inspector General",2023,"Budget Authority",0
023,"General Services Administration",023-30-0108,"Office of Inspector General",2023,"Funding Total",8.228
023,"General Services Administration",023-30-4540,"Working Capital Fund",2024,"CIO Authority",410.957759
023,"General Services Administration",023-30-4540,"Working Capital Fund",2024,"Budget Authority",409.743129
023,"General Services Administration",023-30-4540,"Working Capital Fund",2024,"Funding Total",466.096345
023,"General Services Administration",023-05-4542,"Federal Buildings Fund",2024,"CIO Authority",80.003784
023,"General Services Administration",023-05-4542,"Federal Buildings Fund",2024,"Budget Authority",67.916461
023,"General Services Administration",023-05-4542,"Federal Buildings Fund",2024,"Funding Total",77.852904
023,"General Services Administration",023-30-0401,"Government-wide Policy",2024,"CIO Authority",14.449944
023,"General Services Administration",023-30-0401,"Government-wide Policy",2024,"Budget Authority",14.449944
023,"General Services Administration",023-30-0401,"Government-wide Policy",2024,"Funding Total",14.922186
023,"General Services Administration",023-10-4534,"Acquisition Services Fund",2024,"CIO Authority",254.440767
023,"General Services Administration",023-10-4534,"Acquisition Services Fund",2024,"Budget Authority",252.260447
023,"General Services Administration",023-10-4534,"Acquisition Services Fund",2024,"Funding Total",551.936476
023,"General Services Administration",023-30-4549,"Federal Citizen Services Fund",2024,"CIO Authority",118.963346
023,"General Services Administration",023-30-4549,"Federal Citizen Services Fund",2024,"Budget Authority",97.912559
023,"General Services Administration",023-30-4549,"Federal Citizen Services Fund",2024,"Funding Total",86.204333
023,"General Services Administration",023-30-0110,"Operating expenses",2024,"CIO Authority",1.067307
023,"General Services Administration",023-30-0110,"Operating expenses",2024,"Budget Authority",1.067307
023,"General Services Administration",023-30-0110,"Operating expenses",2024,"Funding Total",1.256581
023,"General Services Administration",023-10-5250,"Expenses of Transportation Audit Contracts and Contract Administration",2024,"CIO Authority",2.166926
023,"General Services Administration",023-10-5250,"Expenses of Transportation Audit Contracts and Contract Administration",2024,"Budget Authority",2.166926
023,"General Services Administration",023-10-5250,"Expenses of Transportation Audit Contracts and Contract Administration",2024,"Funding Total",2.060332
023,"General Services Administration",023-30-5381,"Acquisition Workforce Training Fund",2024,"CIO Authority",0.478153
023,"General Services Administration",023-30-5381,"Acquisition Workforce Training Fund",2024,"Budget Authority",0
023,"General Services Administration",023-30-5381,"Acquisition Workforce Training Fund",2024,"Funding Total",0.7027
023,"General Services Administration",023-30-0108,"Office of Inspector General",2024,"CIO Authority",0
023,"General Services Administration",023-30-0108,"Office of Inspector General",2024,"Budget Authority",0
023,"General Services Administration",023-30-0108,"Office of Inspector General",2024,"Funding Total",9.211
023,"General Services Administration",023-10-4534,"Acquisition Services Fund",2025,"CIO Authority",264.921664
023,"General Services Administration",023-10-4534,"Acquisition Services Fund",2025,"Budget Authority",264.313663
023,"General Services Administration",023-10-4534,"Acquisition Services Fund",2025,"Funding Total",710.779845
023,"General Services Administration",023-30-4540,"Working Capital Fund",2025,"CIO Authority",433.826029
023,"General Services Administration",023-30-4540,"Working Capital Fund",2025,"Budget Authority",433.816079
023,"General Services Administration",023-30-4540,"Working Capital Fund",2025,"Funding Total",462.284458
023,"General Services Administration",023-30-0401,"Government-wide Policy",2025,"CIO Authority",15.017823
023,"General Services Administration",023-30-0401,"Government-wide Policy",2025,"Budget Authority",15.017823
023,"General Services Administration",023-30-0401,"Government-wide Policy",2025,"Funding Total",16.015103
023,"General Services Administration",023-30-0108,"Office of Inspector General",2025,"CIO Authority",0
023,"General Services Administration",023-30-0108,"Office of Inspector General",2025,"Budget Authority",0
023,"General Services Administration",023-30-0108,"Office of Inspector General",2025,"Funding Total",8.803
023,"General Services Administration",023-05-4542,"Federal Buildings Fund",2025,"CIO Authority",87.031417
023,"General Services Administration",023-05-4542,"Federal Buildings Fund",2025,"Budget Authority",87.031417
023,"General Services Administration",023-05-4542,"Federal Buildings Fund",2025,"Funding Total",87.031416
023,"General Services Administration",023-30-4549,"Federal Citizen Services Fund",2025,"CIO Authority",74.511829
023,"General Services Administration",023-30-4549,"Federal Citizen Services Fund",2025,"Budget Authority",74.511829
023,"General Services Administration",023-30-4549,"Federal Citizen Services Fund",2025,"Funding Total",85.97743
023,"General Services Administration",023-30-0110,"Operating expenses",2025,"CIO Authority",1.218694
023,"General Services Administration",023-30-0110,"Operating expenses",2025,"Budget Authority",1.218694
023,"General Services Administration",023-30-0110,"Operating expenses",2025,"Funding Total",2.684508
023,"General Services Administration",023-30-5381,"Acquisition Workforce Training Fund",2025,"CIO Authority",0.478153
023,"General Services Administration",023-30-5381,"Acquisition Workforce Training Fund",2025,"Budget Authority",0
023,"General Services Administration",023-30-5381,"Acquisition Workforce Training Fund",2025,"Funding Total",0.478153
023,"General Services Administration",023-10-5250,"Expenses of Transportation Audit Contracts and Contract Administration",2025,"CIO Authority",2.167874
023,"General Services Administration",023-10-5250,"Expenses of Transportation Audit Contracts and Contract Administration",2025,"Budget Authority",2.167874
023,"General Services Administration",023-10-5250,"Expenses of Transportation Audit Contracts and Contract Administration",2025,"Funding Total",2.041344
009,"Department of Health and Human Services",009-20-0943,"CDC-wide Activities and Program Support",2022,"CIO Authority",0
009,"Department of Health and Human Services",009-20-0943,"CDC-wide Activities and Program Support",2022,"Budget Authority",0
009,"Department of Health and Human Services",009-20-0943,"CDC-wide Activities and Program Support",2022,"Funding Total",574.267177
009,"Department of Health and Human Services",009-30-1362,"Substance Use And Mental Health Services Administration",2022,"CIO Authority",0
009,"Department of Health and Human Services",009-30-1362,"Substance Use And Mental Health Services Administration",2022,"Budget Authority",0
009,"Department of Health and Human Services",009-30-1362,"Substance Use And Mental Health Services Administration",2022,"Funding Total",52.399614
009,"Department of Health and Human Services",009-20-4553,"CDC Working Capital Fund",2022,"CIO Authority",0
009,"Department of Health and Human Services",009-20-4553,"CDC Working Capital Fund",2022,"Budget Authority",0
009,"Department of Health and Human Services",009-20-4553,"CDC Working Capital Fund",2022,"Funding Total",322.651863
009,"Department of Health and Human Services",009-38-0522,"Center for Medicare and Medicaid Innovation",2022,"CIO Authority",0
009,"Department of Health and Human Services",009-38-0522,"Center for Medicare and Medicaid Innovation",2022,"Budget Authority",0
009,"Department of Health and Human Services",009-38-0522,"Center for Medicare and Medicaid Innovation",2022,"Funding Total",183.105653
009,"Department of Health and Human Services",009-15-0321,"Maternal, Infant, and Early Childhood Home Visiting Programs",2022,"CIO Authority",0
009,"Department of Health and Human Services",009-15-0321,"Maternal, Infant, and Early Childhood Home Visiting Programs",2022,"Budget Authority",0
009,"Department of Health and Human Services",009-15-0321,"Maternal, Infant, and Early Childhood Home Visiting Programs",2022,"Funding Total",4.999545
009,"Department of Health and Human Services",009-70-1552,"Temporary Assistance for Needy Families",2022,"CIO Authority",0
009,"Department of Health and Human Services",009-70-1552,"Temporary Assistance for Needy Families",2022,"Budget Authority",0
009,"Department of Health and Human Services",009-70-1552,"Temporary Assistance for Needy Families",2022,"Funding Total",10.329732
009,"Department of Health and Human Services",009-38-8393,"Health Care Fraud and Abuse Control Account",2022,"CIO Authority",0
009,"Department of Health and Human Services",009-38-8393,"Health Care Fraud and Abuse Control Account",2022,"Budget Authority",0
009,"Department of Health and Human Services",009-38-8393,"Health Care Fraud and Abuse Control Account",2022,"Funding Total",546.318847
009,"Department of Health and Human Services",009-91-9941,"HHS Service and Supply Fund",2022,"CIO Authority",0
009,"Department of Health and Human Services",009-91-9941,"HHS Service and Supply Fund",2022,"Budget Authority",0
009,"Department of Health and Human Services",009-91-9941,"HHS Service and Supply Fund",2022,"Funding Total",379.490963
009,"Department of Health and Human Services",009-38-0511,"Program Management",2022,"CIO Authority",0
009,"Department of Health and Human Services",009-38-0511,"Program Management",2022,"Budget Authority",0
009,"Department of Health and Human Services",009-38-0511,"Program Management",2022,"Funding Total",2268.351939
009,"Department of Health and Human Services",009-70-1550,"Child Care Entitlement to States",2022,"CIO Authority",0
009,"Department of Health and Human Services",009-70-1550,"Child Care Entitlement to States",2022,"Budget Authority",0
009,"Department of Health and Human Services",009-70-1550,"Child Care Entitlement to States",2022,"Funding Total",0.695235
009,"Department of Health and Human Services",009-15-0350,"Health Resources and Services",2022,"CIO Authority",0
009,"Department of Health and Human Services",009-15-0350,"Health Resources and Services",2022,"Budget Authority",0
009,"Department of Health and Human Services",009-15-0350,"Health Resources and Services",2022,"Funding Total",213.549059
009,"Department of Health and Human Services",009-92-0128,"Office of Inspector General",2022,"CIO Authority",0
009,"Department of Health and Human Services",009-92-0128,"Office of Inspector General",2022,"Budget Authority",0
009,"Department of Health and Human Services",009-92-0128,"Office of Inspector General",2022,"Funding Total",87.6645
009,"Department of Health and Human Services",009-90-0140,"Public Health and Social Services Emergency Fund",2022,"CIO Authority",0
009,"Department of Health and Human Services",009-90-0140,"Public Health and Social Services Emergency Fund",2022,"Budget Authority",0
009,"Department of Health and Human Services",009-90-0140,"Public Health and Social Services Emergency Fund",2022,"Funding Total",20.888127
009,"Department of Health and Human Services",009-25-9915,"National Institutes of Health",2022,"CIO Authority",0
009,"Department of Health and Human Services",009-25-9915,"National Institutes of Health",2022,"Budget Authority",0
009,"Department of Health and Human Services",009-25-9915,"National Institutes of Health",2022,"Funding Total",1628.025
009,"Department of Health and Human Services",009-10-9911,"Salaries and Expenses",2022,"CIO Authority",0
009,"Department of Health and Human Services",009-10-9911,"Salaries and Expenses",2022,"Budget Authority",0
009,"Department of Health and Human Services",009-10-9911,"Salaries and Expenses",2022,"Funding Total",928.91031
009,"Department of Health and Human Services",009-70-1515,"Payments to States for the Child Care and Development Block Grant",2022,"CIO Authority",0
009,"Department of Health and Human Services",009-70-1515,"Payments to States for the Child Care and Development Block Grant",2022,"Budget Authority",0
009,"Department of Health and Human Services",009-70-1515,"Payments to States for the Child Care and Development Block Grant",2022,"Funding Total",18.25427
009,"Department of Health and Human Services",009-38-0519,"Quality Improvement Organizations",2022,"CIO Authority",0
009,"Department of Health and Human Services",009-38-0519,"Quality Improvement Organizations",2022,"Budget Authority",0
009,"Department of Health and Human Services",009-38-0519,"Quality Improvement Organizations",2022,"Funding Total",296.546172
009,"Department of Health and Human Services",009-70-1545,"Payments for Foster Care and Permanency",2022,"CIO Authority",0
009,"Department of Health and Human Services",009-70-1545,"Payments for Foster Care and Permanency",2022,"Budget Authority",0
009,"Department of Health and Human Services",009-70-1545,"Payments for Foster Care and Permanency",2022,"Funding Total",0.814104
009,"Department of Health and Human Services",009-20-0944,"Agency for Toxic Substances and Disease Registry, Toxic Substances and Environmental Public Health",2022,"CIO Authority",0
009,"Department of Health and Human Services",009-20-0944,"Agency for Toxic Substances and Disease Registry, Toxic Substances and Environmental Public Health",2022,"Budget Authority",0
009,"Department of Health and Human Services",009-20-0944,"Agency for Toxic Substances and Disease Registry, Toxic Substances and Environmental Public Health",2022,"Funding Total",6.899999
009,"Department of Health and Human Services",009-70-1502,"Low Income Home Energy Assistance",2022,"CIO Authority",0
009,"Department of Health and Human Services",009-70-1502,"Low Income Home Energy Assistance",2022,"Budget Authority",0
009,"Department of Health and Human Services",009-70-1502,"Low Income Home Energy Assistance",2022,"Funding Total",2.155958
009,"Department of Health and Human Services",009-70-1503,"Refugee and Entrant Assistance",2022,"CIO Authority",0
009,"Department of Health and Human Services",009-70-1503,"Refugee and Entrant Assistance",2022,"Budget Authority",0
009,"Department of Health and Human Services",009-70-1503,"Refugee and Entrant Assistance",2022,"Funding Total",65.298135
009,"Department of Health and Human Services",009-33-1700,"Healthcare Research and Quality",2022,"CIO Authority",0
009,"Department of Health and Human Services",009-33-1700,"Healthcare Research and Quality",2022,"Budget Authority",0
009,"Department of Health and Human Services",009-33-1700,"Healthcare Research and Quality",2022,"Funding Total",34.192
009,"Department of Health and Human Services",009-70-1512,"Promoting Safe and Stable Families",2022,"CIO Authority",0
009,"Department of Health and Human Services",009-70-1512,"Promoting Safe and Stable Families",2022,"Budget Authority",0
009,"Department of Health and Human Services",009-70-1512,"Promoting Safe and Stable Families",2022,"Funding Total",0.458323
009,"Department of Health and Human Services",009-70-1553,"Children's Research and Technical Assistance",2022,"CIO Authority",0
009,"Department of Health and Human Services",009-70-1553,"Children's Research and Technical Assistance",2022,"Budget Authority",0
009,"Department of Health and Human Services",009-70-1553,"Children's Research and Technical Assistance",2022,"Funding Total",44.596558
009,"Department of Health and Human Services",009-90-9912,"General Departmental Management",2022,"CIO Authority",0
009,"Department of Health and Human Services",009-90-9912,"General Departmental Management",2022,"Budget Authority",0
009,"Department of Health and Human Services",009-90-9912,"General Departmental Management",2022,"Funding Total",46.942508
009,"Department of Health and Human Services",009-70-1536,"Children and Families Services Programs",2022,"CIO Authority",0
009,"Department of Health and Human Services",009-70-1536,"Children and Families Services Programs",2022,"Budget Authority",0
009,"Department of Health and Human Services",009-70-1536,"Children and Families Services Programs",2022,"Funding Total",79.384659
009,"Department of Health and Human Services",009-75-0142,"Aging and Disability Services Programs",2022,"CIO Authority",0
009,"Department of Health and Human Services",009-75-0142,"Aging and Disability Services Programs",2022,"Budget Authority",0
009,"Department of Health and Human Services",009-75-0142,"Aging and Disability Services Programs",2022,"Funding Total",12.43809
009,"Department of Health and Human Services",009-91-9971,"Miscellaneous Trust Funds",2022,"CIO Authority",0
009,"Department of Health and Human Services",009-91-9971,"Miscellaneous Trust Funds",2022,"Budget Authority",0
009,"Department of Health and Human Services",009-91-9971,"Miscellaneous Trust Funds",2022,"Funding Total",12.254783
009,"Department of Health and Human Services",009-90-0125,"Nonrecurring Expenses Fund",2022,"CIO Authority",0
009,"Department of Health and Human Services",009-90-0125,"Nonrecurring Expenses Fund",2022,"Budget Authority",0
009,"Department of Health and Human Services",009-90-0125,"Nonrecurring Expenses Fund",2022,"Funding Total",90.5989
009,"Department of Health and Human Services",009-20-0946,"World Trade Center Health Program Fund",2022,"CIO Authority",0
009,"Department of Health and Human Services",009-20-0946,"World Trade Center Health Program Fund",2022,"Budget Authority",0
009,"Department of Health and Human Services",009-20-0946,"World Trade Center Health Program Fund",2022,"Funding Total",12.189814
009,"Department of Health and Human Services",009-17-0390,"Indian Health Services",2022,"CIO Authority",0
009,"Department of Health and Human Services",009-17-0390,"Indian Health Services",2022,"Budget Authority",0
009,"Department of Health and Human Services",009-17-0390,"Indian Health Services",2022,"Funding Total",210.081213
009,"Department of Health and Human Services",009-90-0145,"Transfers from the Patient-Centered Outcomes Research Trust Fund",2022,"CIO Authority",0
009,"Department of Health and Human Services",009-90-0145,"Transfers from the Patient-Centered Outcomes Research Trust Fund",2022,"Budget Authority",0
009,"Department of Health and Human Services",009-90-0145,"Transfers from the Patient-Centered Outcomes Research Trust Fund",2022,"Funding Total",0.673
009,"Department of Health and Human Services",015-05-1892,"Coronavirus Relief Fund",2022,"CIO Authority",0
009,"Department of Health and Human Services",015-05-1892,"Coronavirus Relief Fund",2022,"Budget Authority",0
009,"Department of Health and Human Services",015-05-1892,"Coronavirus Relief Fund",2022,"Funding Total",25.610123
009,"Department of Health and Human Services",009-15-8175,"Vaccine Injury Compensation Program Trust Fund",2022,"CIO Authority",0
009,"Department of Health and Human Services",009-15-8175,"Vaccine Injury Compensation Program Trust Fund",2022,"Budget Authority",0
009,"Department of Health and Human Services",009-15-8175,"Vaccine Injury Compensation Program Trust Fund",2022,"Funding Total",1.762822
009,"Department of Health and Human Services",009-90-0139,"Medicare Hearings and Appeals",2022,"CIO Authority",0
009,"Department of Health and Human Services",009-90-0139,"Medicare Hearings and Appeals",2022,"Budget Authority",0
009,"Department of Health and Human Services",009-90-0139,"Medicare Hearings and Appeals",2022,"Funding Total",11.48
009,"Department of Health and Human Services",009-70-1534,"Social services block grant",2022,"CIO Authority",0
009,"Department of Health and Human Services",009-70-1534,"Social services block grant",2022,"Budget Authority",0
009,"Department of Health and Human Services",009-70-1534,"Social services block grant",2022,"Funding Total",0
009,"Department of Health and Human Services",014-25-1031,"Global Health Programs",2022,"CIO Authority",0
009,"Department of Health and Human Services",014-25-1031,"Global Health Programs",2022,"Budget Authority",0
009,"Department of Health and Human Services",014-25-1031,"Global Health Programs",2022,"Funding Total",1.671
009,"Department of Health and Human Services",009-38-0511,"Program Management",2023,"CIO Authority",20636.019726
009,"Department of Health and Human Services",009-38-0511,"Program Management",2023,"Budget Authority",0.035
009,"Department of Health and Human Services",009-38-0511,"Program Management",2023,"Funding Total",2486.257353
009,"Department of Health and Human Services",009-25-9915,"National Institutes of Health",2023,"CIO Authority",1457.497464
009,"Department of Health and Human Services",009-25-9915,"National Institutes of Health",2023,"Budget Authority",25.418
009,"Department of Health and Human Services",009-25-9915,"National Institutes of Health",2023,"Funding Total",1753.067
009,"Department of Health and Human Services",009-20-0943,"CDC-wide Activities and Program Support",2023,"CIO Authority",432.928119
009,"Department of Health and Human Services",009-20-0943,"CDC-wide Activities and Program Support",2023,"Budget Authority",0.48
009,"Department of Health and Human Services",009-20-0943,"CDC-wide Activities and Program Support",2023,"Funding Total",642.567749
009,"Department of Health and Human Services",009-30-1362,"Substance Use And Mental Health Services Administration",2023,"CIO Authority",44.499714
009,"Department of Health and Human Services",009-30-1362,"Substance Use And Mental Health Services Administration",2023,"Budget Authority",0.186
009,"Department of Health and Human Services",009-30-1362,"Substance Use And Mental Health Services Administration",2023,"Funding Total",62.695195
009,"Department of Health and Human Services",009-38-0519,"Quality Improvement Organizations",2023,"CIO Authority",259.375665
009,"Department of Health and Human Services",009-38-0519,"Quality Improvement Organizations",2023,"Budget Authority",0
009,"Department of Health and Human Services",009-38-0519,"Quality Improvement Organizations",2023,"Funding Total",317.579753
009,"Department of Health and Human Services",009-91-9941,"HHS Service and Supply Fund",2023,"CIO Authority",0
009,"Department of Health and Human Services",009-91-9941,"HHS Service and Supply Fund",2023,"Budget Authority",0
009,"Department of Health and Human Services",009-91-9941,"HHS Service and Supply Fund",2023,"Funding Total",586.421196
009,"Department of Health and Human Services",009-38-8393,"Health Care Fraud and Abuse Control Account",2023,"CIO Authority",430.432942
009,"Department of Health and Human Services",009-38-8393,"Health Care Fraud and Abuse Control Account",2023,"Budget Authority",0
009,"Department of Health and Human Services",009-38-8393,"Health Care Fraud and Abuse Control Account",2023,"Funding Total",606.726398
009,"Department of Health and Human Services",009-20-0944,"Agency for Toxic Substances and Disease Registry, Toxic Substances and Environmental Public Health",2023,"CIO Authority",5.500003
009,"Department of Health and Human Services",009-20-0944,"Agency for Toxic Substances and Disease Registry, Toxic Substances and Environmental Public Health",2023,"Budget Authority",0
009,"Department of Health and Human Services",009-20-0944,"Agency for Toxic Substances and Disease Registry, Toxic Substances and Environmental Public Health",2023,"Funding Total",7.199999
009,"Department of Health and Human Services",009-38-0522,"Center for Medicare and Medicaid Innovation",2023,"CIO Authority",217.364315
009,"Department of Health and Human Services",009-38-0522,"Center for Medicare and Medicaid Innovation",2023,"Budget Authority",0
009,"Department of Health and Human Services",009-38-0522,"Center for Medicare and Medicaid Innovation",2023,"Funding Total",208.719524
009,"Department of Health and Human Services",009-10-9911,"Salaries and Expenses",2023,"CIO Authority",819.696988
009,"Department of Health and Human Services",009-10-9911,"Salaries and Expenses",2023,"Budget Authority",0.07
009,"Department of Health and Human Services",009-10-9911,"Salaries and Expenses",2023,"Funding Total",1102.241858
009,"Department of Health and Human Services",009-90-0125,"Nonrecurring Expenses Fund",2023,"CIO Authority",170.44055
009,"Department of Health and Human Services",009-90-0125,"Nonrecurring Expenses Fund",2023,"Budget Authority",3.4
009,"Department of Health and Human Services",009-90-0125,"Nonrecurring Expenses Fund",2023,"Funding Total",138.378273
009,"Department of Health and Human Services",009-20-4553,"CDC Working Capital Fund",2023,"CIO Authority",304.902454
009,"Department of Health and Human Services",009-20-4553,"CDC Working Capital Fund",2023,"Budget Authority",6.206437
009,"Department of Health and Human Services",009-20-4553,"CDC Working Capital Fund",2023,"Funding Total",431.954941
009,"Department of Health and Human Services",009-33-1700,"Healthcare Research and Quality",2023,"CIO Authority",33.605
009,"Department of Health and Human Services",009-33-1700,"Healthcare Research and Quality",2023,"Budget Authority",0.058
009,"Department of Health and Human Services",009-33-1700,"Healthcare Research and Quality",2023,"Funding Total",36.361
009,"Department of Health and Human Services",009-90-9912,"General Departmental Management",2023,"CIO Authority",33.684847
009,"Department of Health and Human Services",009-90-9912,"General Departmental Management",2023,"Budget Authority",0.072
009,"Department of Health and Human Services",009-90-9912,"General Departmental Management",2023,"Funding Total",55.611679
009,"Department of Health and Human Services",009-70-1553,"Children's Research and Technical Assistance",2023,"CIO Authority",46.34442
009,"Department of Health and Human Services",009-70-1553,"Children's Research and Technical Assistance",2023,"Budget Authority",0
009,"Department of Health and Human Services",009-70-1553,"Children's Research and Technical Assistance",2023,"Funding Total",48.328159
009,"Department of Health and Human Services",009-15-0350,"Health Resources and Services",2023,"CIO Authority",211.863553
009,"Department of Health and Human Services",009-15-0350,"Health Resources and Services",2023,"Budget Authority",16185.178262
009,"Department of Health and Human Services",009-15-0350,"Health Resources and Services",2023,"Funding Total",238.186896
009,"Department of Health and Human Services",009-20-0946,"World Trade Center Health Program Fund",2023,"CIO Authority",12.547449
009,"Department of Health and Human Services",009-20-0946,"World Trade Center Health Program Fund",2023,"Budget Authority",0
009,"Department of Health and Human Services",009-20-0946,"World Trade Center Health Program Fund",2023,"Funding Total",30.122902
009,"Department of Health and Human Services",009-15-8175,"Vaccine Injury Compensation Program Trust Fund",2023,"CIO Authority",1.400469
009,"Department of Health and Human Services",009-15-8175,"Vaccine Injury Compensation Program Trust Fund",2023,"Budget Authority",1.163
009,"Department of Health and Human Services",009-15-8175,"Vaccine Injury Compensation Program Trust Fund",2023,"Funding Total",2.935978
009,"Department of Health and Human Services",009-15-0321,"Maternal, Infant, and Early Childhood Home Visiting Programs",2023,"CIO Authority",5.062888
009,"Department of Health and Human Services",009-15-0321,"Maternal, Infant, and Early Childhood Home Visiting Programs",2023,"Budget Authority",0.951314
009,"Department of Health and Human Services",009-15-0321,"Maternal, Infant, and Early Childhood Home Visiting Programs",2023,"Funding Total",4.659122
009,"Department of Health and Human Services",009-70-1503,"Refugee and Entrant Assistance",2023,"CIO Authority",44.001026
009,"Department of Health and Human Services",009-70-1503,"Refugee and Entrant Assistance",2023,"Budget Authority",0
009,"Department of Health and Human Services",009-70-1503,"Refugee and Entrant Assistance",2023,"Funding Total",88.209864
009,"Department of Health and Human Services",009-75-0142,"Aging and Disability Services Programs",2023,"CIO Authority",6.682514
009,"Department of Health and Human Services",009-75-0142,"Aging and Disability Services Programs",2023,"Budget Authority",0.085
009,"Department of Health and Human Services",009-75-0142,"Aging and Disability Services Programs",2023,"Funding Total",6.682514
009,"Department of Health and Human Services",015-05-1892,"Coronavirus Relief Fund",2023,"CIO Authority",55.303118
009,"Department of Health and Human Services",015-05-1892,"Coronavirus Relief Fund",2023,"Budget Authority",16.162118
009,"Department of Health and Human Services",015-05-1892,"Coronavirus Relief Fund",2023,"Funding Total",61.593894
009,"Department of Health and Human Services",009-70-1502,"Low Income Home Energy Assistance",2023,"CIO Authority",0.692831
009,"Department of Health and Human Services",009-70-1502,"Low Income Home Energy Assistance",2023,"Budget Authority",0
009,"Department of Health and Human Services",009-70-1502,"Low Income Home Energy Assistance",2023,"Funding Total",3.120241
009,"Department of Health and Human Services",009-70-1536,"Children and Families Services Programs",2023,"CIO Authority",70.423551
009,"Department of Health and Human Services",009-70-1536,"Children and Families Services Programs",2023,"Budget Authority",0.409
009,"Department of Health and Human Services",009-70-1536,"Children and Families Services Programs",2023,"Funding Total",97.833217
009,"Department of Health and Human Services",009-92-0128,"Office of Inspector General",2023,"CIO Authority",86.954489
009,"Department of Health and Human Services",009-92-0128,"Office of Inspector General",2023,"Budget Authority",0
009,"Department of Health and Human Services",009-92-0128,"Office of Inspector General",2023,"Funding Total",86.954489
009,"Department of Health and Human Services",009-90-0140,"Public Health and Social Services Emergency Fund",2023,"CIO Authority",104.117127
009,"Department of Health and Human Services",009-90-0140,"Public Health and Social Services Emergency Fund",2023,"Budget Authority",0
009,"Department of Health and Human Services",009-90-0140,"Public Health and Social Services Emergency Fund",2023,"Funding Total",20.886988
009,"Department of Health and Human Services",009-17-0390,"Indian Health Services",2023,"CIO Authority",182.954
009,"Department of Health and Human Services",009-17-0390,"Indian Health Services",2023,"Budget Authority",3598.379
009,"Department of Health and Human Services",009-17-0390,"Indian Health Services",2023,"Funding Total",273.369149
009,"Department of Health and Human Services",009-70-1534,"Social services block grant",2023,"CIO Authority",0
009,"Department of Health and Human Services",009-70-1534,"Social services block grant",2023,"Budget Authority",0
009,"Department of Health and Human Services",009-70-1534,"Social services block grant",2023,"Funding Total",0
009,"Department of Health and Human Services",009-38-8005,"Federal Hospital Insurance Trust Fund",2023,"CIO Authority",0
009,"Department of Health and Human Services",009-38-8005,"Federal Hospital Insurance Trust Fund",2023,"Budget Authority",0
009,"Department of Health and Human Services",009-38-8005,"Federal Hospital Insurance Trust Fund",2023,"Funding Total",0.285
009,"Department of Health and Human Services",009-70-1550,"Child Care Entitlement to States",2023,"CIO Authority",0.066218
009,"Department of Health and Human Services",009-70-1550,"Child Care Entitlement to States",2023,"Budget Authority",0
009,"Department of Health and Human Services",009-70-1550,"Child Care Entitlement to States",2023,"Funding Total",0.727078
009,"Department of Health and Human Services",009-70-1552,"Temporary Assistance for Needy Families",2023,"CIO Authority",10.008232
009,"Department of Health and Human Services",009-70-1552,"Temporary Assistance for Needy Families",2023,"Budget Authority",0
009,"Department of Health and Human Services",009-70-1552,"Temporary Assistance for Needy Families",2023,"Funding Total",16.293451
009,"Department of Health and Human Services",009-70-1545,"Payments for Foster Care and Permanency",2023,"CIO Authority",0
009,"Department of Health and Human Services",009-70-1545,"Payments for Foster Care and Permanency",2023,"Budget Authority",0
009,"Department of Health and Human Services",009-70-1545,"Payments for Foster Care and Permanency",2023,"Funding Total",1.122921
009,"Department of Health and Human Services",009-70-1515,"Payments to States for the Child Care and Development Block Grant",2023,"CIO Authority",14.066731
009,"Department of Health and Human Services",009-70-1515,"Payments to States for the Child Care and Development Block Grant",2023,"Budget Authority",0
009,"Department of Health and Human Services",009-70-1515,"Payments to States for the Child Care and Development Block Grant",2023,"Funding Total",17.104793
009,"Department of Health and Human Services",009-91-9971,"Miscellaneous Trust Funds",2023,"CIO Authority",11.453559
009,"Department of Health and Human Services",009-91-9971,"Miscellaneous Trust Funds",2023,"Budget Authority",0
009,"Department of Health and Human Services",009-91-9971,"Miscellaneous Trust Funds",2023,"Funding Total",12.239653
009,"Department of Health and Human Services",009-70-1512,"Promoting Safe and Stable Families",2023,"CIO Authority",0
009,"Department of Health and Human Services",009-70-1512,"Promoting Safe and Stable Families",2023,"Budget Authority",0
009,"Department of Health and Human Services",009-70-1512,"Promoting Safe and Stable Families",2023,"Funding Total",0.66869
009,"Department of Health and Human Services",009-90-0139,"Medicare Hearings and Appeals",2023,"CIO Authority",11.48
009,"Department of Health and Human Services",009-90-0139,"Medicare Hearings and Appeals",2023,"Budget Authority",0
009,"Department of Health and Human Services",009-90-0139,"Medicare Hearings and Appeals",2023,"Funding Total",11.48
009,"Department of Health and Human Services",009-90-0119,"Health Insurance Reform Implementation Fund",2023,"CIO Authority",0
009,"Department of Health and Human Services",009-90-0119,"Health Insurance Reform Implementation Fund",2023,"Budget Authority",0
009,"Department of Health and Human Services",009-90-0119,"Health Insurance Reform Implementation Fund",2023,"Funding Total",0
009,"Department of Health and Human Services",009-90-0135,"Office for Civil Rights",2023,"CIO Authority",0
009,"Department of Health and Human Services",009-90-0135,"Office for Civil Rights",2023,"Budget Authority",0
009,"Department of Health and Human Services",009-90-0135,"Office for Civil Rights",2023,"Funding Total",0
009,"Department of Health and Human Services",009-90-0116,"Prevention and Public Health Fund",2023,"CIO Authority",0
009,"Department of Health and Human Services",009-90-0116,"Prevention and Public Health Fund",2023,"Budget Authority",0
009,"Department of Health and Human Services",009-90-0116,"Prevention and Public Health Fund",2023,"Funding Total",0
009,"Department of Health and Human Services",009-90-0145,"Transfers from the Patient-Centered Outcomes Research Trust Fund",2023,"CIO Authority",0
009,"Department of Health and Human Services",009-90-0145,"Transfers from the Patient-Centered Outcomes Research Trust Fund",2023,"Budget Authority",0
009,"Department of Health and Human Services",009-90-0145,"Transfers from the Patient-Centered Outcomes Research Trust Fund",2023,"Funding Total",0.643
009,"Department of Health and Human Services",009-70-1501,"Payments to States for Child Support Enforcement and Family Support Programs",2023,"CIO Authority",0
009,"Department of Health and Human Services",009-70-1501,"Payments to States for Child Support Enforcement and Family Support Programs",2023,"Budget Authority",0
009,"Department of Health and Human Services",009-70-1501,"Payments to States for Child Support Enforcement and Family Support Programs",2023,"Funding Total",0
009,"Department of Health and Human Services",014-25-1031,"Global Health Programs",2023,"CIO Authority",0
009,"Department of Health and Human Services",014-25-1031,"Global Health Programs",2023,"Budget Authority",0
009,"Department of Health and Human Services",014-25-1031,"Global Health Programs",2023,"Funding Total",0.951243
009,"Department of Health and Human Services",009-38-0516,"State Grants and Demonstrations",2023,"CIO Authority",0
009,"Department of Health and Human Services",009-38-0516,"State Grants and Demonstrations",2023,"Budget Authority",0
009,"Department of Health and Human Services",009-38-0516,"State Grants and Demonstrations",2023,"Funding Total",0
009,"Department of Health and Human Services",009-38-0580,"Payments to Health Care Trust Funds",2023,"CIO Authority",0
009,"Department of Health and Human Services",009-38-0580,"Payments to Health Care Trust Funds",2023,"Budget Authority",0
009,"Department of Health and Human Services",009-38-0580,"Payments to Health Care Trust Funds",2023,"Funding Total",0
009,"Department of Health and Human Services",009-70-1522,"Contingency Fund",2023,"CIO Authority",0
009,"Department of Health and Human Services",009-70-1522,"Contingency Fund",2023,"Budget Authority",0
009,"Department of Health and Human Services",009-70-1522,"Contingency Fund",2023,"Funding Total",0
009,"Department of Health and Human Services",009-38-0512,"Grants to States for Medicaid",2023,"CIO Authority",0.00382
009,"Department of Health and Human Services",009-38-0512,"Grants to States for Medicaid",2023,"Budget Authority",0
009,"Department of Health and Human Services",009-38-0512,"Grants to States for Medicaid",2023,"Funding Total",0
009,"Department of Health and Human Services",009-38-8004,"Federal Supplementary Medical Insurance Trust Fund",2023,"CIO Authority",0
009,"Department of Health and Human Services",009-38-8004,"Federal Supplementary Medical Insurance Trust Fund",2023,"Budget Authority",0
009,"Department of Health and Human Services",009-38-8004,"Federal Supplementary Medical Insurance Trust Fund",2023,"Funding Total",0
009,"Department of Health and Human Services",009-90-0130,"Office of the National Coordinator for Health Information Technology",2023,"CIO Authority",0
009,"Department of Health and Human Services",009-90-0130,"Office of the National Coordinator for Health Information Technology",2023,"Budget Authority",0
009,"Department of Health and Human Services",009-90-0130,"Office of the National Coordinator for Health Information Technology",2023,"Funding Total",0
009,"Department of Health and Human Services",009-20-0943,"CDC-wide Activities and Program Support",2024,"CIO Authority",608.834435
009,"Department of Health and Human Services",009-20-0943,"CDC-wide Activities and Program Support",2024,"Budget Authority",578.602316
009,"Department of Health and Human Services",009-20-0943,"CDC-wide Activities and Program Support",2024,"Funding Total",616.766663
009,"Department of Health and Human Services",009-25-9915,"National Institutes of Health",2024,"CIO Authority",1634.046
009,"Department of Health and Human Services",009-25-9915,"National Institutes of Health",2024,"Budget Authority",1639.79
009,"Department of Health and Human Services",009-25-9915,"National Institutes of Health",2024,"Funding Total",1904.686
009,"Department of Health and Human Services",009-20-4553,"CDC Working Capital Fund",2024,"CIO Authority",532.11315
009,"Department of Health and Human Services",009-20-4553,"CDC Working Capital Fund",2024,"Budget Authority",513.55215
009,"Department of Health and Human Services",009-20-4553,"CDC Working Capital Fund",2024,"Funding Total",397.771149
009,"Department of Health and Human Services",009-38-0522,"Center for Medicare and Medicaid Innovation",2024,"CIO Authority",213.525959
009,"Department of Health and Human Services",009-38-0522,"Center for Medicare and Medicaid Innovation",2024,"Budget Authority",0
009,"Department of Health and Human Services",009-38-0522,"Center for Medicare and Medicaid Innovation",2024,"Funding Total",207.097735
009,"Department of Health and Human Services",009-70-1545,"Payments for Foster Care and Permanency",2024,"CIO Authority",1.024066
009,"Department of Health and Human Services",009-70-1545,"Payments for Foster Care and Permanency",2024,"Budget Authority",0
009,"Department of Health and Human Services",009-70-1545,"Payments for Foster Care and Permanency",2024,"Funding Total",1.542004
009,"Department of Health and Human Services",009-38-8393,"Health Care Fraud and Abuse Control Account",2024,"CIO Authority",543.330759
009,"Department of Health and Human Services",009-38-8393,"Health Care Fraud and Abuse Control Account",2024,"Budget Authority",0
009,"Department of Health and Human Services",009-38-8393,"Health Care Fraud and Abuse Control Account",2024,"Funding Total",584.532959
009,"Department of Health and Human Services",009-38-0519,"Quality Improvement Organizations",2024,"CIO Authority",322.993699
009,"Department of Health and Human Services",009-38-0519,"Quality Improvement Organizations",2024,"Budget Authority",0
009,"Department of Health and Human Services",009-38-0519,"Quality Improvement Organizations",2024,"Funding Total",333.035755
009,"Department of Health and Human Services",009-10-9911,"Salaries and Expenses",2024,"CIO Authority",821.038412
009,"Department of Health and Human Services",009-10-9911,"Salaries and Expenses",2024,"Budget Authority",140.406274
009,"Department of Health and Human Services",009-10-9911,"Salaries and Expenses",2024,"Funding Total",892.47435
009,"Department of Health and Human Services",009-75-0142,"Aging and Disability Services Programs",2024,"CIO Authority",6.682514
009,"Department of Health and Human Services",009-75-0142,"Aging and Disability Services Programs",2024,"Budget Authority",0.085
009,"Department of Health and Human Services",009-75-0142,"Aging and Disability Services Programs",2024,"Funding Total",6.822514
009,"Department of Health and Human Services",009-33-1700,"Healthcare Research and Quality",2024,"CIO Authority",36.207
009,"Department of Health and Human Services",009-33-1700,"Healthcare Research and Quality",2024,"Budget Authority",36207.058
009,"Department of Health and Human Services",009-33-1700,"Healthcare Research and Quality",2024,"Funding Total",36.187
009,"Department of Health and Human Services",009-38-0511,"Program Management",2024,"CIO Authority",2357.295714
009,"Department of Health and Human Services",009-38-0511,"Program Management",2024,"Budget Authority",0.035
009,"Department of Health and Human Services",009-38-0511,"Program Management",2024,"Funding Total",2644.295127
009,"Department of Health and Human Services",009-90-9912,"General Departmental Management",2024,"CIO Authority",108.944177
009,"Department of Health and Human Services",009-90-9912,"General Departmental Management",2024,"Budget Authority",0.072
009,"Department of Health and Human Services",009-90-9912,"General Departmental Management",2024,"Funding Total",55.626096
009,"Department of Health and Human Services",009-30-1362,"Substance Use And Mental Health Services Administration",2024,"CIO Authority",52.896576
009,"Department of Health and Human Services",009-30-1362,"Substance Use And Mental Health Services Administration",2024,"Budget Authority",51.952103
009,"Department of Health and Human Services",009-30-1362,"Substance Use And Mental Health Services Administration",2024,"Funding Total",61.720594
009,"Department of Health and Human Services",009-20-0944,"Agency for Toxic Substances and Disease Registry, Toxic Substances and Environmental Public Health",2024,"CIO Authority",6.100001
009,"Department of Health and Human Services",009-20-0944,"Agency for Toxic Substances and Disease Registry, Toxic Substances and Environmental Public Health",2024,"Budget Authority",6.100001
009,"Department of Health and Human Services",009-20-0944,"Agency for Toxic Substances and Disease Registry, Toxic Substances and Environmental Public Health",2024,"Funding Total",6.099993
009,"Department of Health and Human Services",009-92-0128,"Office of Inspector General",2024,"CIO Authority",96.617414
009,"Department of Health and Human Services",009-92-0128,"Office of Inspector General",2024,"Budget Authority",0.017559
009,"Department of Health and Human Services",009-92-0128,"Office of Inspector General",2024,"Funding Total",79.614577
009,"Department of Health and Human Services",015-05-1892,"Coronavirus Relief Fund",2024,"CIO Authority",26.559118
009,"Department of Health and Human Services",015-05-1892,"Coronavirus Relief Fund",2024,"Budget Authority",25.982118
009,"Department of Health and Human Services",015-05-1892,"Coronavirus Relief Fund",2024,"Funding Total",26.172083
009,"Department of Health and Human Services",009-70-1512,"Promoting Safe and Stable Families",2024,"CIO Authority",0.565905
009,"Department of Health and Human Services",009-70-1512,"Promoting Safe and Stable Families",2024,"Budget Authority",0
009,"Department of Health and Human Services",009-70-1512,"Promoting Safe and Stable Families",2024,"Funding Total",0.6762
009,"Department of Health and Human Services",009-70-1553,"Children's Research and Technical Assistance",2024,"CIO Authority",50.562961
009,"Department of Health and Human Services",009-70-1553,"Children's Research and Technical Assistance",2024,"Budget Authority",0
009,"Department of Health and Human Services",009-70-1553,"Children's Research and Technical Assistance",2024,"Funding Total",44.49756
009,"Department of Health and Human Services",009-15-0350,"Health Resources and Services",2024,"CIO Authority",230.154718
009,"Department of Health and Human Services",009-15-0350,"Health Resources and Services",2024,"Budget Authority",29033.746822
009,"Department of Health and Human Services",009-15-0350,"Health Resources and Services",2024,"Funding Total",272.904861
009,"Department of Health and Human Services",009-90-0125,"Nonrecurring Expenses Fund",2024,"CIO Authority",57.270142
009,"Department of Health and Human Services",009-90-0125,"Nonrecurring Expenses Fund",2024,"Budget Authority",3.4105
009,"Department of Health and Human Services",009-90-0125,"Nonrecurring Expenses Fund",2024,"Funding Total",153.713755
009,"Department of Health and Human Services",009-91-9941,"HHS Service and Supply Fund",2024,"CIO Authority",0
009,"Department of Health and Human Services",009-91-9941,"HHS Service and Supply Fund",2024,"Budget Authority",0
009,"Department of Health and Human Services",009-91-9941,"HHS Service and Supply Fund",2024,"Funding Total",554.6212
009,"Department of Health and Human Services",009-70-1515,"Payments to States for the Child Care and Development Block Grant",2024,"CIO Authority",14.766613
009,"Department of Health and Human Services",009-70-1515,"Payments to States for the Child Care and Development Block Grant",2024,"Budget Authority",0
009,"Department of Health and Human Services",009-70-1515,"Payments to States for the Child Care and Development Block Grant",2024,"Funding Total",15.162668
009,"Department of Health and Human Services",009-70-1536,"Children and Families Services Programs",2024,"CIO Authority",82.15305
009,"Department of Health and Human Services",009-70-1536,"Children and Families Services Programs",2024,"Budget Authority",0.409
009,"Department of Health and Human Services",009-70-1536,"Children and Families Services Programs",2024,"Funding Total",112.695196
009,"Department of Health and Human Services",009-70-1501,"Payments to States for Child Support Enforcement and Family Support Programs",2024,"CIO Authority",0
009,"Department of Health and Human Services",009-70-1501,"Payments to States for Child Support Enforcement and Family Support Programs",2024,"Budget Authority",0
009,"Department of Health and Human Services",009-70-1501,"Payments to States for Child Support Enforcement and Family Support Programs",2024,"Funding Total",0
009,"Department of Health and Human Services",009-70-1503,"Refugee and Entrant Assistance",2024,"CIO Authority",58.576175
009,"Department of Health and Human Services",009-70-1503,"Refugee and Entrant Assistance",2024,"Budget Authority",0
009,"Department of Health and Human Services",009-70-1503,"Refugee and Entrant Assistance",2024,"Funding Total",156.397271
009,"Department of Health and Human Services",009-17-0390,"Indian Health Services",2024,"CIO Authority",1387.975644
009,"Department of Health and Human Services",009-17-0390,"Indian Health Services",2024,"Budget Authority",196655.828
009,"Department of Health and Human Services",009-17-0390,"Indian Health Services",2024,"Funding Total",438.595503
009,"Department of Health and Human Services",009-15-0321,"Maternal, Infant, and Early Childhood Home Visiting Programs",2024,"CIO Authority",5.113516
009,"Department of Health and Human Services",009-15-0321,"Maternal, Infant, and Early Childhood Home Visiting Programs",2024,"Budget Authority",2.121314
009,"Department of Health and Human Services",009-15-0321,"Maternal, Infant, and Early Childhood Home Visiting Programs",2024,"Funding Total",0.931427
009,"Department of Health and Human Services",009-20-0946,"World Trade Center Health Program Fund",2024,"CIO Authority",6.042044
009,"Department of Health and Human Services",009-20-0946,"World Trade Center Health Program Fund",2024,"Budget Authority",6.042044
009,"Department of Health and Human Services",009-20-0946,"World Trade Center Health Program Fund",2024,"Funding Total",31.006559
009,"Department of Health and Human Services",009-91-9971,"Miscellaneous Trust Funds",2024,"CIO Authority",12.246286
009,"Department of Health and Human Services",009-91-9971,"Miscellaneous Trust Funds",2024,"Budget Authority",0
009,"Department of Health and Human Services",009-91-9971,"Miscellaneous Trust Funds",2024,"Funding Total",12.246286
009,"Department of Health and Human Services",009-70-1502,"Low Income Home Energy Assistance",2024,"CIO Authority",2.622289
009,"Department of Health and Human Services",009-70-1502,"Low Income Home Energy Assistance",2024,"Budget Authority",0
009,"Department of Health and Human Services",009-70-1502,"Low Income Home Energy Assistance",2024,"Funding Total",2.01032
009,"Department of Health and Human Services",009-90-0140,"Public Health and Social Services Emergency Fund",2024,"CIO Authority",20.888127
009,"Department of Health and Human Services",009-90-0140,"Public Health and Social Services Emergency Fund",2024,"Budget Authority",0
009,"Department of Health and Human Services",009-90-0140,"Public Health and Social Services Emergency Fund",2024,"Funding Total",32.634224
009,"Department of Health and Human Services",009-70-1534,"Social services block grant",2024,"CIO Authority",0
009,"Department of Health and Human Services",009-70-1534,"Social services block grant",2024,"Budget Authority",0
009,"Department of Health and Human Services",009-70-1534,"Social services block grant",2024,"Funding Total",0
009,"Department of Health and Human Services",009-70-1550,"Child Care Entitlement to States",2024,"CIO Authority",0.782515
009,"Department of Health and Human Services",009-70-1550,"Child Care Entitlement to States",2024,"Budget Authority",0
009,"Department of Health and Human Services",009-70-1550,"Child Care Entitlement to States",2024,"Funding Total",0.160609
009,"Department of Health and Human Services",009-90-0145,"Transfers from the Patient-Centered Outcomes Research Trust Fund",2024,"CIO Authority",0
009,"Department of Health and Human Services",009-90-0145,"Transfers from the Patient-Centered Outcomes Research Trust Fund",2024,"Budget Authority",0
009,"Department of Health and Human Services",009-90-0145,"Transfers from the Patient-Centered Outcomes Research Trust Fund",2024,"Funding Total",0.949
009,"Department of Health and Human Services",009-70-1552,"Temporary Assistance for Needy Families",2024,"CIO Authority",13.808976
009,"Department of Health and Human Services",009-70-1552,"Temporary Assistance for Needy Families",2024,"Budget Authority",0
009,"Department of Health and Human Services",009-70-1552,"Temporary Assistance for Needy Families",2024,"Funding Total",9.869334
009,"Department of Health and Human Services",009-90-0116,"Prevention and Public Health Fund",2024,"CIO Authority",0
009,"Department of Health and Human Services",009-90-0116,"Prevention and Public Health Fund",2024,"Budget Authority",0
009,"Department of Health and Human Services",009-90-0116,"Prevention and Public Health Fund",2024,"Funding Total",0.36105
009,"Department of Health and Human Services",009-38-0512,"Grants to States for Medicaid",2024,"CIO Authority",0
009,"Department of Health and Human Services",009-38-0512,"Grants to States for Medicaid",2024,"Budget Authority",0
009,"Department of Health and Human Services",009-38-0512,"Grants to States for Medicaid",2024,"Funding Total",0
009,"Department of Health and Human Services",009-38-0516,"State Grants and Demonstrations",2024,"CIO Authority",0
009,"Department of Health and Human Services",009-38-0516,"State Grants and Demonstrations",2024,"Budget Authority",0
009,"Department of Health and Human Services",009-38-0516,"State Grants and Demonstrations",2024,"Funding Total",0
009,"Department of Health and Human Services",009-15-8175,"Vaccine Injury Compensation Program Trust Fund",2024,"CIO Authority",2.219089
009,"Department of Health and Human Services",009-15-8175,"Vaccine Injury Compensation Program Trust Fund",2024,"Budget Authority",1.163
009,"Department of Health and Human Services",009-15-8175,"Vaccine Injury Compensation Program Trust Fund",2024,"Funding Total",5.393756
009,"Department of Health and Human Services",014-25-1031,"Global Health Programs",2024,"CIO Authority",0
009,"Department of Health and Human Services",014-25-1031,"Global Health Programs",2024,"Budget Authority",0
009,"Department of Health and Human Services",014-25-1031,"Global Health Programs",2024,"Funding Total",1.351
009,"Department of Health and Human Services",009-76-1000,"Research, Development, and Procurement",2024,"CIO Authority",0
009,"Department of Health and Human Services",009-76-1000,"Research, Development, and Procurement",2024,"Budget Authority",0
009,"Department of Health and Human Services",009-76-1000,"Research, Development, and Procurement",2024,"Funding Total",1.786
009,"Department of Health and Human Services",009-38-0580,"Payments to Health Care Trust Funds",2024,"CIO Authority",0
009,"Department of Health and Human Services",009-38-0580,"Payments to Health Care Trust Funds",2024,"Budget Authority",0
009,"Department of Health and Human Services",009-38-0580,"Payments to Health Care Trust Funds",2024,"Funding Total",0
009,"Department of Health and Human Services",009-90-0139,"Medicare Hearings and Appeals",2024,"CIO Authority",11.48
009,"Department of Health and Human Services",009-90-0139,"Medicare Hearings and Appeals",2024,"Budget Authority",0
009,"Department of Health and Human Services",009-90-0139,"Medicare Hearings and Appeals",2024,"Funding Total",13.9105
009,"Department of Health and Human Services",009-70-1522,"Contingency Fund",2024,"CIO Authority",0
009,"Department of Health and Human Services",009-70-1522,"Contingency Fund",2024,"Budget Authority",0
009,"Department of Health and Human Services",009-70-1522,"Contingency Fund",2024,"Funding Total",0
009,"Department of Health and Human Services",009-90-0130,"Office of the National Coordinator for Health Information Technology",2024,"CIO Authority",0
009,"Department of Health and Human Services",009-90-0130,"Office of the National Coordinator for Health Information Technology",2024,"Budget Authority",0
009,"Department of Health and Human Services",009-90-0130,"Office of the National Coordinator for Health Information Technology",2024,"Funding Total",0
009,"Department of Health and Human Services",009-90-0135,"Office for Civil Rights",2024,"CIO Authority",0
009,"Department of Health and Human Services",009-90-0135,"Office for Civil Rights",2024,"Budget Authority",0
009,"Department of Health and Human Services",009-90-0135,"Office for Civil Rights",2024,"Funding Total",0
009,"Department of Health and Human Services",009-38-8004,"Federal Supplementary Medical Insurance Trust Fund",2024,"CIO Authority",0
009,"Department of Health and Human Services",009-38-8004,"Federal Supplementary Medical Insurance Trust Fund",2024,"Budget Authority",0
009,"Department of Health and Human Services",009-38-8004,"Federal Supplementary Medical Insurance Trust Fund",2024,"Funding Total",0
009,"Department of Health and Human Services",009-90-0119,"Health Insurance Reform Implementation Fund",2024,"CIO Authority",0
009,"Department of Health and Human Services",009-90-0119,"Health Insurance Reform Implementation Fund",2024,"Budget Authority",0
009,"Department of Health and Human Services",009-90-0119,"Health Insurance Reform Implementation Fund",2024,"Funding Total",0
009,"Department of Health and Human Services",009-20-0943,"CDC-wide Activities and Program Support",2025,"CIO Authority",584.641548
009,"Department of Health and Human Services",009-20-0943,"CDC-wide Activities and Program Support",2025,"Budget Authority",574.381497
009,"Department of Health and Human Services",009-20-0943,"CDC-wide Activities and Program Support",2025,"Funding Total",600.697436
009,"Department of Health and Human Services",009-20-4553,"CDC Working Capital Fund",2025,"CIO Authority",470.709668
009,"Department of Health and Human Services",009-20-4553,"CDC Working Capital Fund",2025,"Budget Authority",452.215568
009,"Department of Health and Human Services",009-20-4553,"CDC Working Capital Fund",2025,"Funding Total",464.92771
009,"Department of Health and Human Services",009-91-9941,"HHS Service and Supply Fund",2025,"CIO Authority",0
009,"Department of Health and Human Services",009-91-9941,"HHS Service and Supply Fund",2025,"Budget Authority",0
009,"Department of Health and Human Services",009-91-9941,"HHS Service and Supply Fund",2025,"Funding Total",576.244188
009,"Department of Health and Human Services",009-38-8393,"Health Care Fraud and Abuse Control Account",2025,"CIO Authority",550.873245
009,"Department of Health and Human Services",009-38-8393,"Health Care Fraud and Abuse Control Account",2025,"Budget Authority",0
009,"Department of Health and Human Services",009-38-8393,"Health Care Fraud and Abuse Control Account",2025,"Funding Total",516.814738
009,"Department of Health and Human Services",009-90-0125,"Nonrecurring Expenses Fund",2025,"CIO Authority",146.4139
009,"Department of Health and Human Services",009-90-0125,"Nonrecurring Expenses Fund",2025,"Budget Authority",10.61
009,"Department of Health and Human Services",009-90-0125,"Nonrecurring Expenses Fund",2025,"Funding Total",89.764001
009,"Department of Health and Human Services",009-38-0511,"Program Management",2025,"CIO Authority",2441.219274
009,"Department of Health and Human Services",009-38-0511,"Program Management",2025,"Budget Authority",0.035
009,"Department of Health and Human Services",009-38-0511,"Program Management",2025,"Funding Total",2775.229335
009,"Department of Health and Human Services",009-15-0350,"Health Resources and Services",2025,"CIO Authority",270.262794
009,"Department of Health and Human Services",009-15-0350,"Health Resources and Services",2025,"Budget Authority",39878.167682
009,"Department of Health and Human Services",009-15-0350,"Health Resources and Services",2025,"Funding Total",284.201662
009,"Department of Health and Human Services",009-30-1362,"Substance Use And Mental Health Services Administration",2025,"CIO Authority",63.688333
009,"Department of Health and Human Services",009-30-1362,"Substance Use And Mental Health Services Administration",2025,"Budget Authority",51.952103
009,"Department of Health and Human Services",009-30-1362,"Substance Use And Mental Health Services Administration",2025,"Funding Total",62.907851
009,"Department of Health and Human Services",009-92-0128,"Office of Inspector General",2025,"CIO Authority",108.985992
009,"Department of Health and Human Services",009-92-0128,"Office of Inspector General",2025,"Budget Authority",0
009,"Department of Health and Human Services",009-92-0128,"Office of Inspector General",2025,"Funding Total",102.205992
009,"Department of Health and Human Services",009-10-9911,"Salaries and Expenses",2025,"CIO Authority",855.57019
009,"Department of Health and Human Services",009-10-9911,"Salaries and Expenses",2025,"Budget Authority",52.30104
009,"Department of Health and Human Services",009-10-9911,"Salaries and Expenses",2025,"Funding Total",938.148762
009,"Department of Health and Human Services",009-38-0522,"Center for Medicare and Medicaid Innovation",2025,"CIO Authority",186.5082
009,"Department of Health and Human Services",009-38-0522,"Center for Medicare and Medicaid Innovation",2025,"Budget Authority",0
009,"Department of Health and Human Services",009-38-0522,"Center for Medicare and Medicaid Innovation",2025,"Funding Total",199.204454
009,"Department of Health and Human Services",009-25-9915,"National Institutes of Health",2025,"CIO Authority",1771.642
009,"Department of Health and Human Services",009-25-9915,"National Institutes of Health",2025,"Budget Authority",1639.79
009,"Department of Health and Human Services",009-25-9915,"National Institutes of Health",2025,"Funding Total",1921.781
009,"Department of Health and Human Services",015-05-1892,"Coronavirus Relief Fund",2025,"CIO Authority",22.744
009,"Department of Health and Human Services",015-05-1892,"Coronavirus Relief Fund",2025,"Budget Authority",25.982118
009,"Department of Health and Human Services",015-05-1892,"Coronavirus Relief Fund",2025,"Funding Total",18.153052
009,"Department of Health and Human Services",009-70-1515,"Payments to States for the Child Care and Development Block Grant",2025,"CIO Authority",18.341301
009,"Department of Health and Human Services",009-70-1515,"Payments to States for the Child Care and Development Block Grant",2025,"Budget Authority",0
009,"Department of Health and Human Services",009-70-1515,"Payments to States for the Child Care and Development Block Grant",2025,"Funding Total",16.357072
009,"Department of Health and Human Services",009-38-0519,"Quality Improvement Organizations",2025,"CIO Authority",367.978711
009,"Department of Health and Human Services",009-38-0519,"Quality Improvement Organizations",2025,"Budget Authority",0
009,"Department of Health and Human Services",009-38-0519,"Quality Improvement Organizations",2025,"Funding Total",383.602984
009,"Department of Health and Human Services",009-90-0139,"Medicare Hearings and Appeals",2025,"CIO Authority",5.954
009,"Department of Health and Human Services",009-90-0139,"Medicare Hearings and Appeals",2025,"Budget Authority",0
009,"Department of Health and Human Services",009-90-0139,"Medicare Hearings and Appeals",2025,"Funding Total",5.954
009,"Department of Health and Human Services",009-70-1536,"Children and Families Services Programs",2025,"CIO Authority",85.769829
009,"Department of Health and Human Services",009-70-1536,"Children and Families Services Programs",2025,"Budget Authority",0.409
009,"Department of Health and Human Services",009-70-1536,"Children and Families Services Programs",2025,"Funding Total",110.342229
009,"Department of Health and Human Services",009-15-8175,"Vaccine Injury Compensation Program Trust Fund",2025,"CIO Authority",2.265947
009,"Department of Health and Human Services",009-15-8175,"Vaccine Injury Compensation Program Trust Fund",2025,"Budget Authority",1.163
009,"Department of Health and Human Services",009-15-8175,"Vaccine Injury Compensation Program Trust Fund",2025,"Funding Total",4.337372
009,"Department of Health and Human Services",009-20-0946,"World Trade Center Health Program Fund",2025,"CIO Authority",31.881381
009,"Department of Health and Human Services",009-20-0946,"World Trade Center Health Program Fund",2025,"Budget Authority",31.88138
009,"Department of Health and Human Services",009-20-0946,"World Trade Center Health Program Fund",2025,"Funding Total",31.881383
009,"Department of Health and Human Services",009-17-0390,"Indian Health Services",2025,"CIO Authority",1397.442019
009,"Department of Health and Human Services",009-17-0390,"Indian Health Services",2025,"Budget Authority",166969.590454
009,"Department of Health and Human Services",009-17-0390,"Indian Health Services",2025,"Funding Total",573.111963
009,"Department of Health and Human Services",009-75-0142,"Aging and Disability Services Programs",2025,"CIO Authority",6.682514
009,"Department of Health and Human Services",009-75-0142,"Aging and Disability Services Programs",2025,"Budget Authority",0.085
009,"Department of Health and Human Services",009-75-0142,"Aging and Disability Services Programs",2025,"Funding Total",6.682514
009,"Department of Health and Human Services",009-20-0944,"Agency for Toxic Substances and Disease Registry, Toxic Substances and Environmental Public Health",2025,"CIO Authority",6.699996
009,"Department of Health and Human Services",009-20-0944,"Agency for Toxic Substances and Disease Registry, Toxic Substances and Environmental Public Health",2025,"Budget Authority",6.699999
009,"Department of Health and Human Services",009-20-0944,"Agency for Toxic Substances and Disease Registry, Toxic Substances and Environmental Public Health",2025,"Funding Total",4.49999
009,"Department of Health and Human Services",009-76-1000,"Research, Development, and Procurement",2025,"CIO Authority",0
009,"Department of Health and Human Services",009-76-1000,"Research, Development, and Procurement",2025,"Budget Authority",0
009,"Department of Health and Human Services",009-76-1000,"Research, Development, and Procurement",2025,"Funding Total",1.899
009,"Department of Health and Human Services",009-90-9912,"General Departmental Management",2025,"CIO Authority",24.806362
009,"Department of Health and Human Services",009-90-9912,"General Departmental Management",2025,"Budget Authority",0.072
009,"Department of Health and Human Services",009-90-9912,"General Departmental Management",2025,"Funding Total",58.393616
009,"Department of Health and Human Services",009-15-0321,"Maternal, Infant, and Early Childhood Home Visiting Programs",2025,"CIO Authority",2.869456
009,"Department of Health and Human Services",009-15-0321,"Maternal, Infant, and Early Childhood Home Visiting Programs",2025,"Budget Authority",2.121314
009,"Department of Health and Human Services",009-15-0321,"Maternal, Infant, and Early Childhood Home Visiting Programs",2025,"Funding Total",0.93378
009,"Department of Health and Human Services",009-70-1550,"Child Care Entitlement to States",2025,"CIO Authority",0.556725
009,"Department of Health and Human Services",009-70-1550,"Child Care Entitlement to States",2025,"Budget Authority",0
009,"Department of Health and Human Services",009-70-1550,"Child Care Entitlement to States",2025,"Funding Total",0.139121
009,"Department of Health and Human Services",009-33-1700,"Healthcare Research and Quality",2025,"CIO Authority",36.556
009,"Department of Health and Human Services",009-33-1700,"Healthcare Research and Quality",2025,"Budget Authority",36207.058
009,"Department of Health and Human Services",009-33-1700,"Healthcare Research and Quality",2025,"Funding Total",36.556
009,"Department of Health and Human Services",009-70-1553,"Children's Research and Technical Assistance",2025,"CIO Authority",45.199336
009,"Department of Health and Human Services",009-70-1553,"Children's Research and Technical Assistance",2025,"Budget Authority",0
009,"Department of Health and Human Services",009-70-1553,"Children's Research and Technical Assistance",2025,"Funding Total",48.054195
009,"Department of Health and Human Services",009-70-1503,"Refugee and Entrant Assistance",2025,"CIO Authority",183.646499
009,"Department of Health and Human Services",009-70-1503,"Refugee and Entrant Assistance",2025,"Budget Authority",0
009,"Department of Health and Human Services",009-70-1503,"Refugee and Entrant Assistance",2025,"Funding Total",131.147855
009,"Department of Health and Human Services",009-70-1502,"Low Income Home Energy Assistance",2025,"CIO Authority",2.54361
009,"Department of Health and Human Services",009-70-1502,"Low Income Home Energy Assistance",2025,"Budget Authority",0
009,"Department of Health and Human Services",009-70-1502,"Low Income Home Energy Assistance",2025,"Funding Total",1.974054
009,"Department of Health and Human Services",009-91-9971,"Miscellaneous Trust Funds",2025,"CIO Authority",12.465286
009,"Department of Health and Human Services",009-91-9971,"Miscellaneous Trust Funds",2025,"Budget Authority",0
009,"Department of Health and Human Services",009-91-9971,"Miscellaneous Trust Funds",2025,"Funding Total",12.465286
009,"Department of Health and Human Services",009-70-1552,"Temporary Assistance for Needy Families",2025,"CIO Authority",10.031013
009,"Department of Health and Human Services",009-70-1552,"Temporary Assistance for Needy Families",2025,"Budget Authority",0
009,"Department of Health and Human Services",009-70-1552,"Temporary Assistance for Needy Families",2025,"Funding Total",8.442701
009,"Department of Health and Human Services",009-90-0140,"Public Health and Social Services Emergency Fund",2025,"CIO Authority",161.685729
009,"Department of Health and Human Services",009-90-0140,"Public Health and Social Services Emergency Fund",2025,"Budget Authority",0
009,"Department of Health and Human Services",009-90-0140,"Public Health and Social Services Emergency Fund",2025,"Funding Total",33.205028
009,"Department of Health and Human Services",009-38-0512,"Grants to States for Medicaid",2025,"CIO Authority",0
009,"Department of Health and Human Services",009-38-0512,"Grants to States for Medicaid",2025,"Budget Authority",0
009,"Department of Health and Human Services",009-38-0512,"Grants to States for Medicaid",2025,"Funding Total",0
009,"Department of Health and Human Services",009-70-1512,"Promoting Safe and Stable Families",2025,"CIO Authority",0.235732
009,"Department of Health and Human Services",009-70-1512,"Promoting Safe and Stable Families",2025,"Budget Authority",0
009,"Department of Health and Human Services",009-70-1512,"Promoting Safe and Stable Families",2025,"Funding Total",0.342466
009,"Department of Health and Human Services",009-70-1545,"Payments for Foster Care and Permanency",2025,"CIO Authority",1.207692
009,"Department of Health and Human Services",009-70-1545,"Payments for Foster Care and Permanency",2025,"Budget Authority",0
009,"Department of Health and Human Services",009-70-1545,"Payments for Foster Care and Permanency",2025,"Funding Total",0.639015
009,"Department of Health and Human Services",009-70-1501,"Payments to States for Child Support Enforcement and Family Support Programs",2025,"CIO Authority",0
009,"Department of Health and Human Services",009-70-1501,"Payments to States for Child Support Enforcement and Family Support Programs",2025,"Budget Authority",0
009,"Department of Health and Human Services",009-70-1501,"Payments to States for Child Support Enforcement and Family Support Programs",2025,"Funding Total",0
009,"Department of Health and Human Services",009-90-0145,"Transfers from the Patient-Centered Outcomes Research Trust Fund",2025,"CIO Authority",0
009,"Department of Health and Human Services",009-90-0145,"Transfers from the Patient-Centered Outcomes Research Trust Fund",2025,"Budget Authority",0
009,"Department of Health and Human Services",009-90-0145,"Transfers from the Patient-Centered Outcomes Research Trust Fund",2025,"Funding Total",0.411
009,"Department of Health and Human Services",009-90-0116,"Prevention and Public Health Fund",2025,"CIO Authority",0
009,"Department of Health and Human Services",009-90-0116,"Prevention and Public Health Fund",2025,"Budget Authority",0
009,"Department of Health and Human Services",009-90-0116,"Prevention and Public Health Fund",2025,"Funding Total",0
009,"Department of Health and Human Services",009-38-0580,"Payments to Health Care Trust Funds",2025,"CIO Authority",0
009,"Department of Health and Human Services",009-38-0580,"Payments to Health Care Trust Funds",2025,"Budget Authority",0
009,"Department of Health and Human Services",009-38-0580,"Payments to Health Care Trust Funds",2025,"Funding Total",0
009,"Department of Health and Human Services",009-90-0119,"Health Insurance Reform Implementation Fund",2025,"CIO Authority",0
009,"Department of Health and Human Services",009-90-0119,"Health Insurance Reform Implementation Fund",2025,"Budget Authority",0
009,"Department of Health and Human Services",009-90-0119,"Health Insurance Reform Implementation Fund",2025,"Funding Total",4.942
009,"Department of Health and Human Services",009-90-0130,"Office of the National Coordinator for Health Information Technology",2025,"CIO Authority",0
009,"Department of Health and Human Services",009-90-0130,"Office of the National Coordinator for Health Information Technology",2025,"Budget Authority",0
009,"Department of Health and Human Services",009-90-0130,"Office of the National Coordinator for Health Information Technology",2025,"Funding Total",0
009,"Department of Health and Human Services",009-38-0516,"State Grants and Demonstrations",2025,"CIO Authority",0
009,"Department of Health and Human Services",009-38-0516,"State Grants and Demonstrations",2025,"Budget Authority",0
009,"Department of Health and Human Services",009-38-0516,"State Grants and Demonstrations",2025,"Funding Total",0
009,"Department of Health and Human Services",009-70-1534,"Social services block grant",2025,"CIO Authority",0
009,"Department of Health and Human Services",009-70-1534,"Social services block grant",2025,"Budget Authority",0
009,"Department of Health and Human Services",009-70-1534,"Social services block grant",2025,"Funding Total",0
009,"Department of Health and Human Services",014-25-1031,"Global Health Programs",2025,"CIO Authority",0
009,"Department of Health and Human Services",014-25-1031,"Global Health Programs",2025,"Budget Authority",0
009,"Department of Health and Human Services",014-25-1031,"Global Health Programs",2025,"Funding Total",1.671
009,"Department of Health and Human Services",009-70-1522,"Contingency Fund",2025,"CIO Authority",0
009,"Department of Health and Human Services",009-70-1522,"Contingency Fund",2025,"Budget Authority",0
009,"Department of Health and Human Services",009-70-1522,"Contingency Fund",2025,"Funding Total",0
009,"Department of Health and Human Services",009-90-0135,"Office for Civil Rights",2025,"CIO Authority",0
009,"Department of Health and Human Services",009-90-0135,"Office for Civil Rights",2025,"Budget Authority",0
009,"Department of Health and Human Services",009-90-0135,"Office for Civil Rights",2025,"Funding Total",0
009,"Department of Health and Human Services",009-38-8004,"Federal Supplementary Medical Insurance Trust Fund",2025,"CIO Authority",0
009,"Department of Health and Human Services",009-38-8004,"Federal Supplementary Medical Insurance Trust Fund",2025,"Budget Authority",0
009,"Department of Health and Human Services",009-38-8004,"Federal Supplementary Medical Insurance Trust Fund",2025,"Funding Total",0
025,"Department of Housing and Urban Development",025-35-4586,"Information Technology Fund",2022,"CIO Authority",0
025,"Department of Housing and Urban Development",025-35-4586,"Information Technology Fund",2022,"Budget Authority",0
025,"Department of Housing and Urban Development",025-35-4586,"Information Technology Fund",2022,"Funding Total",303.886212
025,"Department of Housing and Urban Development",025-35-0335,"Administrative Support Offices",2022,"CIO Authority",0
025,"Department of Housing and Urban Development",025-35-0335,"Administrative Support Offices",2022,"Budget Authority",0
025,"Department of Housing and Urban Development",025-35-0335,"Administrative Support Offices",2022,"Funding Total",70.034745
025,"Department of Housing and Urban Development",025-35-0189,"Office of Inspector General",2022,"CIO Authority",0
025,"Department of Housing and Urban Development",025-35-0189,"Office of Inspector General",2022,"Budget Authority",0
025,"Department of Housing and Urban Development",025-35-0189,"Office of Inspector General",2022,"Funding Total",13.596792
025,"Department of Housing and Urban Development",025-35-4586,"Information Technology Fund",2023,"CIO Authority",409.00001
025,"Department of Housing and Urban Development",025-35-4586,"Information Technology Fund",2023,"Budget Authority",442.596007
025,"Department of Housing and Urban Development",025-35-4586,"Information Technology Fund",2023,"Funding Total",319.924571
025,"Department of Housing and Urban Development",025-35-0335,"Administrative Support Offices",2023,"CIO Authority",81.2
025,"Department of Housing and Urban Development",025-35-0335,"Administrative Support Offices",2023,"Budget Authority",81.220745
025,"Department of Housing and Urban Development",025-35-0335,"Administrative Support Offices",2023,"Funding Total",67.191745
025,"Department of Housing and Urban Development",025-35-4598,"Working Capital Fund",2023,"CIO Authority",11.8
025,"Department of Housing and Urban Development",025-35-4598,"Working Capital Fund",2023,"Budget Authority",11.8
025,"Department of Housing and Urban Development",025-35-4598,"Working Capital Fund",2023,"Funding Total",0
025,"Department of Housing and Urban Development",025-35-0189,"Office of Inspector General",2023,"CIO Authority",0
025,"Department of Housing and Urban Development",025-35-0189,"Office of Inspector General",2023,"Budget Authority",12.721931
025,"Department of Housing and Urban Development",025-35-0189,"Office of Inspector General",2023,"Funding Total",14.672732
025,"Department of Housing and Urban Development",025-35-4586,"Information Technology Fund",2024,"CIO Authority",415.000009
025,"Department of Housing and Urban Development",025-35-4586,"Information Technology Fund",2024,"Budget Authority",351.123345
025,"Department of Housing and Urban Development",025-35-4586,"Information Technology Fund",2024,"Funding Total",545.686945
025,"Department of Housing and Urban Development",025-35-0189,"Office of Inspector General",2024,"CIO Authority",15.521917
025,"Department of Housing and Urban Development",025-35-0189,"Office of Inspector General",2024,"Budget Authority",15.521917
025,"Department of Housing and Urban Development",025-35-0189,"Office of Inspector General",2024,"Funding Total",13.977697
025,"Department of Housing and Urban Development",025-35-4598,"Working Capital Fund",2024,"CIO Authority",11.8
025,"Department of Housing and Urban Development",025-35-4598,"Working Capital Fund",2024,"Budget Authority",11.8
025,"Department of Housing and Urban Development",025-35-4598,"Working Capital Fund",2024,"Funding Total",0
025,"Department of Housing and Urban Development",025-35-0335,"Administrative Support Offices",2024,"CIO Authority",78.720745
025,"Department of Housing and Urban Development",025-35-0335,"Administrative Support Offices",2024,"Budget Authority",77.520745
025,"Department of Housing and Urban Development",025-35-0335,"Administrative Support Offices",2024,"Funding Total",81.483745
025,"Department of Housing and Urban Development",025-35-4586,"Information Technology Fund",2025,"CIO Authority",419
025,"Department of Housing and Urban Development",025-35-4586,"Information Technology Fund",2025,"Budget Authority",419
025,"Department of Housing and Urban Development",025-35-4586,"Information Technology Fund",2025,"Funding Total",419
025,"Department of Housing and Urban Development",025-35-0335,"Administrative Support Offices",2025,"CIO Authority",89.382671
025,"Department of Housing and Urban Development",025-35-0335,"Administrative Support Offices",2025,"Budget Authority",88.886825
025,"Department of Housing and Urban Development",025-35-0335,"Administrative Support Offices",2025,"Funding Total",88.886825
025,"Department of Housing and Urban Development",025-35-0189,"Office of Inspector General",2025,"CIO Authority",0
025,"Department of Housing and Urban Development",025-35-0189,"Office of Inspector General",2025,"Budget Authority",15.857843
025,"Department of Housing and Urban Development",025-35-0189,"Office of Inspector General",2025,"Funding Total",15.857843
025,"Department of Housing and Urban Development",025-35-4598,"Working Capital Fund",2025,"CIO Authority",11.8
025,"Department of Housing and Urban Development",025-35-4598,"Working Capital Fund",2025,"Budget Authority",11.8
025,"Department of Housing and Urban Development",025-35-4598,"Working Capital Fund",2025,"Funding Total",14.7
010,"Department of the Interior",010-10-0680,"Water and Related Resources",2022,"CIO Authority",0
010,"Department of the Interior",010-10-0680,"Water and Related Resources",2022,"Budget Authority",0
010,"Department of the Interior",010-10-0680,"Water and Related Resources",2022,"Funding Total",42.409346
010,"Department of the Interior",010-06-1917,"Ocean Energy Management",2022,"CIO Authority",0
010,"Department of the Interior",010-06-1917,"Ocean Energy Management",2022,"Budget Authority",0
010,"Department of the Interior",010-06-1917,"Ocean Energy Management",2022,"Funding Total",25.902375
010,"Department of the Interior",010-76-2100,"Operation of Indian Programs",2022,"CIO Authority",0
010,"Department of the Interior",010-76-2100,"Operation of Indian Programs",2022,"Budget Authority",0
010,"Department of the Interior",010-76-2100,"Operation of Indian Programs",2022,"Funding Total",104.241597
010,"Department of the Interior",010-08-1801,"Regulation and Technology",2022,"CIO Authority",0
010,"Department of the Interior",010-08-1801,"Regulation and Technology",2022,"Budget Authority",0
010,"Department of the Interior",010-08-1801,"Regulation and Technology",2022,"Funding Total",6.768576
010,"Department of the Interior",010-95-4523,"Working Capital Fund",2022,"CIO Authority",0
010,"Department of the Interior",010-95-4523,"Working Capital Fund",2022,"Budget Authority",0
010,"Department of the Interior",010-95-4523,"Working Capital Fund",2022,"Funding Total",450.742082
010,"Department of the Interior",010-95-1125,"Wildland Fire Management",2022,"CIO Authority",0
010,"Department of the Interior",010-95-1125,"Wildland Fire Management",2022,"Budget Authority",0
010,"Department of the Interior",010-95-1125,"Wildland Fire Management",2022,"Funding Total",30.093211
010,"Department of the Interior",010-12-0804,"Surveys, Investigations, and Research",2022,"CIO Authority",0
010,"Department of the Interior",010-12-0804,"Surveys, Investigations, and Research",2022,"Budget Authority",0
010,"Department of the Interior",010-12-0804,"Surveys, Investigations, and Research",2022,"Funding Total",327.187741
010,"Department of the Interior",023-30-4540,"Working Capital Fund",2022,"CIO Authority",0
010,"Department of the Interior",023-30-4540,"Working Capital Fund",2022,"Budget Authority",0
010,"Department of the Interior",023-30-4540,"Working Capital Fund",2022,"Funding Total",0.05
010,"Department of the Interior",010-24-1036,"Operation of the National Park System",2022,"CIO Authority",0
010,"Department of the Interior",010-24-1036,"Operation of the National Park System",2022,"Budget Authority",0
010,"Department of the Interior",010-24-1036,"Operation of the National Park System",2022,"Funding Total",156.869821
010,"Department of the Interior",010-10-4524,"Working Capital Fund",2022,"CIO Authority",0
010,"Department of the Interior",010-10-4524,"Working Capital Fund",2022,"Budget Authority",0
010,"Department of the Interior",010-10-4524,"Working Capital Fund",2022,"Funding Total",96.360231
010,"Department of the Interior",010-22-1700,"Offshore Safety and Environmental Enforcement",2022,"CIO Authority",0
010,"Department of the Interior",010-22-1700,"Offshore Safety and Environmental Enforcement",2022,"Budget Authority",0
010,"Department of the Interior",010-22-1700,"Offshore Safety and Environmental Enforcement",2022,"Funding Total",20.913845
010,"Department of the Interior",010-18-1611,"Resource Management",2022,"CIO Authority",0
010,"Department of the Interior",010-18-1611,"Resource Management",2022,"Budget Authority",0
010,"Department of the Interior",010-18-1611,"Resource Management",2022,"Funding Total",114.354892
010,"Department of the Interior",010-10-5656,"Colorado River Dam Fund, Boulder Canyon Project",2022,"CIO Authority",0
010,"Department of the Interior",010-10-5656,"Colorado River Dam Fund, Boulder Canyon Project",2022,"Budget Authority",0
010,"Department of the Interior",010-10-5656,"Colorado River Dam Fund, Boulder Canyon Project",2022,"Funding Total",3.747021
010,"Department of the Interior",010-08-5015,"Abandoned Mine Reclamation Fund",2022,"CIO Authority",0
010,"Department of the Interior",010-08-5015,"Abandoned Mine Reclamation Fund",2022,"Budget Authority",0
010,"Department of the Interior",010-08-5015,"Abandoned Mine Reclamation Fund",2022,"Funding Total",2.597618
010,"Department of the Interior",010-10-5065,"Policy and Administration",2022,"CIO Authority",0
010,"Department of the Interior",010-10-5065,"Policy and Administration",2022,"Budget Authority",0
010,"Department of the Interior",010-10-5065,"Policy and Administration",2022,"Funding Total",8.804783
010,"Department of the Interior",010-04-1109,"Management of Lands and Resources",2022,"CIO Authority",0
010,"Department of the Interior",010-04-1109,"Management of Lands and Resources",2022,"Budget Authority",0
010,"Department of the Interior",010-04-1109,"Management of Lands and Resources",2022,"Funding Total",125.21274
010,"Department of the Interior",010-95-1113,"Office of Natural Resources Revenue",2022,"CIO Authority",0
010,"Department of the Interior",010-95-1113,"Office of Natural Resources Revenue",2022,"Budget Authority",0
010,"Department of the Interior",010-95-1113,"Office of Natural Resources Revenue",2022,"Funding Total",60.830849
010,"Department of the Interior",010-88-0104,"Salaries and Expenses",2022,"CIO Authority",0
010,"Department of the Interior",010-88-0104,"Salaries and Expenses",2022,"Budget Authority",0
010,"Department of the Interior",010-88-0104,"Salaries and Expenses",2022,"Funding Total",5.139447
010,"Department of the Interior",010-95-4529,"Interior Franchise Fund",2022,"CIO Authority",0
010,"Department of the Interior",010-95-4529,"Interior Franchise Fund",2022,"Budget Authority",0
010,"Department of the Interior",010-95-4529,"Interior Franchise Fund",2022,"Funding Total",11.337216
010,"Department of the Interior",010-10-4081,"Upper Colorado River Basin Fund",2022,"CIO Authority",0
010,"Department of the Interior",010-10-4081,"Upper Colorado River Basin Fund",2022,"Budget Authority",0
010,"Department of the Interior",010-10-4081,"Upper Colorado River Basin Fund",2022,"Funding Total",4.486933
010,"Department of the Interior",010-76-2301,Construction,2022,"CIO Authority",0
010,"Department of the Interior",010-76-2301,Construction,2022,"Budget Authority",0
010,"Department of the Interior",010-76-2301,Construction,2022,"Funding Total",6.861603
010,"Department of the Interior",010-04-1116,"Oregon and California Grant Lands",2022,"CIO Authority",0
010,"Department of the Interior",010-04-1116,"Oregon and California Grant Lands",2022,"Budget Authority",0
010,"Department of the Interior",010-04-1116,"Oregon and California Grant Lands",2022,"Funding Total",9.212471
010,"Department of the Interior",010-24-9928,"Recreation Fee Permanent Appropriations",2022,"CIO Authority",0
010,"Department of the Interior",010-24-9928,"Recreation Fee Permanent Appropriations",2022,"Budget Authority",0
010,"Department of the Interior",010-24-9928,"Recreation Fee Permanent Appropriations",2022,"Funding Total",9.327196
010,"Department of the Interior",010-78-0120,"Federal Trust Programs",2022,"CIO Authority",0
010,"Department of the Interior",010-78-0120,"Federal Trust Programs",2022,"Budget Authority",0
010,"Department of the Interior",010-78-0120,"Federal Trust Programs",2022,"Funding Total",22.520988
010,"Department of the Interior",021-15-8102,"Highway Trust Fund",2022,"CIO Authority",0
010,"Department of the Interior",021-15-8102,"Highway Trust Fund",2022,"Budget Authority",0
010,"Department of the Interior",021-15-8102,"Highway Trust Fund",2022,"Funding Total",0.7802
010,"Department of the Interior",010-84-0102,"Salaries and Expenses",2022,"CIO Authority",0
010,"Department of the Interior",010-84-0102,"Salaries and Expenses",2022,"Budget Authority",0
010,"Department of the Interior",010-84-0102,"Salaries and Expenses",2022,"Funding Total",6.457143
010,"Department of the Interior",010-04-9926,"Permanent Operating Funds",2022,"CIO Authority",0
010,"Department of the Interior",010-04-9926,"Permanent Operating Funds",2022,"Budget Authority",0
010,"Department of the Interior",010-04-9926,"Permanent Operating Funds",2022,"Funding Total",1.045083
010,"Department of the Interior",020-00-0108,"Environmental Programs and Management",2022,"CIO Authority",0
010,"Department of the Interior",020-00-0108,"Environmental Programs and Management",2022,"Budget Authority",0
010,"Department of the Interior",020-00-0108,"Environmental Programs and Management",2022,"Funding Total",0.225
010,"Department of the Interior",010-95-1121,"Central hazardous materials fund",2022,"CIO Authority",0
010,"Department of the Interior",010-95-1121,"Central hazardous materials fund",2022,"Budget Authority",0
010,"Department of the Interior",010-95-1121,"Central hazardous materials fund",2022,"Funding Total",0.051671
010,"Department of the Interior",010-85-0412,"Assistance to Territories",2022,"CIO Authority",0
010,"Department of the Interior",010-85-0412,"Assistance to Territories",2022,"Budget Authority",0
010,"Department of the Interior",010-85-0412,"Assistance to Territories",2022,"Funding Total",0.0075
010,"Department of the Interior",021-04-0102,"Salaries and Expenses",2022,"CIO Authority",0
010,"Department of the Interior",021-04-0102,"Salaries and Expenses",2022,"Budget Authority",0
010,"Department of the Interior",021-04-0102,"Salaries and Expenses",2022,"Funding Total",0.05
010,"Department of the Interior",029-40-4539,"Franchise Fund",2022,"CIO Authority",0
010,"Department of the Interior",029-40-4539,"Franchise Fund",2022,"Budget Authority",0
010,"Department of the Interior",029-40-4539,"Franchise Fund",2022,"Funding Total",0.025
010,"Department of the Interior",005-96-1115,"Wildland Fire Management",2022,"CIO Authority",0
010,"Department of the Interior",005-96-1115,"Wildland Fire Management",2022,"Budget Authority",0
010,"Department of the Interior",005-96-1115,"Wildland Fire Management",2022,"Funding Total",2.152
010,"Department of the Interior",005-96-4605,"Working Capital Fund",2022,"CIO Authority",0
010,"Department of the Interior",005-96-4605,"Working Capital Fund",2022,"Budget Authority",0
010,"Department of the Interior",005-96-4605,"Working Capital Fund",2022,"Funding Total",0.182
010,"Department of the Interior",010-77-2106,"Operation of Indian Education Programs",2022,"CIO Authority",0
010,"Department of the Interior",010-77-2106,"Operation of Indian Education Programs",2022,"Budget Authority",0
010,"Department of the Interior",010-77-2106,"Operation of Indian Education Programs",2022,"Funding Total",18.270912
010,"Department of the Interior",010-24-1039,"Construction (and Major Maintenance)",2022,"CIO Authority",0
010,"Department of the Interior",010-24-1039,"Construction (and Major Maintenance)",2022,"Budget Authority",0
010,"Department of the Interior",010-24-1039,"Construction (and Major Maintenance)",2022,"Funding Total",1.509736
010,"Department of the Interior",006-07-0450,"Periodic Censuses and Programs",2022,"CIO Authority",0
010,"Department of the Interior",006-07-0450,"Periodic Censuses and Programs",2022,"Budget Authority",0
010,"Department of the Interior",006-07-0450,"Periodic Censuses and Programs",2022,"Funding Total",0.225
010,"Department of the Interior",009-10-9911,"Salaries and Expenses",2022,"CIO Authority",0
010,"Department of the Interior",009-10-9911,"Salaries and Expenses",2022,"Budget Authority",0
010,"Department of the Interior",009-10-9911,"Salaries and Expenses",2022,"Funding Total",0.05
010,"Department of the Interior",018-80-0800,"Program Administration",2022,"CIO Authority",0
010,"Department of the Interior",018-80-0800,"Program Administration",2022,"Budget Authority",0
010,"Department of the Interior",018-80-0800,"Program Administration",2022,"Funding Total",0.025
010,"Department of the Interior",010-84-5005,"Land and Water Conservation Fund",2022,"CIO Authority",0
010,"Department of the Interior",010-84-5005,"Land and Water Conservation Fund",2022,"Budget Authority",0
010,"Department of the Interior",010-84-5005,"Land and Water Conservation Fund",2022,"Funding Total",1
010,"Department of the Interior",028-00-0100,"Salaries and Expenses",2022,"CIO Authority",0
010,"Department of the Interior",028-00-0100,"Salaries and Expenses",2022,"Budget Authority",0
010,"Department of the Interior",028-00-0100,"Salaries and Expenses",2022,"Funding Total",0.025
010,"Department of the Interior",202-00-3123,"Operation and maintenance",2022,"CIO Authority",0
010,"Department of the Interior",202-00-3123,"Operation and maintenance",2022,"Budget Authority",0
010,"Department of the Interior",202-00-3123,"Operation and maintenance",2022,"Funding Total",0.137356
010,"Department of the Interior",005-03-9913,"Office of the Secretary",2022,"CIO Authority",0
010,"Department of the Interior",005-03-9913,"Office of the Secretary",2022,"Budget Authority",0
010,"Department of the Interior",005-03-9913,"Office of the Secretary",2022,"Funding Total",0.225
010,"Department of the Interior",011-03-4526,"Working Capital Fund",2022,"CIO Authority",0
010,"Department of the Interior",011-03-4526,"Working Capital Fund",2022,"Budget Authority",0
010,"Department of the Interior",011-03-4526,"Working Capital Fund",2022,"Funding Total",0.05
010,"Department of the Interior",184-25-1001,"Trade and Development Agency",2022,"CIO Authority",0
010,"Department of the Interior",184-25-1001,"Trade and Development Agency",2022,"Budget Authority",0
010,"Department of the Interior",184-25-1001,"Trade and Development Agency",2022,"Funding Total",0.025
010,"Department of the Interior",016-00-8704,"Limitation on Administrative Expenses",2022,"CIO Authority",0
010,"Department of the Interior",016-00-8704,"Limitation on Administrative Expenses",2022,"Budget Authority",0
010,"Department of the Interior",016-00-8704,"Limitation on Administrative Expenses",2022,"Funding Total",0.025
010,"Department of the Interior",007-10-0100,"Operation and Maintenance, Defense-wide",2022,"CIO Authority",0
010,"Department of the Interior",007-10-0100,"Operation and Maintenance, Defense-wide",2022,"Budget Authority",0
010,"Department of the Interior",007-10-0100,"Operation and Maintenance, Defense-wide",2022,"Funding Total",0.225
010,"Department of the Interior",010-10-5537,"San Joaquin Restoration Fund",2022,"CIO Authority",0
010,"Department of the Interior",010-10-5537,"San Joaquin Restoration Fund",2022,"Budget Authority",0
010,"Department of the Interior",010-10-5537,"San Joaquin Restoration Fund",2022,"Funding Total",0.046024
010,"Department of the Interior",010-86-0107,"Salaries and Expenses",2022,"CIO Authority",0
010,"Department of the Interior",010-86-0107,"Salaries and Expenses",2022,"Budget Authority",0
010,"Department of the Interior",010-86-0107,"Salaries and Expenses",2022,"Funding Total",1.425256
010,"Department of the Interior",015-04-0173,"Salaries and Expenses",2022,"CIO Authority",0
010,"Department of the Interior",015-04-0173,"Salaries and Expenses",2022,"Budget Authority",0
010,"Department of the Interior",015-04-0173,"Salaries and Expenses",2022,"Funding Total",0.025
010,"Department of the Interior",025-35-0335,"Administrative Support Offices",2022,"CIO Authority",0
010,"Department of the Interior",025-35-0335,"Administrative Support Offices",2022,"Budget Authority",0
010,"Department of the Interior",025-35-0335,"Administrative Support Offices",2022,"Funding Total",0.05
010,"Department of the Interior",010-95-2641,"Energy Community Revitalization Program",2022,"CIO Authority",0
010,"Department of the Interior",010-95-2641,"Energy Community Revitalization Program",2022,"Budget Authority",0
010,"Department of the Interior",010-95-2641,"Energy Community Revitalization Program",2022,"Funding Total",1.257
010,"Department of the Interior",005-96-1106,"National Forest System",2022,"CIO Authority",0
010,"Department of the Interior",005-96-1106,"National Forest System",2022,"Budget Authority",0
010,"Department of the Interior",005-96-1106,"National Forest System",2022,"Funding Total",0.251528
010,"Department of the Interior",010-10-0687,"California Bay-Delta Restoration",2022,"CIO Authority",0
010,"Department of the Interior",010-10-0687,"California Bay-Delta Restoration",2022,"Budget Authority",0
010,"Department of the Interior",010-10-0687,"California Bay-Delta Restoration",2022,"Funding Total",0.037
010,"Department of the Interior",024-10-0100,"Operations and Support",2022,"CIO Authority",0
010,"Department of the Interior",024-10-0100,"Operations and Support",2022,"Budget Authority",0
010,"Department of the Interior",024-10-0100,"Operations and Support",2022,"Funding Total",0.225
010,"Department of the Interior",026-00-0112,"Mission Support",2022,"CIO Authority",0
010,"Department of the Interior",026-00-0112,"Mission Support",2022,"Budget Authority",0
010,"Department of the Interior",026-00-0112,"Mission Support",2022,"Funding Total",0.225
010,"Department of the Interior",393-00-0300,"Operating expenses",2022,"CIO Authority",0
010,"Department of the Interior",393-00-0300,"Operating expenses",2022,"Budget Authority",0
010,"Department of the Interior",393-00-0300,"Operating expenses",2022,"Funding Total",0.025
010,"Department of the Interior",014-05-4519,"Working Capital Fund",2022,"CIO Authority",0
010,"Department of the Interior",014-05-4519,"Working Capital Fund",2022,"Budget Authority",0
010,"Department of the Interior",014-05-4519,"Working Capital Fund",2022,"Funding Total",0.05
010,"Department of the Interior",012-25-0165,"Salaries and Expenses",2022,"CIO Authority",0
010,"Department of the Interior",012-25-0165,"Salaries and Expenses",2022,"Budget Authority",0
010,"Department of the Interior",012-25-0165,"Salaries and Expenses",2022,"Funding Total",0.025
010,"Department of the Interior",422-00-0100,"Research and Related Activities",2022,"CIO Authority",0
010,"Department of the Interior",422-00-0100,"Research and Related Activities",2022,"Budget Authority",0
010,"Department of the Interior",422-00-0100,"Research and Related Activities",2022,"Funding Total",0.025
010,"Department of the Interior",019-60-4563,"Working Capital Fund",2022,"CIO Authority",0
010,"Department of the Interior",019-60-4563,"Working Capital Fund",2022,"Budget Authority",0
010,"Department of the Interior",019-60-4563,"Working Capital Fund",2022,"Funding Total",0.05
010,"Department of the Interior",010-10-5173,"Central Valley Project Restoration Fund",2022,"CIO Authority",0
010,"Department of the Interior",010-10-5173,"Central Valley Project Restoration Fund",2022,"Budget Authority",0
010,"Department of the Interior",010-10-5173,"Central Valley Project Restoration Fund",2022,"Funding Total",0.01
010,"Department of the Interior",010-10-4524,"Working Capital Fund",2023,"CIO Authority",96.358151
010,"Department of the Interior",010-10-4524,"Working Capital Fund",2023,"Budget Authority",95.033043
010,"Department of the Interior",010-10-4524,"Working Capital Fund",2023,"Funding Total",92.693025
010,"Department of the Interior",010-10-0680,"Water and Related Resources",2023,"CIO Authority",46.697756
010,"Department of the Interior",010-10-0680,"Water and Related Resources",2023,"Budget Authority",45.743843
010,"Department of the Interior",010-10-0680,"Water and Related Resources",2023,"Funding Total",49.872839
010,"Department of the Interior",010-95-1125,"Wildland Fire Management",2023,"CIO Authority",36.007499
010,"Department of the Interior",010-95-1125,"Wildland Fire Management",2023,"Budget Authority",35.887475
010,"Department of the Interior",010-95-1125,"Wildland Fire Management",2023,"Funding Total",36.515229
010,"Department of the Interior",010-12-0804,"Surveys, Investigations, and Research",2023,"CIO Authority",321.791777
010,"Department of the Interior",010-12-0804,"Surveys, Investigations, and Research",2023,"Budget Authority",321.791777
010,"Department of the Interior",010-12-0804,"Surveys, Investigations, and Research",2023,"Funding Total",406.333945
010,"Department of the Interior",010-95-4523,"Working Capital Fund",2023,"CIO Authority",397.077392
010,"Department of the Interior",010-95-4523,"Working Capital Fund",2023,"Budget Authority",386.400196
010,"Department of the Interior",010-95-4523,"Working Capital Fund",2023,"Funding Total",461.730642
010,"Department of the Interior",010-18-1611,"Resource Management",2023,"CIO Authority",97.044311
010,"Department of the Interior",010-18-1611,"Resource Management",2023,"Budget Authority",96.754311
010,"Department of the Interior",010-18-1611,"Resource Management",2023,"Funding Total",108.129518
010,"Department of the Interior",010-95-1113,"Office of Natural Resources Revenue",2023,"CIO Authority",60.669662
010,"Department of the Interior",010-95-1113,"Office of Natural Resources Revenue",2023,"Budget Authority",44.322662
010,"Department of the Interior",010-95-1113,"Office of Natural Resources Revenue",2023,"Funding Total",86.674965
010,"Department of the Interior",010-04-1109,"Management of Lands and Resources",2023,"CIO Authority",156.414487
010,"Department of the Interior",010-04-1109,"Management of Lands and Resources",2023,"Budget Authority",154.513845
010,"Department of the Interior",010-04-1109,"Management of Lands and Resources",2023,"Funding Total",160.85373
010,"Department of the Interior",021-15-8083,"Federal-aid Highways",2023,"CIO Authority",0
010,"Department of the Interior",021-15-8083,"Federal-aid Highways",2023,"Budget Authority",0
010,"Department of the Interior",021-15-8083,"Federal-aid Highways",2023,"Funding Total",0.941896
010,"Department of the Interior",010-76-2100,"Operation of Indian Programs",2023,"CIO Authority",119.629032
010,"Department of the Interior",010-76-2100,"Operation of Indian Programs",2023,"Budget Authority",117.067551
010,"Department of the Interior",010-76-2100,"Operation of Indian Programs",2023,"Funding Total",123.438564
010,"Department of the Interior",010-10-4081,"Upper Colorado River Basin Fund",2023,"CIO Authority",4.604903
010,"Department of the Interior",010-10-4081,"Upper Colorado River Basin Fund",2023,"Budget Authority",4.234332
010,"Department of the Interior",010-10-4081,"Upper Colorado River Basin Fund",2023,"Funding Total",9.658608
010,"Department of the Interior",010-06-1917,"Ocean Energy Management",2023,"CIO Authority",28.350906
010,"Department of the Interior",010-06-1917,"Ocean Energy Management",2023,"Budget Authority",28.350906
010,"Department of the Interior",010-06-1917,"Ocean Energy Management",2023,"Funding Total",29.898192
010,"Department of the Interior",010-04-9926,"Permanent Operating Funds",2023,"CIO Authority",0.677449
010,"Department of the Interior",010-04-9926,"Permanent Operating Funds",2023,"Budget Authority",0.677449
010,"Department of the Interior",010-04-9926,"Permanent Operating Funds",2023,"Funding Total",0.677449
010,"Department of the Interior",010-08-1801,"Regulation and Technology",2023,"CIO Authority",7.081219
010,"Department of the Interior",010-08-1801,"Regulation and Technology",2023,"Budget Authority",7.081219
010,"Department of the Interior",010-08-1801,"Regulation and Technology",2023,"Funding Total",7.176274
010,"Department of the Interior",007-10-0100,"Operation and Maintenance, Defense-wide",2023,"CIO Authority",0
010,"Department of the Interior",007-10-0100,"Operation and Maintenance, Defense-wide",2023,"Budget Authority",0
010,"Department of the Interior",007-10-0100,"Operation and Maintenance, Defense-wide",2023,"Funding Total",0.225
010,"Department of the Interior",010-24-1036,"Operation of the National Park System",2023,"CIO Authority",237.712846
010,"Department of the Interior",010-24-1036,"Operation of the National Park System",2023,"Budget Authority",230.312698
010,"Department of the Interior",010-24-1036,"Operation of the National Park System",2023,"Funding Total",191.58624
010,"Department of the Interior",010-22-1700,"Offshore Safety and Environmental Enforcement",2023,"CIO Authority",32.025078
010,"Department of the Interior",010-22-1700,"Offshore Safety and Environmental Enforcement",2023,"Budget Authority",31.604574
010,"Department of the Interior",010-22-1700,"Offshore Safety and Environmental Enforcement",2023,"Funding Total",29.905789
010,"Department of the Interior",010-10-5065,"Policy and Administration",2023,"CIO Authority",6.729908
010,"Department of the Interior",010-10-5065,"Policy and Administration",2023,"Budget Authority",6.71709
010,"Department of the Interior",010-10-5065,"Policy and Administration",2023,"Funding Total",9.503947
010,"Department of the Interior",010-77-2106,"Operation of Indian Education Programs",2023,"CIO Authority",18.053067
010,"Department of the Interior",010-77-2106,"Operation of Indian Education Programs",2023,"Budget Authority",18.053067
010,"Department of the Interior",010-77-2106,"Operation of Indian Education Programs",2023,"Funding Total",30.305226
010,"Department of the Interior",010-78-0120,"Federal Trust Programs",2023,"CIO Authority",25.718317
010,"Department of the Interior",010-78-0120,"Federal Trust Programs",2023,"Budget Authority",21.075928
010,"Department of the Interior",010-78-0120,"Federal Trust Programs",2023,"Funding Total",16.03032
010,"Department of the Interior",010-95-4529,"Interior Franchise Fund",2023,"CIO Authority",9.832061
010,"Department of the Interior",010-95-4529,"Interior Franchise Fund",2023,"Budget Authority",9.7491
010,"Department of the Interior",010-95-4529,"Interior Franchise Fund",2023,"Funding Total",13.258497
010,"Department of the Interior",010-76-2301,Construction,2023,"CIO Authority",0
010,"Department of the Interior",010-76-2301,Construction,2023,"Budget Authority",0
010,"Department of the Interior",010-76-2301,Construction,2023,"Funding Total",7.282695
010,"Department of the Interior",010-04-1116,"Oregon and California Grant Lands",2023,"CIO Authority",8.245336
010,"Department of the Interior",010-04-1116,"Oregon and California Grant Lands",2023,"Budget Authority",8.245336
010,"Department of the Interior",010-04-1116,"Oregon and California Grant Lands",2023,"Funding Total",8.245336
010,"Department of the Interior",010-10-5656,"Colorado River Dam Fund, Boulder Canyon Project",2023,"CIO Authority",3.904164
010,"Department of the Interior",010-10-5656,"Colorado River Dam Fund, Boulder Canyon Project",2023,"Budget Authority",3.878524
010,"Department of the Interior",010-10-5656,"Colorado River Dam Fund, Boulder Canyon Project",2023,"Funding Total",4.270102
010,"Department of the Interior",010-08-5015,"Abandoned Mine Reclamation Fund",2023,"CIO Authority",3.493109
010,"Department of the Interior",010-08-5015,"Abandoned Mine Reclamation Fund",2023,"Budget Authority",3.470209
010,"Department of the Interior",010-08-5015,"Abandoned Mine Reclamation Fund",2023,"Funding Total",3.689166
010,"Department of the Interior",005-96-1106,"National Forest System",2023,"CIO Authority",0
010,"Department of the Interior",005-96-1106,"National Forest System",2023,"Budget Authority",0
010,"Department of the Interior",005-96-1106,"National Forest System",2023,"Funding Total",0.221044
010,"Department of the Interior",202-00-3123,"Operation and maintenance",2023,"CIO Authority",0
010,"Department of the Interior",202-00-3123,"Operation and maintenance",2023,"Budget Authority",0
010,"Department of the Interior",202-00-3123,"Operation and maintenance",2023,"Funding Total",0.135725
010,"Department of the Interior",010-24-1039,"Construction (and Major Maintenance)",2023,"CIO Authority",1.588606
010,"Department of the Interior",010-24-1039,"Construction (and Major Maintenance)",2023,"Budget Authority",2.038506
010,"Department of the Interior",010-24-1039,"Construction (and Major Maintenance)",2023,"Funding Total",9.998459
010,"Department of the Interior",015-04-0173,"Salaries and Expenses",2023,"CIO Authority",0
010,"Department of the Interior",015-04-0173,"Salaries and Expenses",2023,"Budget Authority",0
010,"Department of the Interior",015-04-0173,"Salaries and Expenses",2023,"Funding Total",0.025
010,"Department of the Interior",010-24-9928,"Recreation Fee Permanent Appropriations",2023,"CIO Authority",9.370978
010,"Department of the Interior",010-24-9928,"Recreation Fee Permanent Appropriations",2023,"Budget Authority",9.370978
010,"Department of the Interior",010-24-9928,"Recreation Fee Permanent Appropriations",2023,"Funding Total",9.779813
010,"Department of the Interior",010-88-0104,"Salaries and Expenses",2023,"CIO Authority",6.23918
010,"Department of the Interior",010-88-0104,"Salaries and Expenses",2023,"Budget Authority",6.23918
010,"Department of the Interior",010-88-0104,"Salaries and Expenses",2023,"Funding Total",5.492492
010,"Department of the Interior",010-84-0102,"Salaries and Expenses",2023,"CIO Authority",4.408024
010,"Department of the Interior",010-84-0102,"Salaries and Expenses",2023,"Budget Authority",4.603477
010,"Department of the Interior",010-84-0102,"Salaries and Expenses",2023,"Funding Total",16.559435
010,"Department of the Interior",010-24-9924,"Other Permanent Appropriations",2023,"CIO Authority",0.165
010,"Department of the Interior",010-24-9924,"Other Permanent Appropriations",2023,"Budget Authority",0.165
010,"Department of the Interior",010-24-9924,"Other Permanent Appropriations",2023,"Funding Total",0.049
010,"Department of the Interior",005-96-1115,"Wildland Fire Management",2023,"CIO Authority",0
010,"Department of the Interior",005-96-1115,"Wildland Fire Management",2023,"Budget Authority",0
010,"Department of the Interior",005-96-1115,"Wildland Fire Management",2023,"Funding Total",3.747
010,"Department of the Interior",011-03-4526,"Working Capital Fund",2023,"CIO Authority",0
010,"Department of the Interior",011-03-4526,"Working Capital Fund",2023,"Budget Authority",0
010,"Department of the Interior",011-03-4526,"Working Capital Fund",2023,"Funding Total",0.05
010,"Department of the Interior",010-86-0107,"Salaries and Expenses",2023,"CIO Authority",1.453261
010,"Department of the Interior",010-86-0107,"Salaries and Expenses",2023,"Budget Authority",1.453261
010,"Department of the Interior",010-86-0107,"Salaries and Expenses",2023,"Funding Total",1.453384
010,"Department of the Interior",021-15-8102,"Highway Trust Fund",2023,"CIO Authority",0
010,"Department of the Interior",021-15-8102,"Highway Trust Fund",2023,"Budget Authority",0
010,"Department of the Interior",021-15-8102,"Highway Trust Fund",2023,"Funding Total",2.5142
010,"Department of the Interior",010-84-5005,"Land and Water Conservation Fund",2023,"CIO Authority",1
010,"Department of the Interior",010-84-5005,"Land and Water Conservation Fund",2023,"Budget Authority",1
010,"Department of the Interior",010-84-5005,"Land and Water Conservation Fund",2023,"Funding Total",1.031
010,"Department of the Interior",012-25-0165,"Salaries and Expenses",2023,"CIO Authority",0
010,"Department of the Interior",012-25-0165,"Salaries and Expenses",2023,"Budget Authority",0
010,"Department of the Interior",012-25-0165,"Salaries and Expenses",2023,"Funding Total",0.025
010,"Department of the Interior",010-10-0687,"California Bay-Delta Restoration",2023,"CIO Authority",0.148202
010,"Department of the Interior",010-10-0687,"California Bay-Delta Restoration",2023,"Budget Authority",0.148202
010,"Department of the Interior",010-10-0687,"California Bay-Delta Restoration",2023,"Funding Total",0.016126
010,"Department of the Interior",010-95-1121,"Central hazardous materials fund",2023,"CIO Authority",0.053221
010,"Department of the Interior",010-95-1121,"Central hazardous materials fund",2023,"Budget Authority",0.053221
010,"Department of the Interior",010-95-1121,"Central hazardous materials fund",2023,"Funding Total",0.053221
010,"Department of the Interior",029-40-4539,"Franchise Fund",2023,"CIO Authority",0
010,"Department of the Interior",029-40-4539,"Franchise Fund",2023,"Budget Authority",0
010,"Department of the Interior",029-40-4539,"Franchise Fund",2023,"Funding Total",0.025
010,"Department of the Interior",014-05-4519,"Working Capital Fund",2023,"CIO Authority",0
010,"Department of the Interior",014-05-4519,"Working Capital Fund",2023,"Budget Authority",0
010,"Department of the Interior",014-05-4519,"Working Capital Fund",2023,"Funding Total",0.05
010,"Department of the Interior",184-25-1001,"Trade and Development Agency",2023,"CIO Authority",0
010,"Department of the Interior",184-25-1001,"Trade and Development Agency",2023,"Budget Authority",0
010,"Department of the Interior",184-25-1001,"Trade and Development Agency",2023,"Funding Total",0.025
010,"Department of the Interior",016-00-8704,"Limitation on Administrative Expenses",2023,"CIO Authority",0
010,"Department of the Interior",016-00-8704,"Limitation on Administrative Expenses",2023,"Budget Authority",0
010,"Department of the Interior",016-00-8704,"Limitation on Administrative Expenses",2023,"Funding Total",0.025
010,"Department of the Interior",006-07-0450,"Periodic Censuses and Programs",2023,"CIO Authority",0
010,"Department of the Interior",006-07-0450,"Periodic Censuses and Programs",2023,"Budget Authority",0
010,"Department of the Interior",006-07-0450,"Periodic Censuses and Programs",2023,"Funding Total",0.225
010,"Department of the Interior",010-95-2641,"Energy Community Revitalization Program",2023,"CIO Authority",0
010,"Department of the Interior",010-95-2641,"Energy Community Revitalization Program",2023,"Budget Authority",0
010,"Department of the Interior",010-95-2641,"Energy Community Revitalization Program",2023,"Funding Total",1.287
010,"Department of the Interior",024-10-0100,"Operations and Support",2023,"CIO Authority",0
010,"Department of the Interior",024-10-0100,"Operations and Support",2023,"Budget Authority",0
010,"Department of the Interior",024-10-0100,"Operations and Support",2023,"Funding Total",0.225
010,"Department of the Interior",010-85-0412,"Assistance to Territories",2023,"CIO Authority",0.0075
010,"Department of the Interior",010-85-0412,"Assistance to Territories",2023,"Budget Authority",0.0075
010,"Department of the Interior",010-85-0412,"Assistance to Territories",2023,"Funding Total",0.547053
010,"Department of the Interior",028-00-0100,"Salaries and Expenses",2023,"CIO Authority",0
010,"Department of the Interior",028-00-0100,"Salaries and Expenses",2023,"Budget Authority",0
010,"Department of the Interior",028-00-0100,"Salaries and Expenses",2023,"Funding Total",0.025
010,"Department of the Interior",393-00-0300,"Operating expenses",2023,"CIO Authority",0
010,"Department of the Interior",393-00-0300,"Operating expenses",2023,"Budget Authority",0
010,"Department of the Interior",393-00-0300,"Operating expenses",2023,"Funding Total",0.025
010,"Department of the Interior",019-60-4563,"Working Capital Fund",2023,"CIO Authority",0
010,"Department of the Interior",019-60-4563,"Working Capital Fund",2023,"Budget Authority",0
010,"Department of the Interior",019-60-4563,"Working Capital Fund",2023,"Funding Total",0.05
010,"Department of the Interior",026-00-0112,"Mission Support",2023,"CIO Authority",0
010,"Department of the Interior",026-00-0112,"Mission Support",2023,"Budget Authority",0
010,"Department of the Interior",026-00-0112,"Mission Support",2023,"Funding Total",0.225
010,"Department of the Interior",021-04-4520,"Working Capital Fund",2023,"CIO Authority",0
010,"Department of the Interior",021-04-4520,"Working Capital Fund",2023,"Budget Authority",0
010,"Department of the Interior",021-04-4520,"Working Capital Fund",2023,"Funding Total",0.05
010,"Department of the Interior",025-35-0335,"Administrative Support Offices",2023,"CIO Authority",0
010,"Department of the Interior",025-35-0335,"Administrative Support Offices",2023,"Budget Authority",0
010,"Department of the Interior",025-35-0335,"Administrative Support Offices",2023,"Funding Total",0.05
010,"Department of the Interior",010-10-5173,"Central Valley Project Restoration Fund",2023,"CIO Authority",0.01
010,"Department of the Interior",010-10-5173,"Central Valley Project Restoration Fund",2023,"Budget Authority",0.01
010,"Department of the Interior",010-10-5173,"Central Valley Project Restoration Fund",2023,"Funding Total",0
010,"Department of the Interior",009-10-9911,"Salaries and Expenses",2023,"CIO Authority",0
010,"Department of the Interior",009-10-9911,"Salaries and Expenses",2023,"Budget Authority",0
010,"Department of the Interior",009-10-9911,"Salaries and Expenses",2023,"Funding Total",0.05
010,"Department of the Interior",010-10-5537,"San Joaquin Restoration Fund",2023,"CIO Authority",0.025024
010,"Department of the Interior",010-10-5537,"San Joaquin Restoration Fund",2023,"Budget Authority",0.025024
010,"Department of the Interior",010-10-5537,"San Joaquin Restoration Fund",2023,"Funding Total",0
010,"Department of the Interior",005-03-9913,"Office of the Secretary",2023,"CIO Authority",0
010,"Department of the Interior",005-03-9913,"Office of the Secretary",2023,"Budget Authority",0
010,"Department of the Interior",005-03-9913,"Office of the Secretary",2023,"Funding Total",0.225
010,"Department of the Interior",018-80-0800,"Program Administration",2023,"CIO Authority",0
010,"Department of the Interior",018-80-0800,"Program Administration",2023,"Budget Authority",0
010,"Department of the Interior",018-80-0800,"Program Administration",2023,"Funding Total",0.025
010,"Department of the Interior",422-00-0100,"Research and Related Activities",2023,"CIO Authority",0
010,"Department of the Interior",422-00-0100,"Research and Related Activities",2023,"Budget Authority",0
010,"Department of the Interior",422-00-0100,"Research and Related Activities",2023,"Funding Total",0.025
010,"Department of the Interior",023-30-4540,"Working Capital Fund",2023,"CIO Authority",0
010,"Department of the Interior",023-30-4540,"Working Capital Fund",2023,"Budget Authority",0
010,"Department of the Interior",023-30-4540,"Working Capital Fund",2023,"Funding Total",0.05
010,"Department of the Interior",020-00-0108,"Environmental Programs and Management",2023,"CIO Authority",0
010,"Department of the Interior",020-00-0108,"Environmental Programs and Management",2023,"Budget Authority",0
010,"Department of the Interior",020-00-0108,"Environmental Programs and Management",2023,"Funding Total",0.225
010,"Department of the Interior",010-18-1611,"Resource Management",2024,"CIO Authority",93.415556
010,"Department of the Interior",010-18-1611,"Resource Management",2024,"Budget Authority",93.395556
010,"Department of the Interior",010-18-1611,"Resource Management",2024,"Funding Total",112.085395
010,"Department of the Interior",010-12-0804,"Surveys, Investigations, and Research",2024,"CIO Authority",377.618142
010,"Department of the Interior",010-12-0804,"Surveys, Investigations, and Research",2024,"Budget Authority",377.618142
010,"Department of the Interior",010-12-0804,"Surveys, Investigations, and Research",2024,"Funding Total",308.43347
010,"Department of the Interior",010-24-9924,"Other Permanent Appropriations",2024,"CIO Authority",0.065
010,"Department of the Interior",010-24-9924,"Other Permanent Appropriations",2024,"Budget Authority",0.065
010,"Department of the Interior",010-24-9924,"Other Permanent Appropriations",2024,"Funding Total",0.16108
010,"Department of the Interior",010-06-1917,"Ocean Energy Management",2024,"CIO Authority",35.903338
010,"Department of the Interior",010-06-1917,"Ocean Energy Management",2024,"Budget Authority",35.903338
010,"Department of the Interior",010-06-1917,"Ocean Energy Management",2024,"Funding Total",38.693418
010,"Department of the Interior",010-88-0104,"Salaries and Expenses",2024,"CIO Authority",8.49464
010,"Department of the Interior",010-88-0104,"Salaries and Expenses",2024,"Budget Authority",8.49464
010,"Department of the Interior",010-88-0104,"Salaries and Expenses",2024,"Funding Total",5.844782
010,"Department of the Interior",010-95-4523,"Working Capital Fund",2024,"CIO Authority",471.786769
010,"Department of the Interior",010-95-4523,"Working Capital Fund",2024,"Budget Authority",471.786769
010,"Department of the Interior",010-95-4523,"Working Capital Fund",2024,"Funding Total",531.340369
010,"Department of the Interior",010-10-4524,"Working Capital Fund",2024,"CIO Authority",109.286558
010,"Department of the Interior",010-10-4524,"Working Capital Fund",2024,"Budget Authority",109.286558
010,"Department of the Interior",010-10-4524,"Working Capital Fund",2024,"Funding Total",109.286558
010,"Department of the Interior",010-08-1801,"Regulation and Technology",2024,"CIO Authority",9.015874
010,"Department of the Interior",010-08-1801,"Regulation and Technology",2024,"Budget Authority",9.015874
010,"Department of the Interior",010-08-1801,"Regulation and Technology",2024,"Funding Total",8.399001
010,"Department of the Interior",010-78-0120,"Federal Trust Programs",2024,"CIO Authority",23.885051
010,"Department of the Interior",010-78-0120,"Federal Trust Programs",2024,"Budget Authority",23.535348
010,"Department of the Interior",010-78-0120,"Federal Trust Programs",2024,"Funding Total",11.829276
010,"Department of the Interior",010-24-1036,"Operation of the National Park System",2024,"CIO Authority",184.674857
010,"Department of the Interior",010-24-1036,"Operation of the National Park System",2024,"Budget Authority",183.735709
010,"Department of the Interior",010-24-1036,"Operation of the National Park System",2024,"Funding Total",193.734339
010,"Department of the Interior",010-95-1113,"Office of Natural Resources Revenue",2024,"CIO Authority",78.450524
010,"Department of the Interior",010-95-1113,"Office of Natural Resources Revenue",2024,"Budget Authority",78.450524
010,"Department of the Interior",010-95-1113,"Office of Natural Resources Revenue",2024,"Funding Total",84.850592
010,"Department of the Interior",010-22-1700,"Offshore Safety and Environmental Enforcement",2024,"CIO Authority",33.047842
010,"Department of the Interior",010-22-1700,"Offshore Safety and Environmental Enforcement",2024,"Budget Authority",32.897842
010,"Department of the Interior",010-22-1700,"Offshore Safety and Environmental Enforcement",2024,"Funding Total",37.243316
010,"Department of the Interior",010-04-1109,"Management of Lands and Resources",2024,"CIO Authority",183.187656
010,"Department of the Interior",010-04-1109,"Management of Lands and Resources",2024,"Budget Authority",181.589019
010,"Department of the Interior",010-04-1109,"Management of Lands and Resources",2024,"Funding Total",181.616306
010,"Department of the Interior",010-76-2100,"Operation of Indian Programs",2024,"CIO Authority",99.504885
010,"Department of the Interior",010-76-2100,"Operation of Indian Programs",2024,"Budget Authority",96.832124
010,"Department of the Interior",010-76-2100,"Operation of Indian Programs",2024,"Funding Total",127.737045
010,"Department of the Interior",010-10-5065,"Policy and Administration",2024,"CIO Authority",10.546232
010,"Department of the Interior",010-10-5065,"Policy and Administration",2024,"Budget Authority",10.546232
010,"Department of the Interior",010-10-5065,"Policy and Administration",2024,"Funding Total",10.546232
010,"Department of the Interior",010-24-1039,"Construction (and Major Maintenance)",2024,"CIO Authority",4.373606
010,"Department of the Interior",010-24-1039,"Construction (and Major Maintenance)",2024,"Budget Authority",4.373606
010,"Department of the Interior",010-24-1039,"Construction (and Major Maintenance)",2024,"Funding Total",2.268346
010,"Department of the Interior",010-10-0680,"Water and Related Resources",2024,"CIO Authority",51.708226
010,"Department of the Interior",010-10-0680,"Water and Related Resources",2024,"Budget Authority",51.708226
010,"Department of the Interior",010-10-0680,"Water and Related Resources",2024,"Funding Total",51.708226
010,"Department of the Interior",010-95-4529,"Interior Franchise Fund",2024,"CIO Authority",9.454527
010,"Department of the Interior",010-95-4529,"Interior Franchise Fund",2024,"Budget Authority",9.454527
010,"Department of the Interior",010-95-4529,"Interior Franchise Fund",2024,"Funding Total",12.104261
010,"Department of the Interior",010-08-5015,"Abandoned Mine Reclamation Fund",2024,"CIO Authority",3.261883
010,"Department of the Interior",010-08-5015,"Abandoned Mine Reclamation Fund",2024,"Budget Authority",3.261883
010,"Department of the Interior",010-08-5015,"Abandoned Mine Reclamation Fund",2024,"Funding Total",3.516463
010,"Department of the Interior",010-95-2641,"Energy Community Revitalization Program",2024,"CIO Authority",1.301246
010,"Department of the Interior",010-95-2641,"Energy Community Revitalization Program",2024,"Budget Authority",1.301246
010,"Department of the Interior",010-95-2641,"Energy Community Revitalization Program",2024,"Funding Total",1.331246
010,"Department of the Interior",010-95-1125,"Wildland Fire Management",2024,"CIO Authority",35.658614
010,"Department of the Interior",010-95-1125,"Wildland Fire Management",2024,"Budget Authority",35.658614
010,"Department of the Interior",010-95-1125,"Wildland Fire Management",2024,"Funding Total",36.084205
010,"Department of the Interior",010-10-5656,"Colorado River Dam Fund, Boulder Canyon Project",2024,"CIO Authority",4.457269
010,"Department of the Interior",010-10-5656,"Colorado River Dam Fund, Boulder Canyon Project",2024,"Budget Authority",4.457269
010,"Department of the Interior",010-10-5656,"Colorado River Dam Fund, Boulder Canyon Project",2024,"Funding Total",4.457269
010,"Department of the Interior",010-24-9928,"Recreation Fee Permanent Appropriations",2024,"CIO Authority",9.701359
010,"Department of the Interior",010-24-9928,"Recreation Fee Permanent Appropriations",2024,"Budget Authority",9.701359
010,"Department of the Interior",010-24-9928,"Recreation Fee Permanent Appropriations",2024,"Funding Total",11.347939
010,"Department of the Interior",010-04-1116,"Oregon and California Grant Lands",2024,"CIO Authority",10.943743
010,"Department of the Interior",010-04-1116,"Oregon and California Grant Lands",2024,"Budget Authority",10.943743
010,"Department of the Interior",010-04-1116,"Oregon and California Grant Lands",2024,"Funding Total",10.943743
010,"Department of the Interior",010-10-4081,"Upper Colorado River Basin Fund",2024,"CIO Authority",5.84441
010,"Department of the Interior",010-10-4081,"Upper Colorado River Basin Fund",2024,"Budget Authority",5.84441
010,"Department of the Interior",010-10-4081,"Upper Colorado River Basin Fund",2024,"Funding Total",5.84441
010,"Department of the Interior",010-84-0102,"Salaries and Expenses",2024,"CIO Authority",5.50101
010,"Department of the Interior",010-84-0102,"Salaries and Expenses",2024,"Budget Authority",5.50101
010,"Department of the Interior",010-84-0102,"Salaries and Expenses",2024,"Funding Total",5.524104
010,"Department of the Interior",006-07-0450,"Periodic Censuses and Programs",2024,"CIO Authority",0
010,"Department of the Interior",006-07-0450,"Periodic Censuses and Programs",2024,"Budget Authority",0
010,"Department of the Interior",006-07-0450,"Periodic Censuses and Programs",2024,"Funding Total",0.225
010,"Department of the Interior",010-04-9926,"Permanent Operating Funds",2024,"CIO Authority",0
010,"Department of the Interior",010-04-9926,"Permanent Operating Funds",2024,"Budget Authority",0
010,"Department of the Interior",010-04-9926,"Permanent Operating Funds",2024,"Funding Total",0
010,"Department of the Interior",029-40-4539,"Franchise Fund",2024,"CIO Authority",0
010,"Department of the Interior",029-40-4539,"Franchise Fund",2024,"Budget Authority",0
010,"Department of the Interior",029-40-4539,"Franchise Fund",2024,"Funding Total",0.025
010,"Department of the Interior",021-15-8083,"Federal-aid Highways",2024,"CIO Authority",0
010,"Department of the Interior",021-15-8083,"Federal-aid Highways",2024,"Budget Authority",0
010,"Department of the Interior",021-15-8083,"Federal-aid Highways",2024,"Funding Total",1.009824
010,"Department of the Interior",021-15-8102,"Highway Trust Fund",2024,"CIO Authority",0
010,"Department of the Interior",021-15-8102,"Highway Trust Fund",2024,"Budget Authority",0
010,"Department of the Interior",021-15-8102,"Highway Trust Fund",2024,"Funding Total",2.4671
010,"Department of the Interior",005-03-9913,"Office of the Secretary",2024,"CIO Authority",0
010,"Department of the Interior",005-03-9913,"Office of the Secretary",2024,"Budget Authority",0
010,"Department of the Interior",005-03-9913,"Office of the Secretary",2024,"Funding Total",0.225
010,"Department of the Interior",010-85-0412,"Assistance to Territories",2024,"CIO Authority",0.007503
010,"Department of the Interior",010-85-0412,"Assistance to Territories",2024,"Budget Authority",0.007503
010,"Department of the Interior",010-85-0412,"Assistance to Territories",2024,"Funding Total",0.712408
010,"Department of the Interior",026-00-0112,"Mission Support",2024,"CIO Authority",0
010,"Department of the Interior",026-00-0112,"Mission Support",2024,"Budget Authority",0
010,"Department of the Interior",026-00-0112,"Mission Support",2024,"Funding Total",0.225
010,"Department of the Interior",010-77-2106,"Operation of Indian Education Programs",2024,"CIO Authority",29.188268
010,"Department of the Interior",010-77-2106,"Operation of Indian Education Programs",2024,"Budget Authority",29.188268
010,"Department of the Interior",010-77-2106,"Operation of Indian Education Programs",2024,"Funding Total",31.615595
010,"Department of the Interior",010-86-0107,"Salaries and Expenses",2024,"CIO Authority",1.496232
010,"Department of the Interior",010-86-0107,"Salaries and Expenses",2024,"Budget Authority",1.496232
010,"Department of the Interior",010-86-0107,"Salaries and Expenses",2024,"Funding Total",1.562053
010,"Department of the Interior",010-76-2301,Construction,2024,"CIO Authority",7.501177
010,"Department of the Interior",010-76-2301,Construction,2024,"Budget Authority",7.501177
010,"Department of the Interior",010-76-2301,Construction,2024,"Funding Total",7.501177
010,"Department of the Interior",010-95-1121,"Central hazardous materials fund",2024,"CIO Authority",0.053221
010,"Department of the Interior",010-95-1121,"Central hazardous materials fund",2024,"Budget Authority",0.053221
010,"Department of the Interior",010-95-1121,"Central hazardous materials fund",2024,"Funding Total",0.053221
010,"Department of the Interior",393-00-0300,"Operating expenses",2024,"CIO Authority",0
010,"Department of the Interior",393-00-0300,"Operating expenses",2024,"Budget Authority",0
010,"Department of the Interior",393-00-0300,"Operating expenses",2024,"Funding Total",0.025
010,"Department of the Interior",010-84-5005,"Land and Water Conservation Fund",2024,"CIO Authority",1.063
010,"Department of the Interior",010-84-5005,"Land and Water Conservation Fund",2024,"Budget Authority",1.063
010,"Department of the Interior",010-84-5005,"Land and Water Conservation Fund",2024,"Funding Total",1.462
010,"Department of the Interior",005-96-1115,"Wildland Fire Management",2024,"CIO Authority",0
010,"Department of the Interior",005-96-1115,"Wildland Fire Management",2024,"Budget Authority",0
010,"Department of the Interior",005-96-1115,"Wildland Fire Management",2024,"Funding Total",3.132222
010,"Department of the Interior",014-05-4519,"Working Capital Fund",2024,"CIO Authority",0
010,"Department of the Interior",014-05-4519,"Working Capital Fund",2024,"Budget Authority",0
010,"Department of the Interior",014-05-4519,"Working Capital Fund",2024,"Funding Total",0.05
010,"Department of the Interior",025-35-0335,"Administrative Support Offices",2024,"CIO Authority",0
010,"Department of the Interior",025-35-0335,"Administrative Support Offices",2024,"Budget Authority",0
010,"Department of the Interior",025-35-0335,"Administrative Support Offices",2024,"Funding Total",0.05
010,"Department of the Interior",024-10-0100,"Operations and Support",2024,"CIO Authority",0
010,"Department of the Interior",024-10-0100,"Operations and Support",2024,"Budget Authority",0
010,"Department of the Interior",024-10-0100,"Operations and Support",2024,"Funding Total",0.225
010,"Department of the Interior",009-10-9911,"Salaries and Expenses",2024,"CIO Authority",0
010,"Department of the Interior",009-10-9911,"Salaries and Expenses",2024,"Budget Authority",0
010,"Department of the Interior",009-10-9911,"Salaries and Expenses",2024,"Funding Total",0.05
010,"Department of the Interior",020-00-0108,"Environmental Programs and Management",2024,"CIO Authority",0
010,"Department of the Interior",020-00-0108,"Environmental Programs and Management",2024,"Budget Authority",0
010,"Department of the Interior",020-00-0108,"Environmental Programs and Management",2024,"Funding Total",0.225
010,"Department of the Interior",422-00-0100,"Research and Related Activities",2024,"CIO Authority",0
010,"Department of the Interior",422-00-0100,"Research and Related Activities",2024,"Budget Authority",0
010,"Department of the Interior",422-00-0100,"Research and Related Activities",2024,"Funding Total",0.025
010,"Department of the Interior",007-10-0100,"Operation and Maintenance, Defense-wide",2024,"CIO Authority",0
010,"Department of the Interior",007-10-0100,"Operation and Maintenance, Defense-wide",2024,"Budget Authority",0
010,"Department of the Interior",007-10-0100,"Operation and Maintenance, Defense-wide",2024,"Funding Total",0.225
010,"Department of the Interior",018-80-0800,"Program Administration",2024,"CIO Authority",0
010,"Department of the Interior",018-80-0800,"Program Administration",2024,"Budget Authority",0
010,"Department of the Interior",018-80-0800,"Program Administration",2024,"Funding Total",0.025
010,"Department of the Interior",016-00-8704,"Limitation on Administrative Expenses",2024,"CIO Authority",0
010,"Department of the Interior",016-00-8704,"Limitation on Administrative Expenses",2024,"Budget Authority",0
010,"Department of the Interior",016-00-8704,"Limitation on Administrative Expenses",2024,"Funding Total",0.025
010,"Department of the Interior",015-04-0173,"Salaries and Expenses",2024,"CIO Authority",0
010,"Department of the Interior",015-04-0173,"Salaries and Expenses",2024,"Budget Authority",0
010,"Department of the Interior",015-04-0173,"Salaries and Expenses",2024,"Funding Total",0.025
010,"Department of the Interior",019-60-4563,"Working Capital Fund",2024,"CIO Authority",0
010,"Department of the Interior",019-60-4563,"Working Capital Fund",2024,"Budget Authority",0
010,"Department of the Interior",019-60-4563,"Working Capital Fund",2024,"Funding Total",0.05
010,"Department of the Interior",184-25-1001,"Trade and Development Agency",2024,"CIO Authority",0
010,"Department of the Interior",184-25-1001,"Trade and Development Agency",2024,"Budget Authority",0
010,"Department of the Interior",184-25-1001,"Trade and Development Agency",2024,"Funding Total",0.025
010,"Department of the Interior",202-00-3123,"Operation and maintenance",2024,"CIO Authority",0
010,"Department of the Interior",202-00-3123,"Operation and maintenance",2024,"Budget Authority",0
010,"Department of the Interior",202-00-3123,"Operation and maintenance",2024,"Funding Total",0.165785
010,"Department of the Interior",021-04-4520,"Working Capital Fund",2024,"CIO Authority",0
010,"Department of the Interior",021-04-4520,"Working Capital Fund",2024,"Budget Authority",0
010,"Department of the Interior",021-04-4520,"Working Capital Fund",2024,"Funding Total",0.05
010,"Department of the Interior",012-25-0165,"Salaries and Expenses",2024,"CIO Authority",0
010,"Department of the Interior",012-25-0165,"Salaries and Expenses",2024,"Budget Authority",0
010,"Department of the Interior",012-25-0165,"Salaries and Expenses",2024,"Funding Total",0.025
010,"Department of the Interior",028-00-0100,"Salaries and Expenses",2024,"CIO Authority",0
010,"Department of the Interior",028-00-0100,"Salaries and Expenses",2024,"Budget Authority",0
010,"Department of the Interior",028-00-0100,"Salaries and Expenses",2024,"Funding Total",0.025
010,"Department of the Interior",005-96-1106,"National Forest System",2024,"CIO Authority",0
010,"Department of the Interior",005-96-1106,"National Forest System",2024,"Budget Authority",0
010,"Department of the Interior",005-96-1106,"National Forest System",2024,"Funding Total",0.262534
010,"Department of the Interior",023-30-4540,"Working Capital Fund",2024,"CIO Authority",0
010,"Department of the Interior",023-30-4540,"Working Capital Fund",2024,"Budget Authority",0
010,"Department of the Interior",023-30-4540,"Working Capital Fund",2024,"Funding Total",0.05
010,"Department of the Interior",011-03-4526,"Working Capital Fund",2024,"CIO Authority",0
010,"Department of the Interior",011-03-4526,"Working Capital Fund",2024,"Budget Authority",0
010,"Department of the Interior",011-03-4526,"Working Capital Fund",2024,"Funding Total",0.05
010,"Department of the Interior",010-10-0680,"Water and Related Resources",2025,"CIO Authority",63.363337
010,"Department of the Interior",010-10-0680,"Water and Related Resources",2025,"Budget Authority",63.363337
010,"Department of the Interior",010-10-0680,"Water and Related Resources",2025,"Funding Total",63.363337
010,"Department of the Interior",010-18-1611,"Resource Management",2025,"CIO Authority",112.105099
010,"Department of the Interior",010-18-1611,"Resource Management",2025,"Budget Authority",112.105099
010,"Department of the Interior",010-18-1611,"Resource Management",2025,"Funding Total",112.032248
010,"Department of the Interior",010-95-4523,"Working Capital Fund",2025,"CIO Authority",459.854514
010,"Department of the Interior",010-95-4523,"Working Capital Fund",2025,"Budget Authority",458.417514
010,"Department of the Interior",010-95-4523,"Working Capital Fund",2025,"Funding Total",553.929662
010,"Department of the Interior",010-24-1036,"Operation of the National Park System",2025,"CIO Authority",197.769909
010,"Department of the Interior",010-24-1036,"Operation of the National Park System",2025,"Budget Authority",197.769909
010,"Department of the Interior",010-24-1036,"Operation of the National Park System",2025,"Funding Total",196.794663
010,"Department of the Interior",010-95-1113,"Office of Natural Resources Revenue",2025,"CIO Authority",73.016579
010,"Department of the Interior",010-95-1113,"Office of Natural Resources Revenue",2025,"Budget Authority",73.016579
010,"Department of the Interior",010-95-1113,"Office of Natural Resources Revenue",2025,"Funding Total",69.712393
010,"Department of the Interior",010-08-1801,"Regulation and Technology",2025,"CIO Authority",8.767113
010,"Department of the Interior",010-08-1801,"Regulation and Technology",2025,"Budget Authority",8.767113
010,"Department of the Interior",010-08-1801,"Regulation and Technology",2025,"Funding Total",11.667795
010,"Department of the Interior",010-22-1700,"Offshore Safety and Environmental Enforcement",2025,"CIO Authority",38.005115
010,"Department of the Interior",010-22-1700,"Offshore Safety and Environmental Enforcement",2025,"Budget Authority",38.005115
010,"Department of the Interior",010-22-1700,"Offshore Safety and Environmental Enforcement",2025,"Funding Total",37.58311
010,"Department of the Interior",010-10-4524,"Working Capital Fund",2025,"CIO Authority",121.66321
010,"Department of the Interior",010-10-4524,"Working Capital Fund",2025,"Budget Authority",121.66321
010,"Department of the Interior",010-10-4524,"Working Capital Fund",2025,"Funding Total",121.66321
010,"Department of the Interior",010-12-0804,"Surveys, Investigations, and Research",2025,"CIO Authority",431.085915
010,"Department of the Interior",010-12-0804,"Surveys, Investigations, and Research",2025,"Budget Authority",431.085915
010,"Department of the Interior",010-12-0804,"Surveys, Investigations, and Research",2025,"Funding Total",312.63358
010,"Department of the Interior",010-04-1109,"Management of Lands and Resources",2025,"CIO Authority",177.830641
010,"Department of the Interior",010-04-1109,"Management of Lands and Resources",2025,"Budget Authority",177.830641
010,"Department of the Interior",010-04-1109,"Management of Lands and Resources",2025,"Funding Total",177.749985
010,"Department of the Interior",010-24-9928,"Recreation Fee Permanent Appropriations",2025,"CIO Authority",10.830116
010,"Department of the Interior",010-24-9928,"Recreation Fee Permanent Appropriations",2025,"Budget Authority",10.830116
010,"Department of the Interior",010-24-9928,"Recreation Fee Permanent Appropriations",2025,"Funding Total",11.811816
010,"Department of the Interior",010-76-2100,"Operation of Indian Programs",2025,"CIO Authority",132.437579
010,"Department of the Interior",010-76-2100,"Operation of Indian Programs",2025,"Budget Authority",132.437579
010,"Department of the Interior",010-76-2100,"Operation of Indian Programs",2025,"Funding Total",123.951159
010,"Department of the Interior",010-10-5656,"Colorado River Dam Fund, Boulder Canyon Project",2025,"CIO Authority",0.64277
010,"Department of the Interior",010-10-5656,"Colorado River Dam Fund, Boulder Canyon Project",2025,"Budget Authority",0.64277
010,"Department of the Interior",010-10-5656,"Colorado River Dam Fund, Boulder Canyon Project",2025,"Funding Total",0.64277
010,"Department of the Interior",010-10-4081,"Upper Colorado River Basin Fund",2025,"CIO Authority",9.670039
010,"Department of the Interior",010-10-4081,"Upper Colorado River Basin Fund",2025,"Budget Authority",9.670039
010,"Department of the Interior",010-10-4081,"Upper Colorado River Basin Fund",2025,"Funding Total",9.670039
010,"Department of the Interior",010-04-1116,"Oregon and California Grant Lands",2025,"CIO Authority",11.456799
010,"Department of the Interior",010-04-1116,"Oregon and California Grant Lands",2025,"Budget Authority",11.456799
010,"Department of the Interior",010-04-1116,"Oregon and California Grant Lands",2025,"Funding Total",11.456799
010,"Department of the Interior",010-95-1125,"Wildland Fire Management",2025,"CIO Authority",38.657319
010,"Department of the Interior",010-95-1125,"Wildland Fire Management",2025,"Budget Authority",38.657319
010,"Department of the Interior",010-95-1125,"Wildland Fire Management",2025,"Funding Total",38.951879
010,"Department of the Interior",010-24-9924,"Other Permanent Appropriations",2025,"CIO Authority",0.16
010,"Department of the Interior",010-24-9924,"Other Permanent Appropriations",2025,"Budget Authority",0.16
010,"Department of the Interior",010-24-9924,"Other Permanent Appropriations",2025,"Funding Total",0.25608
010,"Department of the Interior",010-06-1917,"Ocean Energy Management",2025,"CIO Authority",39.572255
010,"Department of the Interior",010-06-1917,"Ocean Energy Management",2025,"Budget Authority",39.572255
010,"Department of the Interior",010-06-1917,"Ocean Energy Management",2025,"Funding Total",42.442984
010,"Department of the Interior",010-78-0120,"Federal Trust Programs",2025,"CIO Authority",13.870251
010,"Department of the Interior",010-78-0120,"Federal Trust Programs",2025,"Budget Authority",13.870251
010,"Department of the Interior",010-78-0120,"Federal Trust Programs",2025,"Funding Total",11.588162
010,"Department of the Interior",023-30-4540,"Working Capital Fund",2025,"CIO Authority",0
010,"Department of the Interior",023-30-4540,"Working Capital Fund",2025,"Budget Authority",0
010,"Department of the Interior",023-30-4540,"Working Capital Fund",2025,"Funding Total",0.05
010,"Department of the Interior",010-84-5005,"Land and Water Conservation Fund",2025,"CIO Authority",1.106
010,"Department of the Interior",010-84-5005,"Land and Water Conservation Fund",2025,"Budget Authority",1.106
010,"Department of the Interior",010-84-5005,"Land and Water Conservation Fund",2025,"Funding Total",1.545
010,"Department of the Interior",010-24-1039,"Construction (and Major Maintenance)",2025,"CIO Authority",10.275161
010,"Department of the Interior",010-24-1039,"Construction (and Major Maintenance)",2025,"Budget Authority",10.275161
010,"Department of the Interior",010-24-1039,"Construction (and Major Maintenance)",2025,"Funding Total",2.173466
010,"Department of the Interior",010-10-5065,"Policy and Administration",2025,"CIO Authority",11.257197
010,"Department of the Interior",010-10-5065,"Policy and Administration",2025,"Budget Authority",11.257197
010,"Department of the Interior",010-10-5065,"Policy and Administration",2025,"Funding Total",11.257197
010,"Department of the Interior",010-88-0104,"Salaries and Expenses",2025,"CIO Authority",6.321426
010,"Department of the Interior",010-88-0104,"Salaries and Expenses",2025,"Budget Authority",6.321426
010,"Department of the Interior",010-88-0104,"Salaries and Expenses",2025,"Funding Total",6.024428
010,"Department of the Interior",021-15-8102,"Highway Trust Fund",2025,"CIO Authority",0
010,"Department of the Interior",021-15-8102,"Highway Trust Fund",2025,"Budget Authority",0
010,"Department of the Interior",021-15-8102,"Highway Trust Fund",2025,"Funding Total",1.8171
010,"Department of the Interior",005-96-1115,"Wildland Fire Management",2025,"CIO Authority",0
010,"Department of the Interior",005-96-1115,"Wildland Fire Management",2025,"Budget Authority",0
010,"Department of the Interior",005-96-1115,"Wildland Fire Management",2025,"Funding Total",2.842487
010,"Department of the Interior",010-08-5015,"Abandoned Mine Reclamation Fund",2025,"CIO Authority",7.410693
010,"Department of the Interior",010-08-5015,"Abandoned Mine Reclamation Fund",2025,"Budget Authority",7.410693
010,"Department of the Interior",010-08-5015,"Abandoned Mine Reclamation Fund",2025,"Funding Total",4.328007
010,"Department of the Interior",010-84-0102,"Salaries and Expenses",2025,"CIO Authority",5.172498
010,"Department of the Interior",010-84-0102,"Salaries and Expenses",2025,"Budget Authority",5.172498
010,"Department of the Interior",010-84-0102,"Salaries and Expenses",2025,"Funding Total",14.802309
010,"Department of the Interior",393-00-0300,"Operating expenses",2025,"CIO Authority",0
010,"Department of the Interior",393-00-0300,"Operating expenses",2025,"Budget Authority",0
010,"Department of the Interior",393-00-0300,"Operating expenses",2025,"Funding Total",0.025
010,"Department of the Interior",010-85-0412,"Assistance to Territories",2025,"CIO Authority",0.572749
010,"Department of the Interior",010-85-0412,"Assistance to Territories",2025,"Budget Authority",0.572749
010,"Department of the Interior",010-85-0412,"Assistance to Territories",2025,"Funding Total",0.480537
010,"Department of the Interior",010-95-4529,"Interior Franchise Fund",2025,"CIO Authority",11.360565
010,"Department of the Interior",010-95-4529,"Interior Franchise Fund",2025,"Budget Authority",11.360565
010,"Department of the Interior",010-95-4529,"Interior Franchise Fund",2025,"Funding Total",14.646498
010,"Department of the Interior",010-95-1121,"Central hazardous materials fund",2025,"CIO Authority",0.053221
010,"Department of the Interior",010-95-1121,"Central hazardous materials fund",2025,"Budget Authority",0.053221
010,"Department of the Interior",010-95-1121,"Central hazardous materials fund",2025,"Funding Total",0.053221
010,"Department of the Interior",010-76-2301,Construction,2025,"CIO Authority",7.726211
010,"Department of the Interior",010-76-2301,Construction,2025,"Budget Authority",7.726211
010,"Department of the Interior",010-76-2301,Construction,2025,"Funding Total",7.726211
010,"Department of the Interior",010-78-8030,"Tribal Trust Fund",2025,"CIO Authority",0
010,"Department of the Interior",010-78-8030,"Tribal Trust Fund",2025,"Budget Authority",0
010,"Department of the Interior",010-78-8030,"Tribal Trust Fund",2025,"Funding Total",2.669
010,"Department of the Interior",010-77-2106,"Operation of Indian Education Programs",2025,"CIO Authority",37.233872
010,"Department of the Interior",010-77-2106,"Operation of Indian Education Programs",2025,"Budget Authority",36.819672
010,"Department of the Interior",010-77-2106,"Operation of Indian Education Programs",2025,"Funding Total",31.836302
010,"Department of the Interior",018-80-0800,"Program Administration",2025,"CIO Authority",0
010,"Department of the Interior",018-80-0800,"Program Administration",2025,"Budget Authority",0
010,"Department of the Interior",018-80-0800,"Program Administration",2025,"Funding Total",0.025
010,"Department of the Interior",020-00-0108,"Environmental Programs and Management",2025,"CIO Authority",0
010,"Department of the Interior",020-00-0108,"Environmental Programs and Management",2025,"Budget Authority",0
010,"Department of the Interior",020-00-0108,"Environmental Programs and Management",2025,"Funding Total",0.25
010,"Department of the Interior",010-10-0687,"California Bay-Delta Restoration",2025,"CIO Authority",0.2652
010,"Department of the Interior",010-10-0687,"California Bay-Delta Restoration",2025,"Budget Authority",0.2652
010,"Department of the Interior",010-10-0687,"California Bay-Delta Restoration",2025,"Funding Total",0.2652
010,"Department of the Interior",007-10-0100,"Operation and Maintenance, Defense-wide",2025,"CIO Authority",0
010,"Department of the Interior",007-10-0100,"Operation and Maintenance, Defense-wide",2025,"Budget Authority",0
010,"Department of the Interior",007-10-0100,"Operation and Maintenance, Defense-wide",2025,"Funding Total",0.225
010,"Department of the Interior",005-03-9913,"Office of the Secretary",2025,"CIO Authority",0
010,"Department of the Interior",005-03-9913,"Office of the Secretary",2025,"Budget Authority",0
010,"Department of the Interior",005-03-9913,"Office of the Secretary",2025,"Funding Total",0.225
010,"Department of the Interior",012-25-0165,"Salaries and Expenses",2025,"CIO Authority",0
010,"Department of the Interior",012-25-0165,"Salaries and Expenses",2025,"Budget Authority",0
010,"Department of the Interior",012-25-0165,"Salaries and Expenses",2025,"Funding Total",0.025
010,"Department of the Interior",202-00-3123,"Operation and maintenance",2025,"CIO Authority",0
010,"Department of the Interior",202-00-3123,"Operation and maintenance",2025,"Budget Authority",0
010,"Department of the Interior",202-00-3123,"Operation and maintenance",2025,"Funding Total",0.165785
010,"Department of the Interior",025-35-0335,"Administrative Support Offices",2025,"CIO Authority",0
010,"Department of the Interior",025-35-0335,"Administrative Support Offices",2025,"Budget Authority",0
010,"Department of the Interior",025-35-0335,"Administrative Support Offices",2025,"Funding Total",0.05
010,"Department of the Interior",028-00-0100,"Salaries and Expenses",2025,"CIO Authority",0
010,"Department of the Interior",028-00-0100,"Salaries and Expenses",2025,"Budget Authority",0
010,"Department of the Interior",028-00-0100,"Salaries and Expenses",2025,"Funding Total",0.025
010,"Department of the Interior",010-86-0107,"Salaries and Expenses",2025,"CIO Authority",1.540353
010,"Department of the Interior",010-86-0107,"Salaries and Expenses",2025,"Budget Authority",1.540353
010,"Department of the Interior",010-86-0107,"Salaries and Expenses",2025,"Funding Total",1.562053
010,"Department of the Interior",006-07-0450,"Periodic Censuses and Programs",2025,"CIO Authority",0
010,"Department of the Interior",006-07-0450,"Periodic Censuses and Programs",2025,"Budget Authority",0
010,"Department of the Interior",006-07-0450,"Periodic Censuses and Programs",2025,"Funding Total",0.225
010,"Department of the Interior",011-03-4526,"Working Capital Fund",2025,"CIO Authority",0
010,"Department of the Interior",011-03-4526,"Working Capital Fund",2025,"Budget Authority",0
010,"Department of the Interior",011-03-4526,"Working Capital Fund",2025,"Funding Total",0.05
010,"Department of the Interior",010-10-5537,"San Joaquin Restoration Fund",2025,"CIO Authority",0.044785
010,"Department of the Interior",010-10-5537,"San Joaquin Restoration Fund",2025,"Budget Authority",0.044785
010,"Department of the Interior",010-10-5537,"San Joaquin Restoration Fund",2025,"Funding Total",0.044785
010,"Department of the Interior",010-95-2641,"Energy Community Revitalization Program",2025,"CIO Authority",1.331246
010,"Department of the Interior",010-95-2641,"Energy Community Revitalization Program",2025,"Budget Authority",1.331246
010,"Department of the Interior",010-95-2641,"Energy Community Revitalization Program",2025,"Funding Total",1.331246
010,"Department of the Interior",021-04-4520,"Working Capital Fund",2025,"CIO Authority",0
010,"Department of the Interior",021-04-4520,"Working Capital Fund",2025,"Budget Authority",0
010,"Department of the Interior",021-04-4520,"Working Capital Fund",2025,"Funding Total",0.05
010,"Department of the Interior",021-15-8083,"Federal-aid Highways",2025,"CIO Authority",0
010,"Department of the Interior",021-15-8083,"Federal-aid Highways",2025,"Budget Authority",0
010,"Department of the Interior",021-15-8083,"Federal-aid Highways",2025,"Funding Total",1.009824
010,"Department of the Interior",009-10-9911,"Salaries and Expenses",2025,"CIO Authority",0
010,"Department of the Interior",009-10-9911,"Salaries and Expenses",2025,"Budget Authority",0
010,"Department of the Interior",009-10-9911,"Salaries and Expenses",2025,"Funding Total",0.05
010,"Department of the Interior",026-00-0112,"Mission Support",2025,"CIO Authority",0
010,"Department of the Interior",026-00-0112,"Mission Support",2025,"Budget Authority",0
010,"Department of the Interior",026-00-0112,"Mission Support",2025,"Funding Total",0.225
010,"Department of the Interior",024-10-0100,"Operations and Support",2025,"CIO Authority",0
010,"Department of the Interior",024-10-0100,"Operations and Support",2025,"Budget Authority",0
010,"Department of the Interior",024-10-0100,"Operations and Support",2025,"Funding Total",0.225
010,"Department of the Interior",016-00-8704,"Limitation on Administrative Expenses",2025,"CIO Authority",0
010,"Department of the Interior",016-00-8704,"Limitation on Administrative Expenses",2025,"Budget Authority",0
010,"Department of the Interior",016-00-8704,"Limitation on Administrative Expenses",2025,"Funding Total",0.025
010,"Department of the Interior",422-00-0100,"Research and Related Activities",2025,"CIO Authority",0
010,"Department of the Interior",422-00-0100,"Research and Related Activities",2025,"Budget Authority",0
010,"Department of the Interior",422-00-0100,"Research and Related Activities",2025,"Funding Total",0.025
010,"Department of the Interior",019-60-4563,"Working Capital Fund",2025,"CIO Authority",0
010,"Department of the Interior",019-60-4563,"Working Capital Fund",2025,"Budget Authority",0
010,"Department of the Interior",019-60-4563,"Working Capital Fund",2025,"Funding Total",0.05
010,"Department of the Interior",184-25-1001,"Trade and Development Agency",2025,"CIO Authority",0
010,"Department of the Interior",184-25-1001,"Trade and Development Agency",2025,"Budget Authority",0
010,"Department of the Interior",184-25-1001,"Trade and Development Agency",2025,"Funding Total",0.025
010,"Department of the Interior",015-04-0173,"Salaries and Expenses",2025,"CIO Authority",0
010,"Department of the Interior",015-04-0173,"Salaries and Expenses",2025,"Budget Authority",0
010,"Department of the Interior",015-04-0173,"Salaries and Expenses",2025,"Funding Total",0.025
010,"Department of the Interior",005-96-1106,"National Forest System",2025,"CIO Authority",0
010,"Department of the Interior",005-96-1106,"National Forest System",2025,"Budget Authority",0
010,"Department of the Interior",005-96-1106,"National Forest System",2025,"Funding Total",0.280541
010,"Department of the Interior",014-05-4519,"Working Capital Fund",2025,"CIO Authority",0
010,"Department of the Interior",014-05-4519,"Working Capital Fund",2025,"Budget Authority",0
010,"Department of the Interior",014-05-4519,"Working Capital Fund",2025,"Funding Total",0.05
011,"Department of Justice",011-20-1060,"Salaries and Expenses",2022,"CIO Authority",0
011,"Department of Justice",011-20-1060,"Salaries and Expenses",2022,"Budget Authority",0
011,"Department of Justice",011-20-1060,"Salaries and Expenses",2022,"Funding Total",268.628944
011,"Department of Justice",011-05-0128,"Salaries and Expenses, General Legal Activities",2022,"CIO Authority",0
011,"Department of Justice",011-05-0128,"Salaries and Expenses, General Legal Activities",2022,"Budget Authority",0
011,"Department of Justice",011-05-0128,"Salaries and Expenses, General Legal Activities",2022,"Funding Total",133.857869
011,"Department of Justice",011-05-0324,"Salaries and Expenses, United States Marshals Service",2022,"CIO Authority",0
011,"Department of Justice",011-05-0324,"Salaries and Expenses, United States Marshals Service",2022,"Budget Authority",0
011,"Department of Justice",011-05-0324,"Salaries and Expenses, United States Marshals Service",2022,"Funding Total",188.5675
011,"Department of Justice",011-12-1100,"Salaries and Expenses",2022,"CIO Authority",0
011,"Department of Justice",011-12-1100,"Salaries and Expenses",2022,"Budget Authority",0
011,"Department of Justice",011-12-1100,"Salaries and Expenses",2022,"Funding Total",358.796698
011,"Department of Justice",011-12-5131,"Diversion Control Fee Account",2022,"CIO Authority",0
011,"Department of Justice",011-12-5131,"Diversion Control Fee Account",2022,"Budget Authority",0
011,"Department of Justice",011-12-5131,"Diversion Control Fee Account",2022,"Funding Total",89.495164
011,"Department of Justice",011-05-0322,"Salaries and Expenses, United States Attorneys",2022,"CIO Authority",0
011,"Department of Justice",011-05-0322,"Salaries and Expenses, United States Attorneys",2022,"Budget Authority",0
011,"Department of Justice",011-05-0322,"Salaries and Expenses, United States Attorneys",2022,"Funding Total",215.295714
011,"Department of Justice",011-03-0328,"Office of Inspector General",2022,"CIO Authority",0
011,"Department of Justice",011-03-0328,"Office of Inspector General",2022,"Budget Authority",0
011,"Department of Justice",011-03-0328,"Office of Inspector General",2022,"Funding Total",20.117962
011,"Department of Justice",011-21-0420,"Salaries and Expenses, Office of Justice Programs",2022,"CIO Authority",0
011,"Department of Justice",011-21-0420,"Salaries and Expenses, Office of Justice Programs",2022,"Budget Authority",0
011,"Department of Justice",011-21-0420,"Salaries and Expenses, Office of Justice Programs",2022,"Funding Total",141.130711
011,"Department of Justice",011-05-0319,"Salaries and Expenses, Antitrust Division",2022,"CIO Authority",0
011,"Department of Justice",011-05-0319,"Salaries and Expenses, Antitrust Division",2022,"Budget Authority",0
011,"Department of Justice",011-05-0319,"Salaries and Expenses, Antitrust Division",2022,"Funding Total",40.096871
011,"Department of Justice",011-20-4500,"Federal Prison Industries, Incorporated",2022,"CIO Authority",0
011,"Department of Justice",011-20-4500,"Federal Prison Industries, Incorporated",2022,"Budget Authority",0
011,"Department of Justice",011-20-4500,"Federal Prison Industries, Incorporated",2022,"Funding Total",16.420867
011,"Department of Justice",011-03-4526,"Working Capital Fund",2022,"CIO Authority",0
011,"Department of Justice",011-03-4526,"Working Capital Fund",2022,"Budget Authority",0
011,"Department of Justice",011-03-4526,"Working Capital Fund",2022,"Funding Total",635.870367
011,"Department of Justice",011-03-0339,"Executive Office for Immigration Review",2022,"CIO Authority",0
011,"Department of Justice",011-03-0339,"Executive Office for Immigration Review",2022,"Budget Authority",0
011,"Department of Justice",011-03-0339,"Executive Office for Immigration Review",2022,"Funding Total",127.779448
011,"Department of Justice",011-10-0200,"Salaries and Expenses",2022,"CIO Authority",0
011,"Department of Justice",011-10-0200,"Salaries and Expenses",2022,"Budget Authority",0
011,"Department of Justice",011-10-0200,"Salaries and Expenses",2022,"Funding Total",1396.299819
011,"Department of Justice",011-05-5042,"Assets Forfeiture Fund",2022,"CIO Authority",0
011,"Department of Justice",011-05-5042,"Assets Forfeiture Fund",2022,"Budget Authority",0
011,"Department of Justice",011-05-5042,"Assets Forfeiture Fund",2022,"Funding Total",46.560665
011,"Department of Justice",011-05-0311,"Fees and Expenses of Witnesses",2022,"CIO Authority",0
011,"Department of Justice",011-05-0311,"Fees and Expenses of Witnesses",2022,"Budget Authority",0
011,"Department of Justice",011-05-0311,"Fees and Expenses of Witnesses",2022,"Funding Total",24.488414
011,"Department of Justice",011-14-0700,"Salaries and Expenses",2022,"CIO Authority",0
011,"Department of Justice",011-14-0700,"Salaries and Expenses",2022,"Budget Authority",0
011,"Department of Justice",011-14-0700,"Salaries and Expenses",2022,"Funding Total",208.700791
011,"Department of Justice",011-21-0406,"Community oriented policing services",2022,"CIO Authority",0
011,"Department of Justice",011-21-0406,"Community oriented policing services",2022,"Budget Authority",0
011,"Department of Justice",011-21-0406,"Community oriented policing services",2022,"Funding Total",4.220617
011,"Department of Justice",011-05-1020,"Federal Prisoner Detention",2022,"CIO Authority",0
011,"Department of Justice",011-05-1020,"Federal Prisoner Detention",2022,"Budget Authority",0
011,"Department of Justice",011-05-1020,"Federal Prisoner Detention",2022,"Funding Total",12.784165
011,"Department of Justice",011-05-4575,"Justice Prisoner and Alien Transportation System Fund, U.S. Marshals",2022,"CIO Authority",0
011,"Department of Justice",011-05-4575,"Justice Prisoner and Alien Transportation System Fund, U.S. Marshals",2022,"Budget Authority",0
011,"Department of Justice",011-05-4575,"Justice Prisoner and Alien Transportation System Fund, U.S. Marshals",2022,"Funding Total",3.076526
011,"Department of Justice",011-05-5073,"United States Trustee System Fund",2022,"CIO Authority",0
011,"Department of Justice",011-05-5073,"United States Trustee System Fund",2022,"Budget Authority",0
011,"Department of Justice",011-05-5073,"United States Trustee System Fund",2022,"Funding Total",37.941228
011,"Department of Justice",011-03-0129,"Salaries and Expenses",2022,"CIO Authority",0
011,"Department of Justice",011-03-0129,"Salaries and Expenses",2022,"Budget Authority",0
011,"Department of Justice",011-03-0129,"Salaries and Expenses",2022,"Funding Total",1.284181
011,"Department of Justice",011-07-0323,"Organized Crime and Drug Enforcement Task Forces",2022,"CIO Authority",0
011,"Department of Justice",011-07-0323,"Organized Crime and Drug Enforcement Task Forces",2022,"Budget Authority",0
011,"Department of Justice",011-07-0323,"Organized Crime and Drug Enforcement Task Forces",2022,"Funding Total",15.606877
011,"Department of Justice",011-03-0134,"Justice Information Sharing Technology",2022,"CIO Authority",0
011,"Department of Justice",011-03-0134,"Justice Information Sharing Technology",2022,"Budget Authority",0
011,"Department of Justice",011-03-0134,"Justice Information Sharing Technology",2022,"Funding Total",40.743923
011,"Department of Justice",011-05-0340,"September 11th Victim Compensation (general Fund)",2022,"CIO Authority",0
011,"Department of Justice",011-05-0340,"September 11th Victim Compensation (general Fund)",2022,"Budget Authority",0
011,"Department of Justice",011-05-0340,"September 11th Victim Compensation (general Fund)",2022,"Funding Total",10.097129
011,"Department of Justice",011-03-0132,"Tactical Law Enforcement Wireless Communications",2022,"CIO Authority",0
011,"Department of Justice",011-03-0132,"Tactical Law Enforcement Wireless Communications",2022,"Budget Authority",0
011,"Department of Justice",011-03-0132,"Tactical Law Enforcement Wireless Communications",2022,"Funding Total",16.855603
011,"Department of Justice",002-25-0930,"Court Security",2022,"CIO Authority",0
011,"Department of Justice",002-25-0930,"Court Security",2022,"Budget Authority",0
011,"Department of Justice",002-25-0930,"Court Security",2022,"Funding Total",0.5
011,"Department of Justice",011-21-5041,"Crime Victims Fund",2022,"CIO Authority",0
011,"Department of Justice",011-21-5041,"Crime Victims Fund",2022,"Budget Authority",0
011,"Department of Justice",011-21-5041,"Crime Victims Fund",2022,"Funding Total",5.02818
011,"Department of Justice",011-20-8408,"Commissary Funds, Federal Prisons (Trust Revolving Fund)",2022,"CIO Authority",0
011,"Department of Justice",011-20-8408,"Commissary Funds, Federal Prisons (Trust Revolving Fund)",2022,"Budget Authority",0
011,"Department of Justice",011-20-8408,"Commissary Funds, Federal Prisons (Trust Revolving Fund)",2022,"Funding Total",29.1962
011,"Department of Justice",011-08-1300,"Salaries and Expenses",2022,"CIO Authority",0
011,"Department of Justice",011-08-1300,"Salaries and Expenses",2022,"Budget Authority",0
011,"Department of Justice",011-08-1300,"Salaries and Expenses",2022,"Funding Total",11.844518
011,"Department of Justice",011-10-0200,"Salaries and Expenses",2023,"CIO Authority",1470.51311
011,"Department of Justice",011-10-0200,"Salaries and Expenses",2023,"Budget Authority",0
011,"Department of Justice",011-10-0200,"Salaries and Expenses",2023,"Funding Total",1429.004601
011,"Department of Justice",011-03-4526,"Working Capital Fund",2023,"CIO Authority",49.148548
011,"Department of Justice",011-03-4526,"Working Capital Fund",2023,"Budget Authority",0.15
011,"Department of Justice",011-03-4526,"Working Capital Fund",2023,"Funding Total",939.158115
011,"Department of Justice",011-03-0339,"Executive Office for Immigration Review",2023,"CIO Authority",163.767977
011,"Department of Justice",011-03-0339,"Executive Office for Immigration Review",2023,"Budget Authority",154.710462
011,"Department of Justice",011-03-0339,"Executive Office for Immigration Review",2023,"Funding Total",131.861799
011,"Department of Justice",011-05-5073,"United States Trustee System Fund",2023,"CIO Authority",28.569286
011,"Department of Justice",011-05-5073,"United States Trustee System Fund",2023,"Budget Authority",0
011,"Department of Justice",011-05-5073,"United States Trustee System Fund",2023,"Funding Total",35.323651
011,"Department of Justice",011-12-1100,"Salaries and Expenses",2023,"CIO Authority",383.455048
011,"Department of Justice",011-12-1100,"Salaries and Expenses",2023,"Budget Authority",313.14864
011,"Department of Justice",011-12-1100,"Salaries and Expenses",2023,"Funding Total",396.094027
011,"Department of Justice",011-07-0323,"Organized Crime and Drug Enforcement Task Forces",2023,"CIO Authority",6.464854
011,"Department of Justice",011-07-0323,"Organized Crime and Drug Enforcement Task Forces",2023,"Budget Authority",0
011,"Department of Justice",011-07-0323,"Organized Crime and Drug Enforcement Task Forces",2023,"Funding Total",18.737854
011,"Department of Justice",011-03-0328,"Office of Inspector General",2023,"CIO Authority",21.908522
011,"Department of Justice",011-03-0328,"Office of Inspector General",2023,"Budget Authority",0
011,"Department of Justice",011-03-0328,"Office of Inspector General",2023,"Funding Total",24.693259
011,"Department of Justice",011-03-0134,"Justice Information Sharing Technology",2023,"CIO Authority",178.479
011,"Department of Justice",011-03-0134,"Justice Information Sharing Technology",2023,"Budget Authority",0
011,"Department of Justice",011-03-0134,"Justice Information Sharing Technology",2023,"Funding Total",143.090482
011,"Department of Justice",011-05-0128,"Salaries and Expenses, General Legal Activities",2023,"CIO Authority",132.206622
011,"Department of Justice",011-05-0128,"Salaries and Expenses, General Legal Activities",2023,"Budget Authority",12.914145
011,"Department of Justice",011-05-0128,"Salaries and Expenses, General Legal Activities",2023,"Funding Total",146.863992
011,"Department of Justice",011-12-5131,"Diversion Control Fee Account",2023,"CIO Authority",55.687409
011,"Department of Justice",011-12-5131,"Diversion Control Fee Account",2023,"Budget Authority",54.715852
011,"Department of Justice",011-12-5131,"Diversion Control Fee Account",2023,"Funding Total",56.478544
011,"Department of Justice",011-05-1020,"Federal Prisoner Detention",2023,"CIO Authority",16.682737
011,"Department of Justice",011-05-1020,"Federal Prisoner Detention",2023,"Budget Authority",0
011,"Department of Justice",011-05-1020,"Federal Prisoner Detention",2023,"Funding Total",17.406117
011,"Department of Justice",011-05-0322,"Salaries and Expenses, United States Attorneys",2023,"CIO Authority",212.224978
011,"Department of Justice",011-05-0322,"Salaries and Expenses, United States Attorneys",2023,"Budget Authority",0
011,"Department of Justice",011-05-0322,"Salaries and Expenses, United States Attorneys",2023,"Funding Total",291.050003
011,"Department of Justice",011-05-0319,"Salaries and Expenses, Antitrust Division",2023,"CIO Authority",70.86711
011,"Department of Justice",011-05-0319,"Salaries and Expenses, Antitrust Division",2023,"Budget Authority",5.693162
011,"Department of Justice",011-05-0319,"Salaries and Expenses, Antitrust Division",2023,"Funding Total",75.578835
011,"Department of Justice",011-21-0420,"Salaries and Expenses, Office of Justice Programs",2023,"CIO Authority",52.277529
011,"Department of Justice",011-21-0420,"Salaries and Expenses, Office of Justice Programs",2023,"Budget Authority",0
011,"Department of Justice",011-21-0420,"Salaries and Expenses, Office of Justice Programs",2023,"Funding Total",134.517957
011,"Department of Justice",011-05-0324,"Salaries and Expenses, United States Marshals Service",2023,"CIO Authority",213.681466
011,"Department of Justice",011-05-0324,"Salaries and Expenses, United States Marshals Service",2023,"Budget Authority",0.352
011,"Department of Justice",011-05-0324,"Salaries and Expenses, United States Marshals Service",2023,"Funding Total",202.142827
011,"Department of Justice",011-20-1060,"Salaries and Expenses",2023,"CIO Authority",350.003647
011,"Department of Justice",011-20-1060,"Salaries and Expenses",2023,"Budget Authority",0
011,"Department of Justice",011-20-1060,"Salaries and Expenses",2023,"Funding Total",264.189564
011,"Department of Justice",011-20-4500,"Federal Prison Industries, Incorporated",2023,"CIO Authority",15.013867
011,"Department of Justice",011-20-4500,"Federal Prison Industries, Incorporated",2023,"Budget Authority",0
011,"Department of Justice",011-20-4500,"Federal Prison Industries, Incorporated",2023,"Funding Total",15.013867
011,"Department of Justice",011-05-5042,"Assets Forfeiture Fund",2023,"CIO Authority",46.491713
011,"Department of Justice",011-05-5042,"Assets Forfeiture Fund",2023,"Budget Authority",10.057713
011,"Department of Justice",011-05-5042,"Assets Forfeiture Fund",2023,"Funding Total",65.485713
011,"Department of Justice",011-05-0311,"Fees and Expenses of Witnesses",2023,"CIO Authority",35.036509
011,"Department of Justice",011-05-0311,"Fees and Expenses of Witnesses",2023,"Budget Authority",0
011,"Department of Justice",011-05-0311,"Fees and Expenses of Witnesses",2023,"Funding Total",25.172756
011,"Department of Justice",011-05-4575,"Justice Prisoner and Alien Transportation System Fund, U.S. Marshals",2023,"CIO Authority",2.932791
011,"Department of Justice",011-05-4575,"Justice Prisoner and Alien Transportation System Fund, U.S. Marshals",2023,"Budget Authority",0
011,"Department of Justice",011-05-4575,"Justice Prisoner and Alien Transportation System Fund, U.S. Marshals",2023,"Funding Total",2.785995
011,"Department of Justice",011-14-0700,"Salaries and Expenses",2023,"CIO Authority",213.647814
011,"Department of Justice",011-14-0700,"Salaries and Expenses",2023,"Budget Authority",0
011,"Department of Justice",011-14-0700,"Salaries and Expenses",2023,"Funding Total",204.604664
011,"Department of Justice",011-21-0406,"Community oriented policing services",2023,"CIO Authority",1.7504
011,"Department of Justice",011-21-0406,"Community oriented policing services",2023,"Budget Authority",0.7974
011,"Department of Justice",011-21-0406,"Community oriented policing services",2023,"Funding Total",1.739114
011,"Department of Justice",011-03-0129,"Salaries and Expenses",2023,"CIO Authority",3.972215
011,"Department of Justice",011-03-0129,"Salaries and Expenses",2023,"Budget Authority",0
011,"Department of Justice",011-03-0129,"Salaries and Expenses",2023,"Funding Total",4.106965
011,"Department of Justice",011-05-0340,"September 11th Victim Compensation (general Fund)",2023,"CIO Authority",3.271
011,"Department of Justice",011-05-0340,"September 11th Victim Compensation (general Fund)",2023,"Budget Authority",0
011,"Department of Justice",011-05-0340,"September 11th Victim Compensation (general Fund)",2023,"Funding Total",20.646313
011,"Department of Justice",011-08-1300,"Salaries and Expenses",2023,"CIO Authority",22.065226
011,"Department of Justice",011-08-1300,"Salaries and Expenses",2023,"Budget Authority",0
011,"Department of Justice",011-08-1300,"Salaries and Expenses",2023,"Funding Total",2.762817
011,"Department of Justice",011-21-5041,"Crime Victims Fund",2023,"CIO Authority",5.179025
011,"Department of Justice",011-21-5041,"Crime Victims Fund",2023,"Budget Authority",0
011,"Department of Justice",011-21-5041,"Crime Victims Fund",2023,"Funding Total",6.666465
011,"Department of Justice",011-20-8408,"Commissary Funds, Federal Prisons (Trust Revolving Fund)",2023,"CIO Authority",36.22563
011,"Department of Justice",011-20-8408,"Commissary Funds, Federal Prisons (Trust Revolving Fund)",2023,"Budget Authority",2.65
011,"Department of Justice",011-20-8408,"Commissary Funds, Federal Prisons (Trust Revolving Fund)",2023,"Funding Total",34.597484
011,"Department of Justice",015-05-5697,"Treasury Forfeiture Fund",2023,"CIO Authority",0
011,"Department of Justice",015-05-5697,"Treasury Forfeiture Fund",2023,"Budget Authority",0
011,"Department of Justice",015-05-5697,"Treasury Forfeiture Fund",2023,"Funding Total",0.128
011,"Department of Justice",002-25-0930,"Court Security",2023,"CIO Authority",0
011,"Department of Justice",002-25-0930,"Court Security",2023,"Budget Authority",0
011,"Department of Justice",002-25-0930,"Court Security",2023,"Funding Total",0.493123
011,"Department of Justice",011-03-0132,"Tactical Law Enforcement Wireless Communications",2023,"CIO Authority",16.86
011,"Department of Justice",011-03-0132,"Tactical Law Enforcement Wireless Communications",2023,"Budget Authority",0
011,"Department of Justice",011-03-0132,"Tactical Law Enforcement Wireless Communications",2023,"Funding Total",14.387814
011,"Department of Justice",011-03-4526,"Working Capital Fund",2024,"CIO Authority",521.663883
011,"Department of Justice",011-03-4526,"Working Capital Fund",2024,"Budget Authority",0
011,"Department of Justice",011-03-4526,"Working Capital Fund",2024,"Funding Total",876.246535
011,"Department of Justice",011-03-0339,"Executive Office for Immigration Review",2024,"CIO Authority",167.679983
011,"Department of Justice",011-03-0339,"Executive Office for Immigration Review",2024,"Budget Authority",0
011,"Department of Justice",011-03-0339,"Executive Office for Immigration Review",2024,"Funding Total",109.7
011,"Department of Justice",011-12-5131,"Diversion Control Fee Account",2024,"CIO Authority",66.501714
011,"Department of Justice",011-12-5131,"Diversion Control Fee Account",2024,"Budget Authority",0
011,"Department of Justice",011-12-5131,"Diversion Control Fee Account",2024,"Funding Total",66.269963
011,"Department of Justice",011-10-0200,"Salaries and Expenses",2024,"CIO Authority",1541.948848
011,"Department of Justice",011-10-0200,"Salaries and Expenses",2024,"Budget Authority",0
011,"Department of Justice",011-10-0200,"Salaries and Expenses",2024,"Funding Total",1371.600643
011,"Department of Justice",011-05-0128,"Salaries and Expenses, General Legal Activities",2024,"CIO Authority",195.63847
011,"Department of Justice",011-05-0128,"Salaries and Expenses, General Legal Activities",2024,"Budget Authority",0
011,"Department of Justice",011-05-0128,"Salaries and Expenses, General Legal Activities",2024,"Funding Total",160.233683
011,"Department of Justice",011-05-5073,"United States Trustee System Fund",2024,"CIO Authority",15.290101
011,"Department of Justice",011-05-5073,"United States Trustee System Fund",2024,"Budget Authority",0
011,"Department of Justice",011-05-5073,"United States Trustee System Fund",2024,"Funding Total",31.51184
011,"Department of Justice",011-05-0324,"Salaries and Expenses, United States Marshals Service",2024,"CIO Authority",221.812338
011,"Department of Justice",011-05-0324,"Salaries and Expenses, United States Marshals Service",2024,"Budget Authority",0
011,"Department of Justice",011-05-0324,"Salaries and Expenses, United States Marshals Service",2024,"Funding Total",188.21679
011,"Department of Justice",011-03-0328,"Office of Inspector General",2024,"CIO Authority",23.981634
011,"Department of Justice",011-03-0328,"Office of Inspector General",2024,"Budget Authority",0
011,"Department of Justice",011-03-0328,"Office of Inspector General",2024,"Funding Total",26.394195
011,"Department of Justice",011-05-0319,"Salaries and Expenses, Antitrust Division",2024,"CIO Authority",60.550537
011,"Department of Justice",011-05-0319,"Salaries and Expenses, Antitrust Division",2024,"Budget Authority",0
011,"Department of Justice",011-05-0319,"Salaries and Expenses, Antitrust Division",2024,"Funding Total",74.742083
011,"Department of Justice",011-20-4500,"Federal Prison Industries, Incorporated",2024,"CIO Authority",14.23
011,"Department of Justice",011-20-4500,"Federal Prison Industries, Incorporated",2024,"Budget Authority",0
011,"Department of Justice",011-20-4500,"Federal Prison Industries, Incorporated",2024,"Funding Total",14.23
011,"Department of Justice",011-12-1100,"Salaries and Expenses",2024,"CIO Authority",396.078207
011,"Department of Justice",011-12-1100,"Salaries and Expenses",2024,"Budget Authority",0
011,"Department of Justice",011-12-1100,"Salaries and Expenses",2024,"Funding Total",382.890691
011,"Department of Justice",011-05-0322,"Salaries and Expenses, United States Attorneys",2024,"CIO Authority",214.096659
011,"Department of Justice",011-05-0322,"Salaries and Expenses, United States Attorneys",2024,"Budget Authority",0
011,"Department of Justice",011-05-0322,"Salaries and Expenses, United States Attorneys",2024,"Funding Total",223.614183
011,"Department of Justice",011-20-1060,"Salaries and Expenses",2024,"CIO Authority",412.822913
011,"Department of Justice",011-20-1060,"Salaries and Expenses",2024,"Budget Authority",0
011,"Department of Justice",011-20-1060,"Salaries and Expenses",2024,"Funding Total",185.445026
011,"Department of Justice",011-21-0420,"Salaries and Expenses, Office of Justice Programs",2024,"CIO Authority",120.461066
011,"Department of Justice",011-21-0420,"Salaries and Expenses, Office of Justice Programs",2024,"Budget Authority",0
011,"Department of Justice",011-21-0420,"Salaries and Expenses, Office of Justice Programs",2024,"Funding Total",116.526495
011,"Department of Justice",011-05-5042,"Assets Forfeiture Fund",2024,"CIO Authority",80.31642
011,"Department of Justice",011-05-5042,"Assets Forfeiture Fund",2024,"Budget Authority",0
011,"Department of Justice",011-05-5042,"Assets Forfeiture Fund",2024,"Funding Total",87.93885
011,"Department of Justice",011-03-0134,"Justice Information Sharing Technology",2024,"CIO Authority",197.968948
011,"Department of Justice",011-03-0134,"Justice Information Sharing Technology",2024,"Budget Authority",0
011,"Department of Justice",011-03-0134,"Justice Information Sharing Technology",2024,"Funding Total",147.577019
011,"Department of Justice",011-14-0700,"Salaries and Expenses",2024,"CIO Authority",230.24439
011,"Department of Justice",011-14-0700,"Salaries and Expenses",2024,"Budget Authority",0
011,"Department of Justice",011-14-0700,"Salaries and Expenses",2024,"Funding Total",222.18557
011,"Department of Justice",011-05-0311,"Fees and Expenses of Witnesses",2024,"CIO Authority",35.071009
011,"Department of Justice",011-05-0311,"Fees and Expenses of Witnesses",2024,"Budget Authority",0
011,"Department of Justice",011-05-0311,"Fees and Expenses of Witnesses",2024,"Funding Total",32.472576
011,"Department of Justice",011-05-4575,"Justice Prisoner and Alien Transportation System Fund, U.S. Marshals",2024,"CIO Authority",3.457251
011,"Department of Justice",011-05-4575,"Justice Prisoner and Alien Transportation System Fund, U.S. Marshals",2024,"Budget Authority",0
011,"Department of Justice",011-05-4575,"Justice Prisoner and Alien Transportation System Fund, U.S. Marshals",2024,"Funding Total",2.386911
011,"Department of Justice",011-05-1020,"Federal Prisoner Detention",2024,"CIO Authority",17.00335
011,"Department of Justice",011-05-1020,"Federal Prisoner Detention",2024,"Budget Authority",0
011,"Department of Justice",011-05-1020,"Federal Prisoner Detention",2024,"Funding Total",13.695006
011,"Department of Justice",011-07-0323,"Organized Crime and Drug Enforcement Task Forces",2024,"CIO Authority",15.953
011,"Department of Justice",011-07-0323,"Organized Crime and Drug Enforcement Task Forces",2024,"Budget Authority",0
011,"Department of Justice",011-07-0323,"Organized Crime and Drug Enforcement Task Forces",2024,"Funding Total",16.72394
011,"Department of Justice",011-03-0132,"Tactical Law Enforcement Wireless Communications",2024,"CIO Authority",14.387814
011,"Department of Justice",011-03-0132,"Tactical Law Enforcement Wireless Communications",2024,"Budget Authority",0
011,"Department of Justice",011-03-0132,"Tactical Law Enforcement Wireless Communications",2024,"Funding Total",9.94625
011,"Department of Justice",011-05-0340,"September 11th Victim Compensation (general Fund)",2024,"CIO Authority",7.680739
011,"Department of Justice",011-05-0340,"September 11th Victim Compensation (general Fund)",2024,"Budget Authority",0
011,"Department of Justice",011-05-0340,"September 11th Victim Compensation (general Fund)",2024,"Funding Total",28.575086
011,"Department of Justice",011-03-0129,"Salaries and Expenses",2024,"CIO Authority",0.697
011,"Department of Justice",011-03-0129,"Salaries and Expenses",2024,"Budget Authority",0
011,"Department of Justice",011-03-0129,"Salaries and Expenses",2024,"Funding Total",1.40945
011,"Department of Justice",011-21-5041,"Crime Victims Fund",2024,"CIO Authority",5.334396
011,"Department of Justice",011-21-5041,"Crime Victims Fund",2024,"Budget Authority",0
011,"Department of Justice",011-21-5041,"Crime Victims Fund",2024,"Funding Total",6.942137
011,"Department of Justice",011-20-8408,"Commissary Funds, Federal Prisons (Trust Revolving Fund)",2024,"CIO Authority",0
011,"Department of Justice",011-20-8408,"Commissary Funds, Federal Prisons (Trust Revolving Fund)",2024,"Budget Authority",0
011,"Department of Justice",011-20-8408,"Commissary Funds, Federal Prisons (Trust Revolving Fund)",2024,"Funding Total",19.840005
011,"Department of Justice",011-21-0406,"Community oriented policing services",2024,"CIO Authority",3.5748
011,"Department of Justice",011-21-0406,"Community oriented policing services",2024,"Budget Authority",0
011,"Department of Justice",011-21-0406,"Community oriented policing services",2024,"Funding Total",3.555346
011,"Department of Justice",011-08-1300,"Salaries and Expenses",2024,"CIO Authority",24.462902
011,"Department of Justice",011-08-1300,"Salaries and Expenses",2024,"Budget Authority",0
011,"Department of Justice",011-08-1300,"Salaries and Expenses",2024,"Funding Total",0.183
011,"Department of Justice",002-25-0930,"Court Security",2024,"CIO Authority",0
011,"Department of Justice",002-25-0930,"Court Security",2024,"Budget Authority",0
011,"Department of Justice",002-25-0930,"Court Security",2024,"Funding Total",0.5
011,"Department of Justice",011-03-4526,"Working Capital Fund",2025,"CIO Authority",644.131321
011,"Department of Justice",011-03-4526,"Working Capital Fund",2025,"Budget Authority",0.15
011,"Department of Justice",011-03-4526,"Working Capital Fund",2025,"Funding Total",830.400461
011,"Department of Justice",011-05-0319,"Salaries and Expenses, Antitrust Division",2025,"CIO Authority",67.023592
011,"Department of Justice",011-05-0319,"Salaries and Expenses, Antitrust Division",2025,"Budget Authority",5.693162
011,"Department of Justice",011-05-0319,"Salaries and Expenses, Antitrust Division",2025,"Funding Total",92.611179
011,"Department of Justice",011-12-1100,"Salaries and Expenses",2025,"CIO Authority",390.483702
011,"Department of Justice",011-12-1100,"Salaries and Expenses",2025,"Budget Authority",313.14864
011,"Department of Justice",011-12-1100,"Salaries and Expenses",2025,"Funding Total",411.117216
011,"Department of Justice",011-03-0339,"Executive Office for Immigration Review",2025,"CIO Authority",202.180999
011,"Department of Justice",011-03-0339,"Executive Office for Immigration Review",2025,"Budget Authority",122.490469
011,"Department of Justice",011-03-0339,"Executive Office for Immigration Review",2025,"Funding Total",98.212334
011,"Department of Justice",011-03-0134,"Justice Information Sharing Technology",2025,"CIO Authority",113.904073
011,"Department of Justice",011-03-0134,"Justice Information Sharing Technology",2025,"Budget Authority",0
011,"Department of Justice",011-03-0134,"Justice Information Sharing Technology",2025,"Funding Total",314.547693
011,"Department of Justice",011-20-4500,"Federal Prison Industries, Incorporated",2025,"CIO Authority",15.455
011,"Department of Justice",011-20-4500,"Federal Prison Industries, Incorporated",2025,"Budget Authority",5539.175
011,"Department of Justice",011-20-4500,"Federal Prison Industries, Incorporated",2025,"Funding Total",15.455
011,"Department of Justice",011-12-5131,"Diversion Control Fee Account",2025,"CIO Authority",72.236227
011,"Department of Justice",011-12-5131,"Diversion Control Fee Account",2025,"Budget Authority",54.715852
011,"Department of Justice",011-12-5131,"Diversion Control Fee Account",2025,"Funding Total",71.593897
011,"Department of Justice",011-10-0200,"Salaries and Expenses",2025,"CIO Authority",1538.059461
011,"Department of Justice",011-10-0200,"Salaries and Expenses",2025,"Budget Authority",1461.015806
011,"Department of Justice",011-10-0200,"Salaries and Expenses",2025,"Funding Total",1336.314762
011,"Department of Justice",011-05-0128,"Salaries and Expenses, General Legal Activities",2025,"CIO Authority",145.599386
011,"Department of Justice",011-05-0128,"Salaries and Expenses, General Legal Activities",2025,"Budget Authority",37.774485
011,"Department of Justice",011-05-0128,"Salaries and Expenses, General Legal Activities",2025,"Funding Total",169.226645
011,"Department of Justice",011-20-1060,"Salaries and Expenses",2025,"CIO Authority",233.412588
011,"Department of Justice",011-20-1060,"Salaries and Expenses",2025,"Budget Authority",0
011,"Department of Justice",011-20-1060,"Salaries and Expenses",2025,"Funding Total",143.640191
011,"Department of Justice",011-05-0311,"Fees and Expenses of Witnesses",2025,"CIO Authority",32.49614
011,"Department of Justice",011-05-0311,"Fees and Expenses of Witnesses",2025,"Budget Authority",0
011,"Department of Justice",011-05-0311,"Fees and Expenses of Witnesses",2025,"Funding Total",33.276063
011,"Department of Justice",011-21-0420,"Salaries and Expenses, Office of Justice Programs",2025,"CIO Authority",112.819231
011,"Department of Justice",011-21-0420,"Salaries and Expenses, Office of Justice Programs",2025,"Budget Authority",0
011,"Department of Justice",011-21-0420,"Salaries and Expenses, Office of Justice Programs",2025,"Funding Total",93.477217
011,"Department of Justice",011-05-1020,"Federal Prisoner Detention",2025,"CIO Authority",12.431401
011,"Department of Justice",011-05-1020,"Federal Prisoner Detention",2025,"Budget Authority",0
011,"Department of Justice",011-05-1020,"Federal Prisoner Detention",2025,"Funding Total",15.476688
011,"Department of Justice",011-03-0129,"Salaries and Expenses",2025,"CIO Authority",6.02989
011,"Department of Justice",011-03-0129,"Salaries and Expenses",2025,"Budget Authority",0.23775
011,"Department of Justice",011-03-0129,"Salaries and Expenses",2025,"Funding Total",6.60648
011,"Department of Justice",011-05-0322,"Salaries and Expenses, United States Attorneys",2025,"CIO Authority",186.504033
011,"Department of Justice",011-05-0322,"Salaries and Expenses, United States Attorneys",2025,"Budget Authority",0
011,"Department of Justice",011-05-0322,"Salaries and Expenses, United States Attorneys",2025,"Funding Total",169.140331
011,"Department of Justice",011-05-5073,"United States Trustee System Fund",2025,"CIO Authority",23.323759
011,"Department of Justice",011-05-5073,"United States Trustee System Fund",2025,"Budget Authority",0
011,"Department of Justice",011-05-5073,"United States Trustee System Fund",2025,"Funding Total",23.323199
011,"Department of Justice",011-05-0324,"Salaries and Expenses, United States Marshals Service",2025,"CIO Authority",226.297614
011,"Department of Justice",011-05-0324,"Salaries and Expenses, United States Marshals Service",2025,"Budget Authority",0.352
011,"Department of Justice",011-05-0324,"Salaries and Expenses, United States Marshals Service",2025,"Funding Total",190.986977
011,"Department of Justice",011-05-0340,"September 11th Victim Compensation (general Fund)",2025,"CIO Authority",5.693803
011,"Department of Justice",011-05-0340,"September 11th Victim Compensation (general Fund)",2025,"Budget Authority",3.516039
011,"Department of Justice",011-05-0340,"September 11th Victim Compensation (general Fund)",2025,"Funding Total",27.575054
011,"Department of Justice",011-03-0328,"Office of Inspector General",2025,"CIO Authority",29.884299
011,"Department of Justice",011-03-0328,"Office of Inspector General",2025,"Budget Authority",0
011,"Department of Justice",011-03-0328,"Office of Inspector General",2025,"Funding Total",35.358505
011,"Department of Justice",011-05-5042,"Assets Forfeiture Fund",2025,"CIO Authority",89.772956
011,"Department of Justice",011-05-5042,"Assets Forfeiture Fund",2025,"Budget Authority",10.057713
011,"Department of Justice",011-05-5042,"Assets Forfeiture Fund",2025,"Funding Total",92.040603
011,"Department of Justice",011-07-0323,"Organized Crime and Drug Enforcement Task Forces",2025,"CIO Authority",24.783
011,"Department of Justice",011-07-0323,"Organized Crime and Drug Enforcement Task Forces",2025,"Budget Authority",0
011,"Department of Justice",011-07-0323,"Organized Crime and Drug Enforcement Task Forces",2025,"Funding Total",22.284189
011,"Department of Justice",011-14-0700,"Salaries and Expenses",2025,"CIO Authority",323.530649
011,"Department of Justice",011-14-0700,"Salaries and Expenses",2025,"Budget Authority",0
011,"Department of Justice",011-14-0700,"Salaries and Expenses",2025,"Funding Total",259.124749
011,"Department of Justice",011-03-0132,"Tactical Law Enforcement Wireless Communications",2025,"CIO Authority",14.387814
011,"Department of Justice",011-03-0132,"Tactical Law Enforcement Wireless Communications",2025,"Budget Authority",14.387814
011,"Department of Justice",011-03-0132,"Tactical Law Enforcement Wireless Communications",2025,"Funding Total",14.387814
011,"Department of Justice",011-21-0406,"Community oriented policing services",2025,"CIO Authority",3.806
011,"Department of Justice",011-21-0406,"Community oriented policing services",2025,"Budget Authority",0.7974
011,"Department of Justice",011-21-0406,"Community oriented policing services",2025,"Funding Total",3.831
011,"Department of Justice",011-05-4575,"Justice Prisoner and Alien Transportation System Fund, U.S. Marshals",2025,"CIO Authority",3.591611
011,"Department of Justice",011-05-4575,"Justice Prisoner and Alien Transportation System Fund, U.S. Marshals",2025,"Budget Authority",0
011,"Department of Justice",011-05-4575,"Justice Prisoner and Alien Transportation System Fund, U.S. Marshals",2025,"Funding Total",3.199862
011,"Department of Justice",002-25-0930,"Court Security",2025,"CIO Authority",0
011,"Department of Justice",002-25-0930,"Court Security",2025,"Budget Authority",0
011,"Department of Justice",002-25-0930,"Court Security",2025,"Funding Total",0.515
011,"Department of Justice",011-21-5041,"Crime Victims Fund",2025,"CIO Authority",5.179025
011,"Department of Justice",011-21-5041,"Crime Victims Fund",2025,"Budget Authority",0
011,"Department of Justice",011-21-5041,"Crime Victims Fund",2025,"Funding Total",4.900729
011,"Department of Justice",011-20-8408,"Commissary Funds, Federal Prisons (Trust Revolving Fund)",2025,"CIO Authority",47.501594
011,"Department of Justice",011-20-8408,"Commissary Funds, Federal Prisons (Trust Revolving Fund)",2025,"Budget Authority",2.65
011,"Department of Justice",011-20-8408,"Commissary Funds, Federal Prisons (Trust Revolving Fund)",2025,"Funding Total",49.551594
012,"Department of Labor",012-25-4601,"Working Capital Fund",2022,"CIO Authority",0
012,"Department of Labor",012-25-4601,"Working Capital Fund",2022,"Budget Authority",0
012,"Department of Labor",012-25-4601,"Working Capital Fund",2022,"Funding Total",216.002
012,"Department of Labor",012-20-0200,"Salaries and Expenses",2022,"CIO Authority",0
012,"Department of Labor",012-20-0200,"Salaries and Expenses",2022,"Budget Authority",0
012,"Department of Labor",012-20-0200,"Salaries and Expenses",2022,"Funding Total",121.644
012,"Department of Labor",012-05-0181,"Job Corps",2022,"CIO Authority",0
012,"Department of Labor",012-05-0181,"Job Corps",2022,"Budget Authority",0
012,"Department of Labor",012-05-0181,"Job Corps",2022,"Funding Total",44.149257
012,"Department of Labor",012-05-0172,"Program Administration",2022,"CIO Authority",0
012,"Department of Labor",012-05-0172,"Program Administration",2022,"Budget Authority",0
012,"Department of Labor",012-05-0172,"Program Administration",2022,"Funding Total",23.202841
012,"Department of Labor",012-05-0179,"State Unemployment Insurance and Employment Service Operations",2022,"CIO Authority",0
012,"Department of Labor",012-05-0179,"State Unemployment Insurance and Employment Service Operations",2022,"Budget Authority",0
012,"Department of Labor",012-05-0179,"State Unemployment Insurance and Employment Service Operations",2022,"Funding Total",26.889955
012,"Department of Labor",012-25-0165,"Salaries and Expenses",2022,"CIO Authority",0
012,"Department of Labor",012-25-0165,"Salaries and Expenses",2022,"Budget Authority",0
012,"Department of Labor",012-25-0165,"Salaries and Expenses",2022,"Funding Total",20.263774
012,"Department of Labor",012-23-0150,"Salaries and Expenses",2022,"CIO Authority",0
012,"Department of Labor",012-23-0150,"Salaries and Expenses",2022,"Budget Authority",0
012,"Department of Labor",012-23-0150,"Salaries and Expenses",2022,"Funding Total",0.965
012,"Department of Labor",012-12-4204,"Pension Benefit Guaranty Corporation Fund",2022,"CIO Authority",0
012,"Department of Labor",012-12-4204,"Pension Benefit Guaranty Corporation Fund",2022,"Budget Authority",0
012,"Department of Labor",012-12-4204,"Pension Benefit Guaranty Corporation Fund",2022,"Funding Total",149.75
012,"Department of Labor",012-05-0174,"Training and Employment Services",2022,"CIO Authority",0
012,"Department of Labor",012-05-0174,"Training and Employment Services",2022,"Budget Authority",0
012,"Department of Labor",012-05-0174,"Training and Employment Services",2022,"Funding Total",18.608042
012,"Department of Labor",012-25-0162,"IT Modernization",2022,"CIO Authority",0
012,"Department of Labor",012-25-0162,"IT Modernization",2022,"Budget Authority",0
012,"Department of Labor",012-25-0162,"IT Modernization",2022,"Funding Total",20.606548
012,"Department of Labor",012-26-0166,"Salaries and Expenses",2022,"CIO Authority",0
012,"Department of Labor",012-26-0166,"Salaries and Expenses",2022,"Budget Authority",0
012,"Department of Labor",012-26-0166,"Salaries and Expenses",2022,"Funding Total",1.68031
012,"Department of Labor",012-11-1700,"Salaries and Expenses",2022,"CIO Authority",0
012,"Department of Labor",012-11-1700,"Salaries and Expenses",2022,"Budget Authority",0
012,"Department of Labor",012-11-1700,"Salaries and Expenses",2022,"Funding Total",19.509201
012,"Department of Labor",012-05-0175,"Community Service Employment for Older Americans",2022,"CIO Authority",0
012,"Department of Labor",012-05-0175,"Community Service Employment for Older Americans",2022,"Budget Authority",0
012,"Department of Labor",012-05-0175,"Community Service Employment for Older Americans",2022,"Funding Total",2.544294
012,"Department of Labor",012-27-0106,"Office of Inspector General",2022,"CIO Authority",0
012,"Department of Labor",012-27-0106,"Office of Inspector General",2022,"Budget Authority",0
012,"Department of Labor",012-27-0106,"Office of Inspector General",2022,"Funding Total",1.755
012,"Department of Labor",012-20-0200,"Salaries and Expenses",2023,"CIO Authority",144.502
012,"Department of Labor",012-20-0200,"Salaries and Expenses",2023,"Budget Authority",134.481
012,"Department of Labor",012-20-0200,"Salaries and Expenses",2023,"Funding Total",146.487
012,"Department of Labor",012-18-0400,"Salaries and Expenses",2023,"CIO Authority",35.371433
012,"Department of Labor",012-18-0400,"Salaries and Expenses",2023,"Budget Authority",0
012,"Department of Labor",012-18-0400,"Salaries and Expenses",2023,"Funding Total",16.168459
012,"Department of Labor",012-25-4601,"Working Capital Fund",2023,"CIO Authority",318.561229
012,"Department of Labor",012-25-4601,"Working Capital Fund",2023,"Budget Authority",254.349875
012,"Department of Labor",012-25-4601,"Working Capital Fund",2023,"Funding Total",284.514123
012,"Department of Labor",012-05-0172,"Program Administration",2023,"CIO Authority",23.16465
012,"Department of Labor",012-05-0172,"Program Administration",2023,"Budget Authority",19.562913
012,"Department of Labor",012-05-0172,"Program Administration",2023,"Funding Total",22.604519
012,"Department of Labor",012-15-8144,"Black Lung Disability Trust Fund",2023,"CIO Authority",2.702336
012,"Department of Labor",012-15-8144,"Black Lung Disability Trust Fund",2023,"Budget Authority",0
012,"Department of Labor",012-15-8144,"Black Lung Disability Trust Fund",2023,"Funding Total",2.853229
012,"Department of Labor",012-11-1700,"Salaries and Expenses",2023,"CIO Authority",12.446436
012,"Department of Labor",012-11-1700,"Salaries and Expenses",2023,"Budget Authority",12.446436
012,"Department of Labor",012-11-1700,"Salaries and Expenses",2023,"Funding Total",16.298855
012,"Department of Labor",012-12-4204,"Pension Benefit Guaranty Corporation Fund",2023,"CIO Authority",0
012,"Department of Labor",012-12-4204,"Pension Benefit Guaranty Corporation Fund",2023,"Budget Authority",131.554
012,"Department of Labor",012-12-4204,"Pension Benefit Guaranty Corporation Fund",2023,"Funding Total",146.482
012,"Department of Labor",012-05-0181,"Job Corps",2023,"CIO Authority",53.734102
012,"Department of Labor",012-05-0181,"Job Corps",2023,"Budget Authority",53.734102
012,"Department of Labor",012-05-0181,"Job Corps",2023,"Funding Total",47.543686
012,"Department of Labor",012-25-0165,"Salaries and Expenses",2023,"CIO Authority",33.834177
012,"Department of Labor",012-25-0165,"Salaries and Expenses",2023,"Budget Authority",12.564997
012,"Department of Labor",012-25-0165,"Salaries and Expenses",2023,"Funding Total",27.646462
012,"Department of Labor",012-25-0162,"IT Modernization",2023,"CIO Authority",27.312614
012,"Department of Labor",012-25-0162,"IT Modernization",2023,"Budget Authority",23.365493
012,"Department of Labor",012-25-0162,"IT Modernization",2023,"Funding Total",36.673553
012,"Department of Labor",012-05-0179,"State Unemployment Insurance and Employment Service Operations",2023,"CIO Authority",10.815824
012,"Department of Labor",012-05-0179,"State Unemployment Insurance and Employment Service Operations",2023,"Budget Authority",10.494504
012,"Department of Labor",012-05-0179,"State Unemployment Insurance and Employment Service Operations",2023,"Funding Total",62.912226
012,"Department of Labor",012-06-0164,"Veterans Employment and Training",2023,"CIO Authority",0
012,"Department of Labor",012-06-0164,"Veterans Employment and Training",2023,"Budget Authority",0
012,"Department of Labor",012-06-0164,"Veterans Employment and Training",2023,"Funding Total",6.542601
012,"Department of Labor",012-22-0148,"Salaries and Expenses",2023,"CIO Authority",13.779353
012,"Department of Labor",012-22-0148,"Salaries and Expenses",2023,"Budget Authority",0
012,"Department of Labor",012-22-0148,"Salaries and Expenses",2023,"Funding Total",14.899556
012,"Department of Labor",012-19-1200,"Salaries and Expenses",2023,"CIO Authority",13.255641
012,"Department of Labor",012-19-1200,"Salaries and Expenses",2023,"Budget Authority",0
012,"Department of Labor",012-19-1200,"Salaries and Expenses",2023,"Funding Total",21.811747
012,"Department of Labor",012-05-0174,"Training and Employment Services",2023,"CIO Authority",21.45814
012,"Department of Labor",012-05-0174,"Training and Employment Services",2023,"Budget Authority",21.45814
012,"Department of Labor",012-05-0174,"Training and Employment Services",2023,"Funding Total",17.616681
012,"Department of Labor",012-15-1524,"Administrative Expenses, Energy Employees Occupational Illness Compensation Fund",2023,"CIO Authority",15.257657
012,"Department of Labor",012-15-1524,"Administrative Expenses, Energy Employees Occupational Illness Compensation Fund",2023,"Budget Authority",0
012,"Department of Labor",012-15-1524,"Administrative Expenses, Energy Employees Occupational Illness Compensation Fund",2023,"Funding Total",14.332585
012,"Department of Labor",012-16-0143,"Salaries and Expenses",2023,"CIO Authority",11.343756
012,"Department of Labor",012-16-0143,"Salaries and Expenses",2023,"Budget Authority",0
012,"Department of Labor",012-16-0143,"Salaries and Expenses",2023,"Funding Total",11.192956
012,"Department of Labor",012-27-0106,"Office of Inspector General",2023,"CIO Authority",0
012,"Department of Labor",012-27-0106,"Office of Inspector General",2023,"Budget Authority",0
012,"Department of Labor",012-27-0106,"Office of Inspector General",2023,"Funding Total",1.83
012,"Department of Labor",012-15-1521,"Special Benefits",2023,"CIO Authority",14.861474
012,"Department of Labor",012-15-1521,"Special Benefits",2023,"Budget Authority",0
012,"Department of Labor",012-15-1521,"Special Benefits",2023,"Funding Total",16.268099
012,"Department of Labor",012-23-0150,"Salaries and Expenses",2023,"CIO Authority",4.495024
012,"Department of Labor",012-23-0150,"Salaries and Expenses",2023,"Budget Authority",4.495024
012,"Department of Labor",012-23-0150,"Salaries and Expenses",2023,"Funding Total",2.1416
012,"Department of Labor",012-25-0106,,2023,"CIO Authority",6.835
012,"Department of Labor",012-25-0106,,2023,"Budget Authority",1.83
012,"Department of Labor",012-25-0106,,2023,"Funding Total",0
012,"Department of Labor",012-15-0163,"Salaries and Expenses",2023,"CIO Authority",6.098171
012,"Department of Labor",012-15-0163,"Salaries and Expenses",2023,"Budget Authority",0
012,"Department of Labor",012-15-0163,"Salaries and Expenses",2023,"Funding Total",10.029464
012,"Department of Labor",012-26-0166,"Salaries and Expenses",2023,"CIO Authority",0
012,"Department of Labor",012-26-0166,"Salaries and Expenses",2023,"Budget Authority",0
012,"Department of Labor",012-26-0166,"Salaries and Expenses",2023,"Funding Total",1.23902
012,"Department of Labor",012-25-0166,,2023,"CIO Authority",1.802454
012,"Department of Labor",012-25-0166,,2023,"Budget Authority",1.802454
012,"Department of Labor",012-25-0166,,2023,"Funding Total",0
012,"Department of Labor",012-05-0175,"Community Service Employment for Older Americans",2023,"CIO Authority",1.56
012,"Department of Labor",012-05-0175,"Community Service Employment for Older Americans",2023,"Budget Authority",1.56
012,"Department of Labor",012-05-0175,"Community Service Employment for Older Americans",2023,"Funding Total",1.6
012,"Department of Labor",012-25-0162,"IT Modernization",2024,"CIO Authority",65.137605
012,"Department of Labor",012-25-0162,"IT Modernization",2024,"Budget Authority",58.121323
012,"Department of Labor",012-25-0162,"IT Modernization",2024,"Funding Total",28.329756
012,"Department of Labor",012-20-0200,"Salaries and Expenses",2024,"CIO Authority",145.94
012,"Department of Labor",012-20-0200,"Salaries and Expenses",2024,"Budget Authority",136.937
012,"Department of Labor",012-20-0200,"Salaries and Expenses",2024,"Funding Total",141.223
012,"Department of Labor",012-25-4601,"Working Capital Fund",2024,"CIO Authority",331.563281
012,"Department of Labor",012-25-4601,"Working Capital Fund",2024,"Budget Authority",272.08422
012,"Department of Labor",012-25-4601,"Working Capital Fund",2024,"Funding Total",334.186988
012,"Department of Labor",012-26-0166,"Salaries and Expenses",2024,"CIO Authority",0
012,"Department of Labor",012-26-0166,"Salaries and Expenses",2024,"Budget Authority",0
012,"Department of Labor",012-26-0166,"Salaries and Expenses",2024,"Funding Total",0.968738
012,"Department of Labor",012-05-0174,"Training and Employment Services",2024,"CIO Authority",21.500094
012,"Department of Labor",012-05-0174,"Training and Employment Services",2024,"Budget Authority",21.500094
012,"Department of Labor",012-05-0174,"Training and Employment Services",2024,"Funding Total",21.796462
012,"Department of Labor",012-25-0165,"Salaries and Expenses",2024,"CIO Authority",37.330066
012,"Department of Labor",012-25-0165,"Salaries and Expenses",2024,"Budget Authority",18.063495
012,"Department of Labor",012-25-0165,"Salaries and Expenses",2024,"Funding Total",29.212358
012,"Department of Labor",012-05-0172,"Program Administration",2024,"CIO Authority",21.177113
012,"Department of Labor",012-05-0172,"Program Administration",2024,"Budget Authority",21.177113
012,"Department of Labor",012-05-0172,"Program Administration",2024,"Funding Total",20.914992
012,"Department of Labor",012-27-0106,"Office of Inspector General",2024,"CIO Authority",0
012,"Department of Labor",012-27-0106,"Office of Inspector General",2024,"Budget Authority",0
012,"Department of Labor",012-27-0106,"Office of Inspector General",2024,"Funding Total",10.272
012,"Department of Labor",012-12-4204,"Pension Benefit Guaranty Corporation Fund",2024,"CIO Authority",0
012,"Department of Labor",012-12-4204,"Pension Benefit Guaranty Corporation Fund",2024,"Budget Authority",145.571
012,"Department of Labor",012-12-4204,"Pension Benefit Guaranty Corporation Fund",2024,"Funding Total",172.136
012,"Department of Labor",012-05-0181,"Job Corps",2024,"CIO Authority",72.395939
012,"Department of Labor",012-05-0181,"Job Corps",2024,"Budget Authority",70.342686
012,"Department of Labor",012-05-0181,"Job Corps",2024,"Funding Total",56.436686
012,"Department of Labor",012-15-8144,"Black Lung Disability Trust Fund",2024,"CIO Authority",2.801105
012,"Department of Labor",012-15-8144,"Black Lung Disability Trust Fund",2024,"Budget Authority",0
012,"Department of Labor",012-15-8144,"Black Lung Disability Trust Fund",2024,"Funding Total",3.806168
012,"Department of Labor",012-11-1700,"Salaries and Expenses",2024,"CIO Authority",11.364892
012,"Department of Labor",012-11-1700,"Salaries and Expenses",2024,"Budget Authority",11.364892
012,"Department of Labor",012-11-1700,"Salaries and Expenses",2024,"Funding Total",17.463285
012,"Department of Labor",012-19-1200,"Salaries and Expenses",2024,"CIO Authority",13.572863
012,"Department of Labor",012-19-1200,"Salaries and Expenses",2024,"Budget Authority",0
012,"Department of Labor",012-19-1200,"Salaries and Expenses",2024,"Funding Total",13.2073
012,"Department of Labor",012-05-0175,"Community Service Employment for Older Americans",2024,"CIO Authority",1.648
012,"Department of Labor",012-05-0175,"Community Service Employment for Older Americans",2024,"Budget Authority",1.648
012,"Department of Labor",012-05-0175,"Community Service Employment for Older Americans",2024,"Funding Total",1.63292
012,"Department of Labor",012-05-0179,"State Unemployment Insurance and Employment Service Operations",2024,"CIO Authority",21.188288
012,"Department of Labor",012-05-0179,"State Unemployment Insurance and Employment Service Operations",2024,"Budget Authority",21.188288
012,"Department of Labor",012-05-0179,"State Unemployment Insurance and Employment Service Operations",2024,"Funding Total",45.739738
012,"Department of Labor",012-16-0143,"Salaries and Expenses",2024,"CIO Authority",23.399756
012,"Department of Labor",012-16-0143,"Salaries and Expenses",2024,"Budget Authority",0
012,"Department of Labor",012-16-0143,"Salaries and Expenses",2024,"Funding Total",10.832086
012,"Department of Labor",012-15-1521,"Special Benefits",2024,"CIO Authority",23.001488
012,"Department of Labor",012-15-1521,"Special Benefits",2024,"Budget Authority",0
012,"Department of Labor",012-15-1521,"Special Benefits",2024,"Funding Total",13.238132
012,"Department of Labor",012-15-1524,"Administrative Expenses, Energy Employees Occupational Illness Compensation Fund",2024,"CIO Authority",16.788708
012,"Department of Labor",012-15-1524,"Administrative Expenses, Energy Employees Occupational Illness Compensation Fund",2024,"Budget Authority",0
012,"Department of Labor",012-15-1524,"Administrative Expenses, Energy Employees Occupational Illness Compensation Fund",2024,"Funding Total",13.00854
012,"Department of Labor",012-22-0148,"Salaries and Expenses",2024,"CIO Authority",24.154063
012,"Department of Labor",012-22-0148,"Salaries and Expenses",2024,"Budget Authority",0
012,"Department of Labor",012-22-0148,"Salaries and Expenses",2024,"Funding Total",10.67447
012,"Department of Labor",012-15-0163,"Salaries and Expenses",2024,"CIO Authority",5.487109
012,"Department of Labor",012-15-0163,"Salaries and Expenses",2024,"Budget Authority",0
012,"Department of Labor",012-15-0163,"Salaries and Expenses",2024,"Funding Total",3.732814
012,"Department of Labor",012-06-0164,"Veterans Employment and Training",2024,"CIO Authority",0
012,"Department of Labor",012-06-0164,"Veterans Employment and Training",2024,"Budget Authority",0
012,"Department of Labor",012-06-0164,"Veterans Employment and Training",2024,"Funding Total",7.868739
012,"Department of Labor",012-18-0400,"Salaries and Expenses",2024,"CIO Authority",28.957527
012,"Department of Labor",012-18-0400,"Salaries and Expenses",2024,"Budget Authority",0
012,"Department of Labor",012-18-0400,"Salaries and Expenses",2024,"Funding Total",10.281133
012,"Department of Labor",012-23-0150,"Salaries and Expenses",2024,"CIO Authority",2.26
012,"Department of Labor",012-23-0150,"Salaries and Expenses",2024,"Budget Authority",2.26
012,"Department of Labor",012-23-0150,"Salaries and Expenses",2024,"Funding Total",2.161863
012,"Department of Labor",012-25-0106,,2024,"CIO Authority",10.272
012,"Department of Labor",012-25-0106,,2024,"Budget Authority",10.272
012,"Department of Labor",012-25-0106,,2024,"Funding Total",0
012,"Department of Labor",012-25-0166,,2024,"CIO Authority",1.276167
012,"Department of Labor",012-25-0166,,2024,"Budget Authority",1.276167
012,"Department of Labor",012-25-0166,,2024,"Funding Total",0
012,"Department of Labor",012-05-0181,"Job Corps",2025,"CIO Authority",61.34975
012,"Department of Labor",012-05-0181,"Job Corps",2025,"Budget Authority",59.049
012,"Department of Labor",012-05-0181,"Job Corps",2025,"Funding Total",62.026
012,"Department of Labor",012-25-4601,"Working Capital Fund",2025,"CIO Authority",340.74961
012,"Department of Labor",012-25-4601,"Working Capital Fund",2025,"Budget Authority",328.381979
012,"Department of Labor",012-25-4601,"Working Capital Fund",2025,"Funding Total",334.460298
012,"Department of Labor",012-20-0200,"Salaries and Expenses",2025,"CIO Authority",139.289
012,"Department of Labor",012-20-0200,"Salaries and Expenses",2025,"Budget Authority",139.289
012,"Department of Labor",012-20-0200,"Salaries and Expenses",2025,"Funding Total",142.166
012,"Department of Labor",012-15-8144,"Black Lung Disability Trust Fund",2025,"CIO Authority",10.613624
012,"Department of Labor",012-15-8144,"Black Lung Disability Trust Fund",2025,"Budget Authority",10.613624
012,"Department of Labor",012-15-8144,"Black Lung Disability Trust Fund",2025,"Funding Total",10.397152
012,"Department of Labor",012-23-0150,"Salaries and Expenses",2025,"CIO Authority",2.089149
012,"Department of Labor",012-23-0150,"Salaries and Expenses",2025,"Budget Authority",2.089149
012,"Department of Labor",012-23-0150,"Salaries and Expenses",2025,"Funding Total",2.161679
012,"Department of Labor",012-19-1200,"Salaries and Expenses",2025,"CIO Authority",14.85762
012,"Department of Labor",012-19-1200,"Salaries and Expenses",2025,"Budget Authority",14.85762
012,"Department of Labor",012-19-1200,"Salaries and Expenses",2025,"Funding Total",15.716689
012,"Department of Labor",012-16-0143,"Salaries and Expenses",2025,"CIO Authority",19.37868
012,"Department of Labor",012-16-0143,"Salaries and Expenses",2025,"Budget Authority",19.37868
012,"Department of Labor",012-16-0143,"Salaries and Expenses",2025,"Funding Total",12.218259
012,"Department of Labor",012-05-0172,"Program Administration",2025,"CIO Authority",21.908862
012,"Department of Labor",012-05-0172,"Program Administration",2025,"Budget Authority",21.908862
012,"Department of Labor",012-05-0172,"Program Administration",2025,"Funding Total",21.056566
012,"Department of Labor",012-18-0400,"Salaries and Expenses",2025,"CIO Authority",11.675629
012,"Department of Labor",012-18-0400,"Salaries and Expenses",2025,"Budget Authority",11.675629
012,"Department of Labor",012-18-0400,"Salaries and Expenses",2025,"Funding Total",10.050596
012,"Department of Labor",012-06-0164,"Veterans Employment and Training",2025,"CIO Authority",7.098045
012,"Department of Labor",012-06-0164,"Veterans Employment and Training",2025,"Budget Authority",7.098045
012,"Department of Labor",012-06-0164,"Veterans Employment and Training",2025,"Funding Total",9.754215
012,"Department of Labor",012-12-4204,"Pension Benefit Guaranty Corporation Fund",2025,"CIO Authority",0
012,"Department of Labor",012-12-4204,"Pension Benefit Guaranty Corporation Fund",2025,"Budget Authority",159.9902
012,"Department of Labor",012-12-4204,"Pension Benefit Guaranty Corporation Fund",2025,"Funding Total",149.107
012,"Department of Labor",012-25-0162,"IT Modernization",2025,"CIO Authority",25.123434
012,"Department of Labor",012-25-0162,"IT Modernization",2025,"Budget Authority",18.433549
012,"Department of Labor",012-25-0162,"IT Modernization",2025,"Funding Total",35.958823
012,"Department of Labor",012-05-0179,"State Unemployment Insurance and Employment Service Operations",2025,"CIO Authority",21.913725
012,"Department of Labor",012-05-0179,"State Unemployment Insurance and Employment Service Operations",2025,"Budget Authority",21.913725
012,"Department of Labor",012-05-0179,"State Unemployment Insurance and Employment Service Operations",2025,"Funding Total",34.23856
012,"Department of Labor",012-05-0174,"Training and Employment Services",2025,"CIO Authority",22.451004
012,"Department of Labor",012-05-0174,"Training and Employment Services",2025,"Budget Authority",22.451004
012,"Department of Labor",012-05-0174,"Training and Employment Services",2025,"Funding Total",22.186204
012,"Department of Labor",012-25-0165,"Salaries and Expenses",2025,"CIO Authority",24.413975
012,"Department of Labor",012-25-0165,"Salaries and Expenses",2025,"Budget Authority",23.793843
012,"Department of Labor",012-25-0165,"Salaries and Expenses",2025,"Funding Total",24.433029
012,"Department of Labor",012-11-1700,"Salaries and Expenses",2025,"CIO Authority",12.162099
012,"Department of Labor",012-11-1700,"Salaries and Expenses",2025,"Budget Authority",12.162099
012,"Department of Labor",012-11-1700,"Salaries and Expenses",2025,"Funding Total",18.000964
012,"Department of Labor",012-27-0106,"Office of Inspector General",2025,"CIO Authority",0
012,"Department of Labor",012-27-0106,"Office of Inspector General",2025,"Budget Authority",0
012,"Department of Labor",012-27-0106,"Office of Inspector General",2025,"Funding Total",8.574
012,"Department of Labor",012-15-1521,"Special Benefits",2025,"CIO Authority",17.42748
012,"Department of Labor",012-15-1521,"Special Benefits",2025,"Budget Authority",17.42748
012,"Department of Labor",012-15-1521,"Special Benefits",2025,"Funding Total",10.373633
012,"Department of Labor",012-22-0148,"Salaries and Expenses",2025,"CIO Authority",11.466578
012,"Department of Labor",012-22-0148,"Salaries and Expenses",2025,"Budget Authority",11.466578
012,"Department of Labor",012-22-0148,"Salaries and Expenses",2025,"Funding Total",13.803158
012,"Department of Labor",012-05-0175,"Community Service Employment for Older Americans",2025,"CIO Authority",1.69744
012,"Department of Labor",012-05-0175,"Community Service Employment for Older Americans",2025,"Budget Authority",1.69744
012,"Department of Labor",012-05-0175,"Community Service Employment for Older Americans",2025,"Funding Total",1.69744
012,"Department of Labor",012-15-1524,"Administrative Expenses, Energy Employees Occupational Illness Compensation Fund",2025,"CIO Authority",13.378166
012,"Department of Labor",012-15-1524,"Administrative Expenses, Energy Employees Occupational Illness Compensation Fund",2025,"Budget Authority",13.378166
012,"Department of Labor",012-15-1524,"Administrative Expenses, Energy Employees Occupational Illness Compensation Fund",2025,"Funding Total",11.167209
012,"Department of Labor",012-26-0166,"Salaries and Expenses",2025,"CIO Authority",1.13812
012,"Department of Labor",012-26-0166,"Salaries and Expenses",2025,"Budget Authority",1.13812
012,"Department of Labor",012-26-0166,"Salaries and Expenses",2025,"Funding Total",1.13923
012,"Department of Labor",012-25-0106,,2025,"CIO Authority",8.574
012,"Department of Labor",012-25-0106,,2025,"Budget Authority",8.574
012,"Department of Labor",012-25-0106,,2025,"Funding Total",0
012,"Department of Labor",012-15-0163,"Salaries and Expenses",2025,"CIO Authority",3.891641
012,"Department of Labor",012-15-0163,"Salaries and Expenses",2025,"Budget Authority",3.891641
012,"Department of Labor",012-15-0163,"Salaries and Expenses",2025,"Funding Total",5.508683
026,"National Aeronautics and Space Administration",026-00-0122,"Safety, Security and Mission Services",2022,"CIO Authority",507.447184
026,"National Aeronautics and Space Administration",026-00-0122,"Safety, Security and Mission Services",2022,"Budget Authority",507.447186
026,"National Aeronautics and Space Administration",026-00-0122,"Safety, Security and Mission Services",2022,"Funding Total",507.447186
026,"National Aeronautics and Space Administration",026-00-0120,Science,2022,"CIO Authority",856.211908
026,"National Aeronautics and Space Administration",026-00-0120,Science,2022,"Budget Authority",856.21191
026,"National Aeronautics and Space Administration",026-00-0120,Science,2022,"Funding Total",856.21191
026,"National Aeronautics and Space Administration",026-00-0126,Aeronautics,2022,"CIO Authority",66.460879
026,"National Aeronautics and Space Administration",026-00-0126,Aeronautics,2022,"Budget Authority",66.46088
026,"National Aeronautics and Space Administration",026-00-0126,Aeronautics,2022,"Funding Total",66.46088
026,"National Aeronautics and Space Administration",026-00-0115,"Space Operations",2022,"CIO Authority",371.859866
026,"National Aeronautics and Space Administration",026-00-0115,"Space Operations",2022,"Budget Authority",371.8499
026,"National Aeronautics and Space Administration",026-00-0115,"Space Operations",2022,"Funding Total",371.8499
026,"National Aeronautics and Space Administration",026-00-0130,"Construction and Environmental Compliance and Restoration",2022,"CIO Authority",10.825991
026,"National Aeronautics and Space Administration",026-00-0130,"Construction and Environmental Compliance and Restoration",2022,"Budget Authority",10.825991
026,"National Aeronautics and Space Administration",026-00-0130,"Construction and Environmental Compliance and Restoration",2022,"Funding Total",10.825991
026,"National Aeronautics and Space Administration",026-00-0131,"Space Technology",2022,"CIO Authority",23.984162
026,"National Aeronautics and Space Administration",026-00-0131,"Space Technology",2022,"Budget Authority",23.960745
026,"National Aeronautics and Space Administration",026-00-0131,"Space Technology",2022,"Funding Total",23.960745
026,"National Aeronautics and Space Administration",026-00-0124,Exploration,2022,"CIO Authority",389.266777
026,"National Aeronautics and Space Administration",026-00-0124,Exploration,2022,"Budget Authority",389.254893
026,"National Aeronautics and Space Administration",026-00-0124,Exploration,2022,"Funding Total",389.254893
026,"National Aeronautics and Space Administration",026-00-0128,"Science, Technology, Engineering, and Mathematics Engagement",2022,"CIO Authority",0.423421
026,"National Aeronautics and Space Administration",026-00-0128,"Science, Technology, Engineering, and Mathematics Engagement",2022,"Budget Authority",0.423421
026,"National Aeronautics and Space Administration",026-00-0128,"Science, Technology, Engineering, and Mathematics Engagement",2022,"Funding Total",0.423421
026,"National Aeronautics and Space Administration",026-00-4546,"Working Capital Fund",2022,"CIO Authority",434.419433
026,"National Aeronautics and Space Administration",026-00-4546,"Working Capital Fund",2022,"Budget Authority",372.229251
026,"National Aeronautics and Space Administration",026-00-4546,"Working Capital Fund",2022,"Funding Total",372.229251
026,"National Aeronautics and Space Administration",026-00-0115,"Space Operations",2023,"CIO Authority",273.565094
026,"National Aeronautics and Space Administration",026-00-0115,"Space Operations",2023,"Budget Authority",273.544564
026,"National Aeronautics and Space Administration",026-00-0115,"Space Operations",2023,"Funding Total",273.544564
026,"National Aeronautics and Space Administration",026-00-0120,Science,2023,"CIO Authority",914.770985
026,"National Aeronautics and Space Administration",026-00-0120,Science,2023,"Budget Authority",914.770985
026,"National Aeronautics and Space Administration",026-00-0120,Science,2023,"Funding Total",914.770985
026,"National Aeronautics and Space Administration",026-00-0122,"Safety, Security and Mission Services",2023,"CIO Authority",763.360921
026,"National Aeronautics and Space Administration",026-00-0122,"Safety, Security and Mission Services",2023,"Budget Authority",763.360918
026,"National Aeronautics and Space Administration",026-00-0122,"Safety, Security and Mission Services",2023,"Funding Total",763.360918
026,"National Aeronautics and Space Administration",026-00-0124,Exploration,2023,"CIO Authority",309.368037
026,"National Aeronautics and Space Administration",026-00-0124,Exploration,2023,"Budget Authority",309.368036
026,"National Aeronautics and Space Administration",026-00-0124,Exploration,2023,"Funding Total",309.368036
026,"National Aeronautics and Space Administration",026-00-0131,"Space Technology",2023,"CIO Authority",23.675385
026,"National Aeronautics and Space Administration",026-00-0131,"Space Technology",2023,"Budget Authority",23.596542
026,"National Aeronautics and Space Administration",026-00-0131,"Space Technology",2023,"Funding Total",23.596542
026,"National Aeronautics and Space Administration",026-00-0126,Aeronautics,2023,"CIO Authority",69.315869
026,"National Aeronautics and Space Administration",026-00-0126,Aeronautics,2023,"Budget Authority",69.315871
026,"National Aeronautics and Space Administration",026-00-0126,Aeronautics,2023,"Funding Total",69.315871
026,"National Aeronautics and Space Administration",026-00-0130,"Construction and Environmental Compliance and Restoration",2023,"CIO Authority",5.604267
026,"National Aeronautics and Space Administration",026-00-0130,"Construction and Environmental Compliance and Restoration",2023,"Budget Authority",5.604267
026,"National Aeronautics and Space Administration",026-00-0130,"Construction and Environmental Compliance and Restoration",2023,"Funding Total",5.604267
026,"National Aeronautics and Space Administration",026-00-0128,"Science, Technology, Engineering, and Mathematics Engagement",2023,"CIO Authority",0.376691
026,"National Aeronautics and Space Administration",026-00-0128,"Science, Technology, Engineering, and Mathematics Engagement",2023,"Budget Authority",0.376691
026,"National Aeronautics and Space Administration",026-00-0128,"Science, Technology, Engineering, and Mathematics Engagement",2023,"Funding Total",0.376691
026,"National Aeronautics and Space Administration",026-00-4546,"Working Capital Fund",2023,"CIO Authority",149.327046
026,"National Aeronautics and Space Administration",026-00-4546,"Working Capital Fund",2023,"Budget Authority",149.327047
026,"National Aeronautics and Space Administration",026-00-4546,"Working Capital Fund",2023,"Funding Total",149.327047
026,"National Aeronautics and Space Administration",026-00-0124,Exploration,2024,"CIO Authority",420.046669
026,"National Aeronautics and Space Administration",026-00-0124,Exploration,2024,"Budget Authority",336.913455
026,"National Aeronautics and Space Administration",026-00-0124,Exploration,2024,"Funding Total",336.913455
026,"National Aeronautics and Space Administration",026-00-0130,"Construction and Environmental Compliance and Restoration",2024,"CIO Authority",10.019455
026,"National Aeronautics and Space Administration",026-00-0130,"Construction and Environmental Compliance and Restoration",2024,"Budget Authority",10.24494
026,"National Aeronautics and Space Administration",026-00-0130,"Construction and Environmental Compliance and Restoration",2024,"Funding Total",10.24494
026,"National Aeronautics and Space Administration",026-00-0131,"Space Technology",2024,"CIO Authority",21.223344
026,"National Aeronautics and Space Administration",026-00-0131,"Space Technology",2024,"Budget Authority",20.648478
026,"National Aeronautics and Space Administration",026-00-0131,"Space Technology",2024,"Funding Total",20.648478
026,"National Aeronautics and Space Administration",026-00-0122,"Safety, Security and Mission Services",2024,"CIO Authority",736.245796
026,"National Aeronautics and Space Administration",026-00-0122,"Safety, Security and Mission Services",2024,"Budget Authority",736.813798
026,"National Aeronautics and Space Administration",026-00-0122,"Safety, Security and Mission Services",2024,"Funding Total",736.813798
026,"National Aeronautics and Space Administration",026-00-0120,Science,2024,"CIO Authority",905.211004
026,"National Aeronautics and Space Administration",026-00-0120,Science,2024,"Budget Authority",906.898713
026,"National Aeronautics and Space Administration",026-00-0120,Science,2024,"Funding Total",906.898713
026,"National Aeronautics and Space Administration",026-00-0126,Aeronautics,2024,"CIO Authority",72.659504
026,"National Aeronautics and Space Administration",026-00-0126,Aeronautics,2024,"Budget Authority",72.659505
026,"National Aeronautics and Space Administration",026-00-0126,Aeronautics,2024,"Funding Total",72.659505
026,"National Aeronautics and Space Administration",026-00-4546,"Working Capital Fund",2024,"CIO Authority",143.134548
026,"National Aeronautics and Space Administration",026-00-4546,"Working Capital Fund",2024,"Budget Authority",143.134548
026,"National Aeronautics and Space Administration",026-00-4546,"Working Capital Fund",2024,"Funding Total",143.134548
026,"National Aeronautics and Space Administration",026-00-0115,"Space Operations",2024,"CIO Authority",284.298893
026,"National Aeronautics and Space Administration",026-00-0115,"Space Operations",2024,"Budget Authority",286.929082
026,"National Aeronautics and Space Administration",026-00-0115,"Space Operations",2024,"Funding Total",286.929082
026,"National Aeronautics and Space Administration",026-00-0128,"Science, Technology, Engineering, and Mathematics Engagement",2024,"CIO Authority",0.33087
026,"National Aeronautics and Space Administration",026-00-0128,"Science, Technology, Engineering, and Mathematics Engagement",2024,"Budget Authority",0.33087
026,"National Aeronautics and Space Administration",026-00-0128,"Science, Technology, Engineering, and Mathematics Engagement",2024,"Funding Total",0.33087
026,"National Aeronautics and Space Administration",026-00-0120,Science,2025,"CIO Authority",822.651187
026,"National Aeronautics and Space Administration",026-00-0120,Science,2025,"Budget Authority",865.826738
026,"National Aeronautics and Space Administration",026-00-0120,Science,2025,"Funding Total",865.826738
026,"National Aeronautics and Space Administration",026-00-0122,"Safety, Security and Mission Services",2025,"CIO Authority",753.768112
026,"National Aeronautics and Space Administration",026-00-0122,"Safety, Security and Mission Services",2025,"Budget Authority",702.99933
026,"National Aeronautics and Space Administration",026-00-0122,"Safety, Security and Mission Services",2025,"Funding Total",702.99933
026,"National Aeronautics and Space Administration",026-00-0115,"Space Operations",2025,"CIO Authority",235.086547
026,"National Aeronautics and Space Administration",026-00-0115,"Space Operations",2025,"Budget Authority",258.508697
026,"National Aeronautics and Space Administration",026-00-0115,"Space Operations",2025,"Funding Total",258.508697
026,"National Aeronautics and Space Administration",026-00-0124,Exploration,2025,"CIO Authority",366.042199
026,"National Aeronautics and Space Administration",026-00-0124,Exploration,2025,"Budget Authority",287.425276
026,"National Aeronautics and Space Administration",026-00-0124,Exploration,2025,"Funding Total",287.425276
026,"National Aeronautics and Space Administration",026-00-0126,Aeronautics,2025,"CIO Authority",69.061319
026,"National Aeronautics and Space Administration",026-00-0126,Aeronautics,2025,"Budget Authority",70.357784
026,"National Aeronautics and Space Administration",026-00-0126,Aeronautics,2025,"Funding Total",70.357784
026,"National Aeronautics and Space Administration",026-00-0131,"Space Technology",2025,"CIO Authority",10.344782
026,"National Aeronautics and Space Administration",026-00-0131,"Space Technology",2025,"Budget Authority",17.786758
026,"National Aeronautics and Space Administration",026-00-0131,"Space Technology",2025,"Funding Total",17.786758
026,"National Aeronautics and Space Administration",026-00-0128,"Science, Technology, Engineering, and Mathematics Engagement",2025,"CIO Authority",0.302602
026,"National Aeronautics and Space Administration",026-00-0128,"Science, Technology, Engineering, and Mathematics Engagement",2025,"Budget Authority",0.302602
026,"National Aeronautics and Space Administration",026-00-0128,"Science, Technology, Engineering, and Mathematics Engagement",2025,"Funding Total",0.302602
026,"National Aeronautics and Space Administration",026-00-0130,"Construction and Environmental Compliance and Restoration",2025,"CIO Authority",4.084745
026,"National Aeronautics and Space Administration",026-00-0130,"Construction and Environmental Compliance and Restoration",2025,"Budget Authority",2.437137
026,"National Aeronautics and Space Administration",026-00-0130,"Construction and Environmental Compliance and Restoration",2025,"Funding Total",2.437137
026,"National Aeronautics and Space Administration",026-00-4546,"Working Capital Fund",2025,"CIO Authority",212.004791
026,"National Aeronautics and Space Administration",026-00-4546,"Working Capital Fund",2025,"Budget Authority",212.014656
026,"National Aeronautics and Space Administration",026-00-4546,"Working Capital Fund",2025,"Funding Total",212.014656
429,"Nuclear Regulatory Commission",429-00-0200,"Salaries and Expenses",2022,"CIO Authority",154.885038
429,"Nuclear Regulatory Commission",429-00-0200,"Salaries and Expenses",2022,"Budget Authority",0
429,"Nuclear Regulatory Commission",429-00-0200,"Salaries and Expenses",2022,"Funding Total",150.191651
429,"Nuclear Regulatory Commission",429-00-0200,"Salaries and Expenses",2023,"CIO Authority",0
429,"Nuclear Regulatory Commission",429-00-0200,"Salaries and Expenses",2023,"Budget Authority",0
429,"Nuclear Regulatory Commission",429-00-0200,"Salaries and Expenses",2023,"Funding Total",131.43485
429,"Nuclear Regulatory Commission",429-00-0200,"Salaries and Expenses",2024,"CIO Authority",174.809038
429,"Nuclear Regulatory Commission",429-00-0200,"Salaries and Expenses",2024,"Budget Authority",170.306998
429,"Nuclear Regulatory Commission",429-00-0200,"Salaries and Expenses",2024,"Funding Total",170.306998
429,"Nuclear Regulatory Commission",429-00-0200,"Salaries and Expenses",2025,"CIO Authority",188.273
429,"Nuclear Regulatory Commission",429-00-0200,"Salaries and Expenses",2025,"Budget Authority",183.587
429,"Nuclear Regulatory Commission",429-00-0200,"Salaries and Expenses",2025,"Funding Total",183.587
422,"National Science Foundation",422-00-0100,"Research and Related Activities",2022,"CIO Authority",0
422,"National Science Foundation",422-00-0100,"Research and Related Activities",2022,"Budget Authority",0
422,"National Science Foundation",422-00-0100,"Research and Related Activities",2022,"Funding Total",96.992
422,"National Science Foundation",422-00-0180,"Agency Operations and Award Management",2022,"CIO Authority",0
422,"National Science Foundation",422-00-0180,"Agency Operations and Award Management",2022,"Budget Authority",0
422,"National Science Foundation",422-00-0180,"Agency Operations and Award Management",2022,"Funding Total",49.301
422,"National Science Foundation",422-00-0106,"STEM Education",2022,"CIO Authority",0
422,"National Science Foundation",422-00-0106,"STEM Education",2022,"Budget Authority",0
422,"National Science Foundation",422-00-0106,"STEM Education",2022,"Funding Total",20.226
422,"National Science Foundation",422-00-0106,"STEM Education",2023,"CIO Authority",18.942
422,"National Science Foundation",422-00-0106,"STEM Education",2023,"Budget Authority",18.942
422,"National Science Foundation",422-00-0106,"STEM Education",2023,"Funding Total",18.958
422,"National Science Foundation",422-00-0100,"Research and Related Activities",2023,"CIO Authority",94.191
422,"National Science Foundation",422-00-0100,"Research and Related Activities",2023,"Budget Authority",94.191
422,"National Science Foundation",422-00-0100,"Research and Related Activities",2023,"Funding Total",95.617
422,"National Science Foundation",422-00-0180,"Agency Operations and Award Management",2023,"CIO Authority",47.629
422,"National Science Foundation",422-00-0180,"Agency Operations and Award Management",2023,"Budget Authority",49.226
422,"National Science Foundation",422-00-0180,"Agency Operations and Award Management",2023,"Funding Total",61.345
422,"National Science Foundation",422-00-0106,"STEM Education",2024,"CIO Authority",21.598
422,"National Science Foundation",422-00-0106,"STEM Education",2024,"Budget Authority",21.598
422,"National Science Foundation",422-00-0106,"STEM Education",2024,"Funding Total",0
422,"National Science Foundation",422-00-0100,"Research and Related Activities",2024,"CIO Authority",110.735
422,"National Science Foundation",422-00-0100,"Research and Related Activities",2024,"Budget Authority",110.735
422,"National Science Foundation",422-00-0100,"Research and Related Activities",2024,"Funding Total",127.634
422,"National Science Foundation",422-00-0180,"Agency Operations and Award Management",2024,"CIO Authority",57.202
422,"National Science Foundation",422-00-0180,"Agency Operations and Award Management",2024,"Budget Authority",57.202
422,"National Science Foundation",422-00-0180,"Agency Operations and Award Management",2024,"Funding Total",65.547
422,"National Science Foundation",422-00-0106,"STEM Education",2025,"CIO Authority",2.745
422,"National Science Foundation",422-00-0106,"STEM Education",2025,"Budget Authority",2.746
422,"National Science Foundation",422-00-0106,"STEM Education",2025,"Funding Total",0
422,"National Science Foundation",422-00-0100,"Research and Related Activities",2025,"CIO Authority",131.671
422,"National Science Foundation",422-00-0100,"Research and Related Activities",2025,"Budget Authority",131.67
422,"National Science Foundation",422-00-0100,"Research and Related Activities",2025,"Funding Total",137.028
422,"National Science Foundation",422-00-0180,"Agency Operations and Award Management",2025,"CIO Authority",63.793
422,"National Science Foundation",422-00-0180,"Agency Operations and Award Management",2025,"Budget Authority",63.843
422,"National Science Foundation",422-00-0180,"Agency Operations and Award Management",2025,"Funding Total",67.163
027,"Office of Personnel Management",027-00-0100,"Salaries and Expenses",2022,"CIO Authority",0
027,"Office of Personnel Management",027-00-0100,"Salaries and Expenses",2022,"Budget Authority",0
027,"Office of Personnel Management",027-00-0100,"Salaries and Expenses",2022,"Funding Total",98.120996
027,"Office of Personnel Management",027-00-4571,"Revolving fund",2022,"CIO Authority",0
027,"Office of Personnel Management",027-00-4571,"Revolving fund",2022,"Budget Authority",0
027,"Office of Personnel Management",027-00-4571,"Revolving fund",2022,"Funding Total",275.701356
027,"Office of Personnel Management",027-00-0400,"Office of Inspector General",2022,"CIO Authority",0
027,"Office of Personnel Management",027-00-0400,"Office of Inspector General",2022,"Budget Authority",0
027,"Office of Personnel Management",027-00-0400,"Office of Inspector General",2022,"Funding Total",0.137125
027,"Office of Personnel Management",027-00-4571,"Revolving fund",2023,"CIO Authority",1.023048
027,"Office of Personnel Management",027-00-4571,"Revolving fund",2023,"Budget Authority",2.71631
027,"Office of Personnel Management",027-00-4571,"Revolving fund",2023,"Funding Total",302.341134
027,"Office of Personnel Management",027-00-0100,"Salaries and Expenses",2023,"CIO Authority",37.9611
027,"Office of Personnel Management",027-00-0100,"Salaries and Expenses",2023,"Budget Authority",53.638455
027,"Office of Personnel Management",027-00-0100,"Salaries and Expenses",2023,"Funding Total",101.456454
027,"Office of Personnel Management",027-00-0400,"Office of Inspector General",2023,"CIO Authority",0
027,"Office of Personnel Management",027-00-0400,"Office of Inspector General",2023,"Budget Authority",0.137125
027,"Office of Personnel Management",027-00-0400,"Office of Inspector General",2023,"Funding Total",0.137125
027,"Office of Personnel Management",027-00-0813,"Postal Service Health Benefits Program Implementation Fund",2023,"CIO Authority",0
027,"Office of Personnel Management",027-00-0813,"Postal Service Health Benefits Program Implementation Fund",2023,"Budget Authority",0
027,"Office of Personnel Management",027-00-0813,"Postal Service Health Benefits Program Implementation Fund",2023,"Funding Total",42.28739
027,"Office of Personnel Management",027-00-1162,"IT Modernization and Working Capital",2023,"CIO Authority",0
027,"Office of Personnel Management",027-00-1162,"IT Modernization and Working Capital",2023,"Budget Authority",0
027,"Office of Personnel Management",027-00-1162,"IT Modernization and Working Capital",2023,"Funding Total",2.672078
027,"Office of Personnel Management",027-00-0100,"Salaries and Expenses",2024,"CIO Authority",3.775817
027,"Office of Personnel Management",027-00-0100,"Salaries and Expenses",2024,"Budget Authority",62.491155
027,"Office of Personnel Management",027-00-0100,"Salaries and Expenses",2024,"Funding Total",179.808137
027,"Office of Personnel Management",027-00-4571,"Revolving fund",2024,"CIO Authority",0
027,"Office of Personnel Management",027-00-4571,"Revolving fund",2024,"Budget Authority",2.383016
027,"Office of Personnel Management",027-00-4571,"Revolving fund",2024,"Funding Total",270.64279
027,"Office of Personnel Management",027-00-0400,"Office of Inspector General",2024,"CIO Authority",0
027,"Office of Personnel Management",027-00-0400,"Office of Inspector General",2024,"Budget Authority",0.137536
027,"Office of Personnel Management",027-00-0400,"Office of Inspector General",2024,"Funding Total",0
027,"Office of Personnel Management",027-00-0813,"Postal Service Health Benefits Program Implementation Fund",2024,"CIO Authority",0
027,"Office of Personnel Management",027-00-0813,"Postal Service Health Benefits Program Implementation Fund",2024,"Budget Authority",0
027,"Office of Personnel Management",027-00-0813,"Postal Service Health Benefits Program Implementation Fund",2024,"Funding Total",8.721095
027,"Office of Personnel Management",027-00-1162,"IT Modernization and Working Capital",2024,"CIO Authority",0
027,"Office of Personnel Management",027-00-1162,"IT Modernization and Working Capital",2024,"Budget Authority",0
027,"Office of Personnel Management",027-00-1162,"IT Modernization and Working Capital",2024,"Funding Total",3.510092
027,"Office of Personnel Management",027-00-0100,"Salaries and Expenses",2025,"CIO Authority",8.925
027,"Office of Personnel Management",027-00-0100,"Salaries and Expenses",2025,"Budget Authority",0
027,"Office of Personnel Management",027-00-0100,"Salaries and Expenses",2025,"Funding Total",192.0265
027,"Office of Personnel Management",027-00-0813,"Postal Service Health Benefits Program Implementation Fund",2025,"CIO Authority",1.466961
027,"Office of Personnel Management",027-00-0813,"Postal Service Health Benefits Program Implementation Fund",2025,"Budget Authority",0
027,"Office of Personnel Management",027-00-0813,"Postal Service Health Benefits Program Implementation Fund",2025,"Funding Total",8.179895
027,"Office of Personnel Management",027-00-4571,"Revolving fund",2025,"CIO Authority",10.186806
027,"Office of Personnel Management",027-00-4571,"Revolving fund",2025,"Budget Authority",0
027,"Office of Personnel Management",027-00-4571,"Revolving fund",2025,"Funding Total",296.974113
027,"Office of Personnel Management",027-00-1162,"IT Modernization and Working Capital",2025,"CIO Authority",0
027,"Office of Personnel Management",027-00-1162,"IT Modernization and Working Capital",2025,"Budget Authority",0
027,"Office of Personnel Management",027-00-1162,"IT Modernization and Working Capital",2025,"Funding Total",2.667365
028,"Small Business Administration",028-00-0100,"Salaries and Expenses",2022,"CIO Authority",0
028,"Small Business Administration",028-00-0100,"Salaries and Expenses",2022,"Budget Authority",0
028,"Small Business Administration",028-00-0100,"Salaries and Expenses",2022,"Funding Total",257.241099
028,"Small Business Administration",028-00-1152,"Disaster Loans Program Account",2022,"CIO Authority",0
028,"Small Business Administration",028-00-1152,"Disaster Loans Program Account",2022,"Budget Authority",0
028,"Small Business Administration",028-00-1152,"Disaster Loans Program Account",2022,"Funding Total",54.33207
028,"Small Business Administration",028-00-1161,"Information Technology System Modernization and Working Capital Fund",2022,"CIO Authority",0
028,"Small Business Administration",028-00-1161,"Information Technology System Modernization and Working Capital Fund",2022,"Budget Authority",0
028,"Small Business Administration",028-00-1161,"Information Technology System Modernization and Working Capital Fund",2022,"Funding Total",5.765252
028,"Small Business Administration",028-00-4153,"Disaster Loan Fund Liquidating Account",2022,"CIO Authority",0
028,"Small Business Administration",028-00-4153,"Disaster Loan Fund Liquidating Account",2022,"Budget Authority",0
028,"Small Business Administration",028-00-4153,"Disaster Loan Fund Liquidating Account",2022,"Funding Total",0.164077
028,"Small Business Administration",028-00-0400,"Entrepreneurial Development Program",2022,"CIO Authority",0
028,"Small Business Administration",028-00-0400,"Entrepreneurial Development Program",2022,"Budget Authority",0
028,"Small Business Administration",028-00-0400,"Entrepreneurial Development Program",2022,"Funding Total",2.100482
028,"Small Business Administration",028-00-0100,"Salaries and Expenses",2023,"CIO Authority",0
028,"Small Business Administration",028-00-0100,"Salaries and Expenses",2023,"Budget Authority",164.957793
028,"Small Business Administration",028-00-0100,"Salaries and Expenses",2023,"Funding Total",185.526348
028,"Small Business Administration",028-00-1152,"Disaster Loans Program Account",2023,"CIO Authority",0
028,"Small Business Administration",028-00-1152,"Disaster Loans Program Account",2023,"Budget Authority",45.931408
028,"Small Business Administration",028-00-1152,"Disaster Loans Program Account",2023,"Funding Total",107.141653
028,"Small Business Administration",028-00-4154,"Business Loan Fund Liquidating Account",2023,"CIO Authority",0
028,"Small Business Administration",028-00-4154,"Business Loan Fund Liquidating Account",2023,"Budget Authority",0
028,"Small Business Administration",028-00-4154,"Business Loan Fund Liquidating Account",2023,"Funding Total",0
028,"Small Business Administration",028-00-1161,"Information Technology System Modernization and Working Capital Fund",2023,"CIO Authority",0
028,"Small Business Administration",028-00-1161,"Information Technology System Modernization and Working Capital Fund",2023,"Budget Authority",7.840818
028,"Small Business Administration",028-00-1161,"Information Technology System Modernization and Working Capital Fund",2023,"Funding Total",0.1
028,"Small Business Administration",028-00-0400,"Entrepreneurial Development Program",2023,"CIO Authority",0
028,"Small Business Administration",028-00-0400,"Entrepreneurial Development Program",2023,"Budget Authority",0
028,"Small Business Administration",028-00-0400,"Entrepreneurial Development Program",2023,"Funding Total",2.0253
028,"Small Business Administration",028-00-4153,"Disaster Loan Fund Liquidating Account",2023,"CIO Authority",0
028,"Small Business Administration",028-00-4153,"Disaster Loan Fund Liquidating Account",2023,"Budget Authority",0.164077
028,"Small Business Administration",028-00-4153,"Disaster Loan Fund Liquidating Account",2023,"Funding Total",0.164077
028,"Small Business Administration",028-00-0100,"Salaries and Expenses",2024,"CIO Authority",214.288123
028,"Small Business Administration",028-00-0100,"Salaries and Expenses",2024,"Budget Authority",168.060941
028,"Small Business Administration",028-00-0100,"Salaries and Expenses",2024,"Funding Total",302.417407
028,"Small Business Administration",028-00-1152,"Disaster Loans Program Account",2024,"CIO Authority",191.192323
028,"Small Business Administration",028-00-1152,"Disaster Loans Program Account",2024,"Budget Authority",45.931408
028,"Small Business Administration",028-00-1152,"Disaster Loans Program Account",2024,"Funding Total",24.907105
028,"Small Business Administration",028-00-1161,"Information Technology System Modernization and Working Capital Fund",2024,"CIO Authority",0
028,"Small Business Administration",028-00-1161,"Information Technology System Modernization and Working Capital Fund",2024,"Budget Authority",7.840818
028,"Small Business Administration",028-00-1161,"Information Technology System Modernization and Working Capital Fund",2024,"Funding Total",0
028,"Small Business Administration",028-00-4154,"Business Loan Fund Liquidating Account",2024,"CIO Authority",0
028,"Small Business Administration",028-00-4154,"Business Loan Fund Liquidating Account",2024,"Budget Authority",0
028,"Small Business Administration",028-00-4154,"Business Loan Fund Liquidating Account",2024,"Funding Total",0
028,"Small Business Administration",028-00-4153,"Disaster Loan Fund Liquidating Account",2024,"CIO Authority",0.1887
028,"Small Business Administration",028-00-4153,"Disaster Loan Fund Liquidating Account",2024,"Budget Authority",0.164077
028,"Small Business Administration",028-00-4153,"Disaster Loan Fund Liquidating Account",2024,"Funding Total",0
028,"Small Business Administration",028-00-0400,"Entrepreneurial Development Program",2024,"CIO Authority",2.47665
028,"Small Business Administration",028-00-0400,"Entrepreneurial Development Program",2024,"Budget Authority",2.4462
028,"Small Business Administration",028-00-0400,"Entrepreneurial Development Program",2024,"Funding Total",2.112655
028,"Small Business Administration",028-00-0100,"Salaries and Expenses",2025,"CIO Authority",309.553339
028,"Small Business Administration",028-00-0100,"Salaries and Expenses",2025,"Budget Authority",6055.546782
028,"Small Business Administration",028-00-0100,"Salaries and Expenses",2025,"Funding Total",296.272979
028,"Small Business Administration",028-00-0400,"Entrepreneurial Development Program",2025,"CIO Authority",2.504
028,"Small Business Administration",028-00-0400,"Entrepreneurial Development Program",2025,"Budget Authority",2.504
028,"Small Business Administration",028-00-0400,"Entrepreneurial Development Program",2025,"Funding Total",2.486
028,"Small Business Administration",028-00-1152,"Disaster Loans Program Account",2025,"CIO Authority",14.693814
028,"Small Business Administration",028-00-1152,"Disaster Loans Program Account",2025,"Budget Authority",14.315514
028,"Small Business Administration",028-00-1152,"Disaster Loans Program Account",2025,"Funding Total",14.686988
028,"Small Business Administration",028-00-1161,"Information Technology System Modernization and Working Capital Fund",2025,"CIO Authority",5.239126
028,"Small Business Administration",028-00-1161,"Information Technology System Modernization and Working Capital Fund",2025,"Budget Authority",0
028,"Small Business Administration",028-00-1161,"Information Technology System Modernization and Working Capital Fund",2025,"Funding Total",3.932
028,"Small Business Administration",028-00-4154,"Business Loan Fund Liquidating Account",2025,"CIO Authority",0.33075
028,"Small Business Administration",028-00-4154,"Business Loan Fund Liquidating Account",2025,"Budget Authority",0.33075
028,"Small Business Administration",028-00-4154,"Business Loan Fund Liquidating Account",2025,"Funding Total",0.33075
028,"Small Business Administration",028-00-4153,"Disaster Loan Fund Liquidating Account",2025,"CIO Authority",0.01575
028,"Small Business Administration",028-00-4153,"Disaster Loan Fund Liquidating Account",2025,"Budget Authority",0.01575
028,"Small Business Administration",028-00-4153,"Disaster Loan Fund Liquidating Account",2025,"Funding Total",0.01575
016,"Social Security Administration",016-00-8704,"Limitation on Administrative Expenses",2022,"CIO Authority",0
016,"Social Security Administration",016-00-8704,"Limitation on Administrative Expenses",2022,"Budget Authority",0
016,"Social Security Administration",016-00-8704,"Limitation on Administrative Expenses",2022,"Funding Total",1981.521947
016,"Social Security Administration",016-00-8704,"Limitation on Administrative Expenses",2023,"CIO Authority",0
016,"Social Security Administration",016-00-8704,"Limitation on Administrative Expenses",2023,"Budget Authority",2064.96866
016,"Social Security Administration",016-00-8704,"Limitation on Administrative Expenses",2023,"Funding Total",2004.84679
016,"Social Security Administration",016-00-8704,"Limitation on Administrative Expenses",2024,"CIO Authority",2407.0036
016,"Social Security Administration",016-00-8704,"Limitation on Administrative Expenses",2024,"Budget Authority",2064.96866
016,"Social Security Administration",016-00-8704,"Limitation on Administrative Expenses",2024,"Funding Total",1911.017234
016,"Social Security Administration",016-00-8704,"Limitation on Administrative Expenses",2025,"CIO Authority",2458.75532
016,"Social Security Administration",016-00-8704,"Limitation on Administrative Expenses",2025,"Budget Authority",2034.890304
016,"Social Security Administration",016-00-8704,"Limitation on Administrative Expenses",2025,"Funding Total",2195.282627
014,"Department of State",014-05-0113,"Diplomatic Programs",2022,"CIO Authority",0
014,"Department of State",014-05-0113,"Diplomatic Programs",2022,"Budget Authority",0
014,"Department of State",014-05-0113,"Diplomatic Programs",2022,"Funding Total",1181.533204
014,"Department of State",014-05-0120,"Capital Investment Fund",2022,"CIO Authority",0
014,"Department of State",014-05-0120,"Capital Investment Fund",2022,"Budget Authority",0
014,"Department of State",014-05-0120,"Capital Investment Fund",2022,"Funding Total",268.059023
014,"Department of State",014-05-5515,"H&L Fraud Prevention and Detection Fee",2022,"CIO Authority",0
014,"Department of State",014-05-5515,"H&L Fraud Prevention and Detection Fee",2022,"Budget Authority",0
014,"Department of State",014-05-5515,"H&L Fraud Prevention and Detection Fee",2022,"Funding Total",13.27
014,"Department of State",014-05-0535,"Embassy Security, Construction, and Maintenance",2022,"CIO Authority",0
014,"Department of State",014-05-0535,"Embassy Security, Construction, and Maintenance",2022,"Budget Authority",0
014,"Department of State",014-05-0535,"Embassy Security, Construction, and Maintenance",2022,"Funding Total",66.11
014,"Department of State",014-05-5713,"Consular and Border Security Programs",2022,"CIO Authority",0
014,"Department of State",014-05-5713,"Consular and Border Security Programs",2022,"Budget Authority",0
014,"Department of State",014-05-5713,"Consular and Border Security Programs",2022,"Funding Total",485.03011
014,"Department of State",014-05-4519,"Working Capital Fund",2022,"CIO Authority",0
014,"Department of State",014-05-4519,"Working Capital Fund",2022,"Budget Authority",0
014,"Department of State",014-05-4519,"Working Capital Fund",2022,"Funding Total",159.946931
014,"Department of State",014-05-0209,"Educational and Cultural Exchange Programs",2022,"CIO Authority",0
014,"Department of State",014-05-0209,"Educational and Cultural Exchange Programs",2022,"Budget Authority",0
014,"Department of State",014-05-0209,"Educational and Cultural Exchange Programs",2022,"Funding Total",18.7
014,"Department of State",014-05-0520,"Protection of Foreign Missions and Officials",2022,"CIO Authority",0
014,"Department of State",014-05-0520,"Protection of Foreign Missions and Officials",2022,"Budget Authority",0
014,"Department of State",014-05-0520,"Protection of Foreign Missions and Officials",2022,"Funding Total",4.724
014,"Department of State",014-25-1022,"International Narcotics Control and Law Enforcement",2022,"CIO Authority",0
014,"Department of State",014-25-1022,"International Narcotics Control and Law Enforcement",2022,"Budget Authority",0
014,"Department of State",014-25-1022,"International Narcotics Control and Law Enforcement",2022,"Funding Total",14.740005
014,"Department of State",014-25-1143,"Migration and Refugee Assistance",2022,"CIO Authority",0
014,"Department of State",014-25-1143,"Migration and Refugee Assistance",2022,"Budget Authority",0
014,"Department of State",014-25-1143,"Migration and Refugee Assistance",2022,"Funding Total",17.378939
014,"Department of State",014-25-1031,"Global Health Programs",2022,"CIO Authority",0
014,"Department of State",014-25-1031,"Global Health Programs",2022,"Budget Authority",0
014,"Department of State",014-25-1031,"Global Health Programs",2022,"Funding Total",44.226147
014,"Department of State",014-05-0529,"Office of Inspector General",2022,"CIO Authority",0
014,"Department of State",014-05-0529,"Office of Inspector General",2022,"Budget Authority",0
014,"Department of State",014-05-0529,"Office of Inspector General",2022,"Funding Total",2.85
014,"Department of State",014-25-5177,"International Litigation Fund",2022,"CIO Authority",0
014,"Department of State",014-25-5177,"International Litigation Fund",2022,"Budget Authority",0
014,"Department of State",014-25-5177,"International Litigation Fund",2022,"Funding Total",2.34
014,"Department of State",014-05-0113,"Diplomatic Programs",2023,"CIO Authority",606.647268
014,"Department of State",014-05-0113,"Diplomatic Programs",2023,"Budget Authority",1078.219134
014,"Department of State",014-05-0113,"Diplomatic Programs",2023,"Funding Total",1229.665126
014,"Department of State",014-05-0120,"Capital Investment Fund",2023,"CIO Authority",454.82504
014,"Department of State",014-05-0120,"Capital Investment Fund",2023,"Budget Authority",277.079604
014,"Department of State",014-05-0120,"Capital Investment Fund",2023,"Funding Total",296.136792
014,"Department of State",014-05-4519,"Working Capital Fund",2023,"CIO Authority",51.387753
014,"Department of State",014-05-4519,"Working Capital Fund",2023,"Budget Authority",107.15081
014,"Department of State",014-05-4519,"Working Capital Fund",2023,"Funding Total",166.269454
014,"Department of State",014-05-5713,"Consular and Border Security Programs",2023,"CIO Authority",285.12
014,"Department of State",014-05-5713,"Consular and Border Security Programs",2023,"Budget Authority",500.606
014,"Department of State",014-05-5713,"Consular and Border Security Programs",2023,"Funding Total",703.156
014,"Department of State",014-05-0209,"Educational and Cultural Exchange Programs",2023,"CIO Authority",0
014,"Department of State",014-05-0209,"Educational and Cultural Exchange Programs",2023,"Budget Authority",12.736
014,"Department of State",014-05-0209,"Educational and Cultural Exchange Programs",2023,"Funding Total",18.736
014,"Department of State",014-05-0535,"Embassy Security, Construction, and Maintenance",2023,"CIO Authority",0
014,"Department of State",014-05-0535,"Embassy Security, Construction, and Maintenance",2023,"Budget Authority",36.107
014,"Department of State",014-05-0535,"Embassy Security, Construction, and Maintenance",2023,"Funding Total",36.896
014,"Department of State",014-05-0520,"Protection of Foreign Missions and Officials",2023,"CIO Authority",0
014,"Department of State",014-05-0520,"Protection of Foreign Missions and Officials",2023,"Budget Authority",0
014,"Department of State",014-05-0520,"Protection of Foreign Missions and Officials",2023,"Funding Total",4.96
014,"Department of State",014-25-5177,"International Litigation Fund",2023,"CIO Authority",0
014,"Department of State",014-25-5177,"International Litigation Fund",2023,"Budget Authority",2.387
014,"Department of State",014-25-5177,"International Litigation Fund",2023,"Funding Total",2.69
014,"Department of State",014-25-1143,"Migration and Refugee Assistance",2023,"CIO Authority",0
014,"Department of State",014-25-1143,"Migration and Refugee Assistance",2023,"Budget Authority",29.779355
014,"Department of State",014-25-1143,"Migration and Refugee Assistance",2023,"Funding Total",46.713305
014,"Department of State",014-25-1022,"International Narcotics Control and Law Enforcement",2023,"CIO Authority",0
014,"Department of State",014-25-1022,"International Narcotics Control and Law Enforcement",2023,"Budget Authority",0
014,"Department of State",014-25-1022,"International Narcotics Control and Law Enforcement",2023,"Funding Total",0
014,"Department of State",014-25-1031,"Global Health Programs",2023,"CIO Authority",0
014,"Department of State",014-25-1031,"Global Health Programs",2023,"Budget Authority",0
014,"Department of State",014-25-1031,"Global Health Programs",2023,"Funding Total",51.225862
014,"Department of State",014-05-5515,"H&L Fraud Prevention and Detection Fee",2023,"CIO Authority",0
014,"Department of State",014-05-5515,"H&L Fraud Prevention and Detection Fee",2023,"Budget Authority",0
014,"Department of State",014-05-5515,"H&L Fraud Prevention and Detection Fee",2023,"Funding Total",16.613
014,"Department of State",014-05-0529,"Office of Inspector General",2023,"CIO Authority",0
014,"Department of State",014-05-0529,"Office of Inspector General",2023,"Budget Authority",0
014,"Department of State",014-05-0529,"Office of Inspector General",2023,"Funding Total",3.192
014,"Department of State",014-05-0113,"Diplomatic Programs",2024,"CIO Authority",675.975003
014,"Department of State",014-05-0113,"Diplomatic Programs",2024,"Budget Authority",1134.62061
014,"Department of State",014-05-0113,"Diplomatic Programs",2024,"Funding Total",1218.743307
014,"Department of State",014-05-0120,"Capital Investment Fund",2024,"CIO Authority",491.594004
014,"Department of State",014-05-0120,"Capital Investment Fund",2024,"Budget Authority",268.20881
014,"Department of State",014-05-0120,"Capital Investment Fund",2024,"Funding Total",301.201672
014,"Department of State",014-05-5713,"Consular and Border Security Programs",2024,"CIO Authority",285.12
014,"Department of State",014-05-5713,"Consular and Border Security Programs",2024,"Budget Authority",663.666
014,"Department of State",014-05-5713,"Consular and Border Security Programs",2024,"Funding Total",677.051
014,"Department of State",014-05-4519,"Working Capital Fund",2024,"CIO Authority",53.855261
014,"Department of State",014-05-4519,"Working Capital Fund",2024,"Budget Authority",87.46081
014,"Department of State",014-05-4519,"Working Capital Fund",2024,"Funding Total",217.790021
014,"Department of State",014-25-1143,"Migration and Refugee Assistance",2024,"CIO Authority",0
014,"Department of State",014-25-1143,"Migration and Refugee Assistance",2024,"Budget Authority",47.449183
014,"Department of State",014-25-1143,"Migration and Refugee Assistance",2024,"Funding Total",47.736117
014,"Department of State",014-25-1022,"International Narcotics Control and Law Enforcement",2024,"CIO Authority",0
014,"Department of State",014-25-1022,"International Narcotics Control and Law Enforcement",2024,"Budget Authority",12
014,"Department of State",014-25-1022,"International Narcotics Control and Law Enforcement",2024,"Funding Total",35.7
014,"Department of State",014-05-0209,"Educational and Cultural Exchange Programs",2024,"CIO Authority",0
014,"Department of State",014-05-0209,"Educational and Cultural Exchange Programs",2024,"Budget Authority",22.832
014,"Department of State",014-05-0209,"Educational and Cultural Exchange Programs",2024,"Funding Total",19.656
014,"Department of State",014-25-5177,"International Litigation Fund",2024,"CIO Authority",0
014,"Department of State",014-25-5177,"International Litigation Fund",2024,"Budget Authority",2.48
014,"Department of State",014-25-5177,"International Litigation Fund",2024,"Funding Total",2.48
014,"Department of State",014-05-0529,"Office of Inspector General",2024,"CIO Authority",0
014,"Department of State",014-05-0529,"Office of Inspector General",2024,"Budget Authority",3.234
014,"Department of State",014-05-0529,"Office of Inspector General",2024,"Funding Total",3.234
014,"Department of State",014-05-0535,"Embassy Security, Construction, and Maintenance",2024,"CIO Authority",0
014,"Department of State",014-05-0535,"Embassy Security, Construction, and Maintenance",2024,"Budget Authority",42.85
014,"Department of State",014-05-0535,"Embassy Security, Construction, and Maintenance",2024,"Funding Total",42.85
014,"Department of State",014-05-5515,"H&L Fraud Prevention and Detection Fee",2024,"CIO Authority",0
014,"Department of State",014-05-5515,"H&L Fraud Prevention and Detection Fee",2024,"Budget Authority",0
014,"Department of State",014-05-5515,"H&L Fraud Prevention and Detection Fee",2024,"Funding Total",15.137
014,"Department of State",014-25-1031,"Global Health Programs",2024,"CIO Authority",0
014,"Department of State",014-25-1031,"Global Health Programs",2024,"Budget Authority",44.655493
014,"Department of State",014-25-1031,"Global Health Programs",2024,"Funding Total",61.448434
014,"Department of State",014-05-0520,"Protection of Foreign Missions and Officials",2024,"CIO Authority",0
014,"Department of State",014-05-0520,"Protection of Foreign Missions and Officials",2024,"Budget Authority",0
014,"Department of State",014-05-0520,"Protection of Foreign Missions and Officials",2024,"Funding Total",5.208822
014,"Department of State",014-05-0113,"Diplomatic Programs",2025,"CIO Authority",575.941514
014,"Department of State",014-05-0113,"Diplomatic Programs",2025,"Budget Authority",1201.565543
014,"Department of State",014-05-0113,"Diplomatic Programs",2025,"Funding Total",1201.228833
014,"Department of State",014-25-1031,"Global Health Programs",2025,"CIO Authority",0
014,"Department of State",014-25-1031,"Global Health Programs",2025,"Budget Authority",55
014,"Department of State",014-25-1031,"Global Health Programs",2025,"Funding Total",58.636541
014,"Department of State",014-05-0120,"Capital Investment Fund",2025,"CIO Authority",406.639997
014,"Department of State",014-05-0120,"Capital Investment Fund",2025,"Budget Authority",262.028565
014,"Department of State",014-05-0120,"Capital Investment Fund",2025,"Funding Total",289.616102
014,"Department of State",014-05-5713,"Consular and Border Security Programs",2025,"CIO Authority",292.811
014,"Department of State",014-05-5713,"Consular and Border Security Programs",2025,"Budget Authority",728.11068
014,"Department of State",014-05-5713,"Consular and Border Security Programs",2025,"Funding Total",825.15
014,"Department of State",014-25-1143,"Migration and Refugee Assistance",2025,"CIO Authority",0
014,"Department of State",014-25-1143,"Migration and Refugee Assistance",2025,"Budget Authority",50.3405
014,"Department of State",014-25-1143,"Migration and Refugee Assistance",2025,"Funding Total",50.8085
014,"Department of State",014-05-4519,"Working Capital Fund",2025,"CIO Authority",53.855261
014,"Department of State",014-05-4519,"Working Capital Fund",2025,"Budget Authority",98.045508
014,"Department of State",014-05-4519,"Working Capital Fund",2025,"Funding Total",236.697274
014,"Department of State",014-05-5515,"H&L Fraud Prevention and Detection Fee",2025,"CIO Authority",0
014,"Department of State",014-05-5515,"H&L Fraud Prevention and Detection Fee",2025,"Budget Authority",0
014,"Department of State",014-05-5515,"H&L Fraud Prevention and Detection Fee",2025,"Funding Total",0
014,"Department of State",014-05-0535,"Embassy Security, Construction, and Maintenance",2025,"CIO Authority",0
014,"Department of State",014-05-0535,"Embassy Security, Construction, and Maintenance",2025,"Budget Authority",48.85
014,"Department of State",014-05-0535,"Embassy Security, Construction, and Maintenance",2025,"Funding Total",48.85
014,"Department of State",014-05-0209,"Educational and Cultural Exchange Programs",2025,"CIO Authority",0
014,"Department of State",014-05-0209,"Educational and Cultural Exchange Programs",2025,"Budget Authority",21.538
014,"Department of State",014-05-0209,"Educational and Cultural Exchange Programs",2025,"Funding Total",21.538
014,"Department of State",014-05-0529,"Office of Inspector General",2025,"CIO Authority",0
014,"Department of State",014-05-0529,"Office of Inspector General",2025,"Budget Authority",0
014,"Department of State",014-05-0529,"Office of Inspector General",2025,"Funding Total",0
014,"Department of State",014-25-5177,"International Litigation Fund",2025,"CIO Authority",0
014,"Department of State",014-25-5177,"International Litigation Fund",2025,"Budget Authority",2.592
014,"Department of State",014-25-5177,"International Litigation Fund",2025,"Funding Total",2.592
014,"Department of State",014-05-0520,"Protection of Foreign Missions and Officials",2025,"CIO Authority",0
014,"Department of State",014-05-0520,"Protection of Foreign Missions and Officials",2025,"Budget Authority",0
014,"Department of State",014-05-0520,"Protection of Foreign Missions and Officials",2025,"Funding Total",5.469263
014,"Department of State",014-25-1022,"International Narcotics Control and Law Enforcement",2025,"CIO Authority",0
014,"Department of State",014-25-1022,"International Narcotics Control and Law Enforcement",2025,"Budget Authority",0
014,"Department of State",014-25-1022,"International Narcotics Control and Law Enforcement",2025,"Funding Total",43
015,"Department of the Treasury",015-12-0520,"Salaries and Expenses",2022,"CIO Authority",0
015,"Department of the Treasury",015-12-0520,"Salaries and Expenses",2022,"Budget Authority",0
015,"Department of the Treasury",015-12-0520,"Salaries and Expenses",2022,"Funding Total",296.971666
015,"Department of the Treasury",015-05-4560,"Treasury Franchise Fund",2022,"CIO Authority",0
015,"Department of the Treasury",015-05-4560,"Treasury Franchise Fund",2022,"Budget Authority",0
015,"Department of the Treasury",015-05-4560,"Treasury Franchise Fund",2022,"Funding Total",472.153897
015,"Department of the Treasury",015-57-8413,"Assessment Funds",2022,"CIO Authority",0
015,"Department of the Treasury",015-57-8413,"Assessment Funds",2022,"Budget Authority",0
015,"Department of the Treasury",015-57-8413,"Assessment Funds",2022,"Funding Total",246.335
015,"Department of the Treasury",015-13-1008,"Salaries and Expenses",2022,"CIO Authority",0
015,"Department of the Treasury",015-13-1008,"Salaries and Expenses",2022,"Budget Authority",0
015,"Department of the Treasury",015-13-1008,"Salaries and Expenses",2022,"Funding Total",27.488199
015,"Department of the Treasury",015-20-4502,"Bureau of Engraving and Printing Fund",2022,"CIO Authority",0
015,"Department of the Treasury",015-20-4502,"Bureau of Engraving and Printing Fund",2022,"Budget Authority",0
015,"Department of the Treasury",015-20-4502,"Bureau of Engraving and Printing Fund",2022,"Funding Total",118.108474
015,"Department of the Treasury",015-04-0173,"Salaries and Expenses",2022,"CIO Authority",0
015,"Department of the Treasury",015-04-0173,"Salaries and Expenses",2022,"Budget Authority",0
015,"Department of the Treasury",015-04-0173,"Salaries and Expenses",2022,"Funding Total",62.27867
015,"Department of the Treasury",015-05-0119,"Treasury Inspector General for Tax Administration",2022,"CIO Authority",0
015,"Department of the Treasury",015-05-0119,"Treasury Inspector General for Tax Administration",2022,"Budget Authority",0
015,"Department of the Treasury",015-05-0119,"Treasury Inspector General for Tax Administration",2022,"Funding Total",11.481757
015,"Department of the Treasury",015-05-1881,"Community Development Financial Institutions Fund Program Account",2022,"CIO Authority",0
015,"Department of the Treasury",015-05-1881,"Community Development Financial Institutions Fund Program Account",2022,"Budget Authority",0
015,"Department of the Treasury",015-05-1881,"Community Development Financial Institutions Fund Program Account",2022,"Funding Total",11.966163
015,"Department of the Treasury",015-25-4159,"United States Mint Public Enterprise Fund",2022,"CIO Authority",0
015,"Department of the Treasury",015-25-4159,"United States Mint Public Enterprise Fund",2022,"Budget Authority",0
015,"Department of the Treasury",015-25-4159,"United States Mint Public Enterprise Fund",2022,"Funding Total",50.614085
015,"Department of the Treasury",015-12-1884,"Federal Reserve Bank Reimbursement Fund",2022,"CIO Authority",0
015,"Department of the Treasury",015-12-1884,"Federal Reserve Bank Reimbursement Fund",2022,"Budget Authority",0
015,"Department of the Treasury",015-12-1884,"Federal Reserve Bank Reimbursement Fund",2022,"Funding Total",478.230732
015,"Department of the Treasury",015-05-5697,"Treasury Forfeiture Fund",2022,"CIO Authority",0
015,"Department of the Treasury",015-05-5697,"Treasury Forfeiture Fund",2022,"Budget Authority",0
015,"Department of the Treasury",015-05-5697,"Treasury Forfeiture Fund",2022,"Funding Total",22.5
015,"Department of the Treasury",015-05-1804,"Office of Terrorism and Financial Intelligence",2022,"CIO Authority",0
015,"Department of the Treasury",015-05-1804,"Office of Terrorism and Financial Intelligence",2022,"Budget Authority",0
015,"Department of the Treasury",015-05-1804,"Office of Terrorism and Financial Intelligence",2022,"Funding Total",11.506806
015,"Department of the Treasury",015-45-0921,"Business Systems Modernization",2022,"CIO Authority",0
015,"Department of the Treasury",015-45-0921,"Business Systems Modernization",2022,"Budget Authority",0
015,"Department of the Treasury",015-45-0921,"Business Systems Modernization",2022,"Funding Total",15.713978
015,"Department of the Treasury",015-05-0101,"Salaries and Expenses",2022,"CIO Authority",0
015,"Department of the Treasury",015-05-0101,"Salaries and Expenses",2022,"Budget Authority",0
015,"Department of the Treasury",015-05-0101,"Salaries and Expenses",2022,"Funding Total",13.742358
015,"Department of the Treasury",015-45-5510,"Private Collection Agent Program",2022,"CIO Authority",0
015,"Department of the Treasury",015-45-5510,"Private Collection Agent Program",2022,"Budget Authority",0
015,"Department of the Treasury",015-45-5510,"Private Collection Agent Program",2022,"Funding Total",0
015,"Department of the Treasury",015-05-1855,"Cybersecurity Enhancement Account",2022,"CIO Authority",0
015,"Department of the Treasury",015-05-1855,"Cybersecurity Enhancement Account",2022,"Budget Authority",0
015,"Department of the Treasury",015-05-1855,"Cybersecurity Enhancement Account",2022,"Funding Total",35.623156
015,"Department of the Treasury",015-45-0919,"Technology and Operations Support",2022,"CIO Authority",0
015,"Department of the Treasury",015-45-0919,"Technology and Operations Support",2022,"Budget Authority",0
015,"Department of the Treasury",015-45-0919,"Technology and Operations Support",2022,"Funding Total",488.742479
015,"Department of the Treasury",015-12-1802,"Financial Agent Services",2022,"CIO Authority",0
015,"Department of the Treasury",015-12-1802,"Financial Agent Services",2022,"Budget Authority",0
015,"Department of the Treasury",015-12-1802,"Financial Agent Services",2022,"Funding Total",197.290299
015,"Department of the Treasury",015-05-5590,"Financial Research Fund",2022,"CIO Authority",0
015,"Department of the Treasury",015-05-5590,"Financial Research Fund",2022,"Budget Authority",0
015,"Department of the Treasury",015-05-5590,"Financial Research Fund",2022,"Funding Total",6.274605
015,"Department of the Treasury",015-12-0562,"Reimbursements to Federal Reserve Banks",2022,"CIO Authority",0
015,"Department of the Treasury",015-12-0562,"Reimbursements to Federal Reserve Banks",2022,"Budget Authority",0
015,"Department of the Treasury",015-12-0562,"Reimbursements to Federal Reserve Banks",2022,"Funding Total",96.612054
015,"Department of the Treasury",015-05-0115,"Department-Wide Systems and Capital Investments Programs",2022,"CIO Authority",0
015,"Department of the Treasury",015-05-0115,"Department-Wide Systems and Capital Investments Programs",2022,"Budget Authority",0
015,"Department of the Treasury",015-05-0115,"Department-Wide Systems and Capital Investments Programs",2022,"Funding Total",0.374961
015,"Department of the Treasury",015-05-0106,"Office of Inspector General",2022,"CIO Authority",0
015,"Department of the Treasury",015-05-0106,"Office of Inspector General",2022,"Budget Authority",0
015,"Department of the Treasury",015-05-0106,"Office of Inspector General",2022,"Funding Total",0.0931
015,"Department of the Treasury",015-45-0921,"Business Systems Modernization",2023,"CIO Authority",0
015,"Department of the Treasury",015-45-0921,"Business Systems Modernization",2023,"Budget Authority",0
015,"Department of the Treasury",015-45-0921,"Business Systems Modernization",2023,"Funding Total",50.691885
015,"Department of the Treasury",015-45-0919,"Technology and Operations Support",2023,"CIO Authority",0
015,"Department of the Treasury",015-45-0919,"Technology and Operations Support",2023,"Budget Authority",0
015,"Department of the Treasury",015-45-0919,"Technology and Operations Support",2023,"Funding Total",437.428125
015,"Department of the Treasury",015-12-0520,"Salaries and Expenses",2023,"CIO Authority",0
015,"Department of the Treasury",015-12-0520,"Salaries and Expenses",2023,"Budget Authority",0
015,"Department of the Treasury",015-12-0520,"Salaries and Expenses",2023,"Funding Total",323.607088
015,"Department of the Treasury",015-12-1884,"Federal Reserve Bank Reimbursement Fund",2023,"CIO Authority",0
015,"Department of the Treasury",015-12-1884,"Federal Reserve Bank Reimbursement Fund",2023,"Budget Authority",0
015,"Department of the Treasury",015-12-1884,"Federal Reserve Bank Reimbursement Fund",2023,"Funding Total",443.850824
015,"Department of the Treasury",015-05-0101,"Salaries and Expenses",2023,"CIO Authority",12.767693
015,"Department of the Treasury",015-05-0101,"Salaries and Expenses",2023,"Budget Authority",0
015,"Department of the Treasury",015-05-0101,"Salaries and Expenses",2023,"Funding Total",14.151832
015,"Department of the Treasury",015-05-4560,"Treasury Franchise Fund",2023,"CIO Authority",0
015,"Department of the Treasury",015-05-4560,"Treasury Franchise Fund",2023,"Budget Authority",0
015,"Department of the Treasury",015-05-4560,"Treasury Franchise Fund",2023,"Funding Total",485.231599
015,"Department of the Treasury",015-05-5697,"Treasury Forfeiture Fund",2023,"CIO Authority",0
015,"Department of the Treasury",015-05-5697,"Treasury Forfeiture Fund",2023,"Budget Authority",0
015,"Department of the Treasury",015-05-5697,"Treasury Forfeiture Fund",2023,"Funding Total",13.88
015,"Department of the Treasury",015-12-1802,"Financial Agent Services",2023,"CIO Authority",0
015,"Department of the Treasury",015-12-1802,"Financial Agent Services",2023,"Budget Authority",0
015,"Department of the Treasury",015-12-1802,"Financial Agent Services",2023,"Funding Total",202.151739
015,"Department of the Treasury",015-05-0106,"Office of Inspector General",2023,"CIO Authority",0
015,"Department of the Treasury",015-05-0106,"Office of Inspector General",2023,"Budget Authority",0
015,"Department of the Treasury",015-05-0106,"Office of Inspector General",2023,"Funding Total",8.5
015,"Department of the Treasury",015-05-8524,"Capital Magnet Fund, Community Development Financial Institutions",2023,"CIO Authority",0
015,"Department of the Treasury",015-05-8524,"Capital Magnet Fund, Community Development Financial Institutions",2023,"Budget Authority",0
015,"Department of the Treasury",015-05-8524,"Capital Magnet Fund, Community Development Financial Institutions",2023,"Funding Total",0.577539
015,"Department of the Treasury",015-04-0173,"Salaries and Expenses",2023,"CIO Authority",0
015,"Department of the Treasury",015-04-0173,"Salaries and Expenses",2023,"Budget Authority",0
015,"Department of the Treasury",015-04-0173,"Salaries and Expenses",2023,"Funding Total",76.277
015,"Department of the Treasury",015-25-4159,"United States Mint Public Enterprise Fund",2023,"CIO Authority",0
015,"Department of the Treasury",015-25-4159,"United States Mint Public Enterprise Fund",2023,"Budget Authority",0
015,"Department of the Treasury",015-25-4159,"United States Mint Public Enterprise Fund",2023,"Funding Total",49.907682
015,"Department of the Treasury",015-57-8413,"Assessment Funds",2023,"CIO Authority",0
015,"Department of the Treasury",015-57-8413,"Assessment Funds",2023,"Budget Authority",0
015,"Department of the Treasury",015-57-8413,"Assessment Funds",2023,"Funding Total",248.5
015,"Department of the Treasury",015-05-5590,"Financial Research Fund",2023,"CIO Authority",0
015,"Department of the Treasury",015-05-5590,"Financial Research Fund",2023,"Budget Authority",0
015,"Department of the Treasury",015-05-5590,"Financial Research Fund",2023,"Funding Total",31.232994
015,"Department of the Treasury",015-45-5510,"Private Collection Agent Program",2023,"CIO Authority",0
015,"Department of the Treasury",015-45-5510,"Private Collection Agent Program",2023,"Budget Authority",0
015,"Department of the Treasury",015-45-5510,"Private Collection Agent Program",2023,"Funding Total",0
015,"Department of the Treasury",015-13-1008,"Salaries and Expenses",2023,"CIO Authority",0
015,"Department of the Treasury",015-13-1008,"Salaries and Expenses",2023,"Budget Authority",0
015,"Department of the Treasury",015-13-1008,"Salaries and Expenses",2023,"Funding Total",41.095325
015,"Department of the Treasury",015-05-0115,"Department-Wide Systems and Capital Investments Programs",2023,"CIO Authority",0
015,"Department of the Treasury",015-05-0115,"Department-Wide Systems and Capital Investments Programs",2023,"Budget Authority",0
015,"Department of the Treasury",015-05-0115,"Department-Wide Systems and Capital Investments Programs",2023,"Funding Total",0
015,"Department of the Treasury",015-20-4502,"Bureau of Engraving and Printing Fund",2023,"CIO Authority",0
015,"Department of the Treasury",015-20-4502,"Bureau of Engraving and Printing Fund",2023,"Budget Authority",0
015,"Department of the Treasury",015-20-4502,"Bureau of Engraving and Printing Fund",2023,"Funding Total",131.125
015,"Department of the Treasury",015-05-1804,"Office of Terrorism and Financial Intelligence",2023,"CIO Authority",0
015,"Department of the Treasury",015-05-1804,"Office of Terrorism and Financial Intelligence",2023,"Budget Authority",0
015,"Department of the Treasury",015-05-1804,"Office of Terrorism and Financial Intelligence",2023,"Funding Total",12.35472
015,"Department of the Treasury",015-05-1881,"Community Development Financial Institutions Fund Program Account",2023,"CIO Authority",0
015,"Department of the Treasury",015-05-1881,"Community Development Financial Institutions Fund Program Account",2023,"Budget Authority",0
015,"Department of the Treasury",015-05-1881,"Community Development Financial Institutions Fund Program Account",2023,"Funding Total",12.462453
015,"Department of the Treasury",015-05-1855,"Cybersecurity Enhancement Account",2023,"CIO Authority",0
015,"Department of the Treasury",015-05-1855,"Cybersecurity Enhancement Account",2023,"Budget Authority",0
015,"Department of the Treasury",015-05-1855,"Cybersecurity Enhancement Account",2023,"Funding Total",55.797498
015,"Department of the Treasury",015-05-0119,"Treasury Inspector General for Tax Administration",2023,"CIO Authority",0
015,"Department of the Treasury",015-05-0119,"Treasury Inspector General for Tax Administration",2023,"Budget Authority",0
015,"Department of the Treasury",015-05-0119,"Treasury Inspector General for Tax Administration",2023,"Funding Total",17.950749
015,"Department of the Treasury",015-12-0562,"Reimbursements to Federal Reserve Banks",2023,"CIO Authority",0
015,"Department of the Treasury",015-12-0562,"Reimbursements to Federal Reserve Banks",2023,"Budget Authority",0
015,"Department of the Treasury",015-12-0562,"Reimbursements to Federal Reserve Banks",2023,"Funding Total",126.252061
015,"Department of the Treasury",015-05-0160,"Community Development Financial Institutions Fund Program, Emergency Support",2023,"CIO Authority",0
015,"Department of the Treasury",015-05-0160,"Community Development Financial Institutions Fund Program, Emergency Support",2023,"Budget Authority",0
015,"Department of the Treasury",015-05-0160,"Community Development Financial Institutions Fund Program, Emergency Support",2023,"Funding Total",0.467933
015,"Department of the Treasury",015-45-0912,"Taxpayer Services",2023,"CIO Authority",0
015,"Department of the Treasury",015-45-0912,"Taxpayer Services",2023,"Budget Authority",0
015,"Department of the Treasury",015-45-0912,"Taxpayer Services",2023,"Funding Total",0.280656
015,"Department of the Treasury",015-57-8413,"Assessment Funds",2024,"CIO Authority",0
015,"Department of the Treasury",015-57-8413,"Assessment Funds",2024,"Budget Authority",0
015,"Department of the Treasury",015-57-8413,"Assessment Funds",2024,"Funding Total",276.323634
015,"Department of the Treasury",015-05-4560,"Treasury Franchise Fund",2024,"CIO Authority",0
015,"Department of the Treasury",015-05-4560,"Treasury Franchise Fund",2024,"Budget Authority",0
015,"Department of the Treasury",015-05-4560,"Treasury Franchise Fund",2024,"Funding Total",726.341602
015,"Department of the Treasury",015-05-1881,"Community Development Financial Institutions Fund Program Account",2024,"CIO Authority",0
015,"Department of the Treasury",015-05-1881,"Community Development Financial Institutions Fund Program Account",2024,"Budget Authority",0
015,"Department of the Treasury",015-05-1881,"Community Development Financial Institutions Fund Program Account",2024,"Funding Total",10.197946
015,"Department of the Treasury",015-45-0921,"Business Systems Modernization",2024,"CIO Authority",0
015,"Department of the Treasury",015-45-0921,"Business Systems Modernization",2024,"Budget Authority",0
015,"Department of the Treasury",015-45-0921,"Business Systems Modernization",2024,"Funding Total",1376.092402
015,"Department of the Treasury",015-45-0919,"Technology and Operations Support",2024,"CIO Authority",0
015,"Department of the Treasury",015-45-0919,"Technology and Operations Support",2024,"Budget Authority",0
015,"Department of the Treasury",015-45-0919,"Technology and Operations Support",2024,"Funding Total",3834.651022
015,"Department of the Treasury",015-12-0520,"Salaries and Expenses",2024,"CIO Authority",0
015,"Department of the Treasury",015-12-0520,"Salaries and Expenses",2024,"Budget Authority",0
015,"Department of the Treasury",015-12-0520,"Salaries and Expenses",2024,"Funding Total",374.159495
015,"Department of the Treasury",015-05-0119,"Treasury Inspector General for Tax Administration",2024,"CIO Authority",0
015,"Department of the Treasury",015-05-0119,"Treasury Inspector General for Tax Administration",2024,"Budget Authority",0
015,"Department of the Treasury",015-05-0119,"Treasury Inspector General for Tax Administration",2024,"Funding Total",15.23556
015,"Department of the Treasury",015-20-4502,"Bureau of Engraving and Printing Fund",2024,"CIO Authority",0
015,"Department of the Treasury",015-20-4502,"Bureau of Engraving and Printing Fund",2024,"Budget Authority",0
015,"Department of the Treasury",015-20-4502,"Bureau of Engraving and Printing Fund",2024,"Funding Total",159.027373
015,"Department of the Treasury",015-12-1884,"Federal Reserve Bank Reimbursement Fund",2024,"CIO Authority",0
015,"Department of the Treasury",015-12-1884,"Federal Reserve Bank Reimbursement Fund",2024,"Budget Authority",0
015,"Department of the Treasury",015-12-1884,"Federal Reserve Bank Reimbursement Fund",2024,"Funding Total",486.845922
015,"Department of the Treasury",015-05-0101,"Salaries and Expenses",2024,"CIO Authority",16.47516
015,"Department of the Treasury",015-05-0101,"Salaries and Expenses",2024,"Budget Authority",0
015,"Department of the Treasury",015-05-0101,"Salaries and Expenses",2024,"Funding Total",17.98907
015,"Department of the Treasury",015-45-5510,"Private Collection Agent Program",2024,"CIO Authority",0
015,"Department of the Treasury",015-45-5510,"Private Collection Agent Program",2024,"Budget Authority",0
015,"Department of the Treasury",015-45-5510,"Private Collection Agent Program",2024,"Funding Total",0.42346
015,"Department of the Treasury",015-04-0173,"Salaries and Expenses",2024,"CIO Authority",0
015,"Department of the Treasury",015-04-0173,"Salaries and Expenses",2024,"Budget Authority",0
015,"Department of the Treasury",015-04-0173,"Salaries and Expenses",2024,"Funding Total",82.61623
015,"Department of the Treasury",015-45-0912,"Taxpayer Services",2024,"CIO Authority",0
015,"Department of the Treasury",015-45-0912,"Taxpayer Services",2024,"Budget Authority",0
015,"Department of the Treasury",015-45-0912,"Taxpayer Services",2024,"Funding Total",0.208122
015,"Department of the Treasury",015-05-1855,"Cybersecurity Enhancement Account",2024,"CIO Authority",0
015,"Department of the Treasury",015-05-1855,"Cybersecurity Enhancement Account",2024,"Budget Authority",0
015,"Department of the Treasury",015-05-1855,"Cybersecurity Enhancement Account",2024,"Funding Total",194.784106
015,"Department of the Treasury",015-05-5590,"Financial Research Fund",2024,"CIO Authority",0
015,"Department of the Treasury",015-05-5590,"Financial Research Fund",2024,"Budget Authority",0
015,"Department of the Treasury",015-05-5590,"Financial Research Fund",2024,"Funding Total",31.744241
015,"Department of the Treasury",015-12-1802,"Financial Agent Services",2024,"CIO Authority",0
015,"Department of the Treasury",015-12-1802,"Financial Agent Services",2024,"Budget Authority",0
015,"Department of the Treasury",015-12-1802,"Financial Agent Services",2024,"Funding Total",303.245971
015,"Department of the Treasury",015-05-0115,"Department-Wide Systems and Capital Investments Programs",2024,"CIO Authority",0
015,"Department of the Treasury",015-05-0115,"Department-Wide Systems and Capital Investments Programs",2024,"Budget Authority",0
015,"Department of the Treasury",015-05-0115,"Department-Wide Systems and Capital Investments Programs",2024,"Funding Total",0
015,"Department of the Treasury",015-13-1008,"Salaries and Expenses",2024,"CIO Authority",0
015,"Department of the Treasury",015-13-1008,"Salaries and Expenses",2024,"Budget Authority",0
015,"Department of the Treasury",015-13-1008,"Salaries and Expenses",2024,"Funding Total",38.656882
015,"Department of the Treasury",015-25-4159,"United States Mint Public Enterprise Fund",2024,"CIO Authority",0
015,"Department of the Treasury",015-25-4159,"United States Mint Public Enterprise Fund",2024,"Budget Authority",0
015,"Department of the Treasury",015-25-4159,"United States Mint Public Enterprise Fund",2024,"Funding Total",46.672113
015,"Department of the Treasury",015-12-0562,"Reimbursements to Federal Reserve Banks",2024,"CIO Authority",0
015,"Department of the Treasury",015-12-0562,"Reimbursements to Federal Reserve Banks",2024,"Budget Authority",0
015,"Department of the Treasury",015-12-0562,"Reimbursements to Federal Reserve Banks",2024,"Funding Total",139.642073
015,"Department of the Treasury",015-05-1804,"Office of Terrorism and Financial Intelligence",2024,"CIO Authority",0
015,"Department of the Treasury",015-05-1804,"Office of Terrorism and Financial Intelligence",2024,"Budget Authority",0
015,"Department of the Treasury",015-05-1804,"Office of Terrorism and Financial Intelligence",2024,"Funding Total",8.308893
015,"Department of the Treasury",015-05-0106,"Office of Inspector General",2024,"CIO Authority",0
015,"Department of the Treasury",015-05-0106,"Office of Inspector General",2024,"Budget Authority",0
015,"Department of the Treasury",015-05-0106,"Office of Inspector General",2024,"Funding Total",9.5866
015,"Department of the Treasury",015-05-0160,"Community Development Financial Institutions Fund Program, Emergency Support",2024,"CIO Authority",0
015,"Department of the Treasury",015-05-0160,"Community Development Financial Institutions Fund Program, Emergency Support",2024,"Budget Authority",0
015,"Department of the Treasury",015-05-0160,"Community Development Financial Institutions Fund Program, Emergency Support",2024,"Funding Total",2.659641
015,"Department of the Treasury",015-05-8524,"Capital Magnet Fund, Community Development Financial Institutions",2024,"CIO Authority",0
015,"Department of the Treasury",015-05-8524,"Capital Magnet Fund, Community Development Financial Institutions",2024,"Budget Authority",0
015,"Department of the Treasury",015-05-8524,"Capital Magnet Fund, Community Development Financial Institutions",2024,"Funding Total",0.715713
015,"Department of the Treasury",015-05-5697,"Treasury Forfeiture Fund",2024,"CIO Authority",0
015,"Department of the Treasury",015-05-5697,"Treasury Forfeiture Fund",2024,"Budget Authority",0
015,"Department of the Treasury",015-05-5697,"Treasury Forfeiture Fund",2024,"Funding Total",4.6
015,"Department of the Treasury",015-57-8413,"Assessment Funds",2025,"CIO Authority",0
015,"Department of the Treasury",015-57-8413,"Assessment Funds",2025,"Budget Authority",0
015,"Department of the Treasury",015-57-8413,"Assessment Funds",2025,"Funding Total",276.335807
015,"Department of the Treasury",015-45-0919,"Technology and Operations Support",2025,"CIO Authority",0
015,"Department of the Treasury",015-45-0919,"Technology and Operations Support",2025,"Budget Authority",0
015,"Department of the Treasury",015-45-0919,"Technology and Operations Support",2025,"Funding Total",4727.960201
015,"Department of the Treasury",015-45-0912,"Taxpayer Services",2025,"CIO Authority",0
015,"Department of the Treasury",015-45-0912,"Taxpayer Services",2025,"Budget Authority",0
015,"Department of the Treasury",015-45-0912,"Taxpayer Services",2025,"Funding Total",0.267485
015,"Department of the Treasury",015-45-5510,"Private Collection Agent Program",2025,"CIO Authority",0
015,"Department of the Treasury",015-45-5510,"Private Collection Agent Program",2025,"Budget Authority",0
015,"Department of the Treasury",015-45-5510,"Private Collection Agent Program",2025,"Funding Total",0.098991
015,"Department of the Treasury",015-05-1855,"Cybersecurity Enhancement Account",2025,"CIO Authority",0
015,"Department of the Treasury",015-05-1855,"Cybersecurity Enhancement Account",2025,"Budget Authority",0
015,"Department of the Treasury",015-05-1855,"Cybersecurity Enhancement Account",2025,"Funding Total",36.5
015,"Department of the Treasury",015-05-1881,"Community Development Financial Institutions Fund Program Account",2025,"CIO Authority",0
015,"Department of the Treasury",015-05-1881,"Community Development Financial Institutions Fund Program Account",2025,"Budget Authority",0
015,"Department of the Treasury",015-05-1881,"Community Development Financial Institutions Fund Program Account",2025,"Funding Total",12.174255
015,"Department of the Treasury",015-12-0520,"Salaries and Expenses",2025,"CIO Authority",0
015,"Department of the Treasury",015-12-0520,"Salaries and Expenses",2025,"Budget Authority",0
015,"Department of the Treasury",015-12-0520,"Salaries and Expenses",2025,"Funding Total",402.837578
015,"Department of the Treasury",015-04-0173,"Salaries and Expenses",2025,"CIO Authority",0
015,"Department of the Treasury",015-04-0173,"Salaries and Expenses",2025,"Budget Authority",0
015,"Department of the Treasury",015-04-0173,"Salaries and Expenses",2025,"Funding Total",124.490811
015,"Department of the Treasury",015-20-4502,"Bureau of Engraving and Printing Fund",2025,"CIO Authority",0
015,"Department of the Treasury",015-20-4502,"Bureau of Engraving and Printing Fund",2025,"Budget Authority",0
015,"Department of the Treasury",015-20-4502,"Bureau of Engraving and Printing Fund",2025,"Funding Total",187.333692
015,"Department of the Treasury",015-05-5590,"Financial Research Fund",2025,"CIO Authority",0
015,"Department of the Treasury",015-05-5590,"Financial Research Fund",2025,"Budget Authority",0
015,"Department of the Treasury",015-05-5590,"Financial Research Fund",2025,"Funding Total",19.022417
015,"Department of the Treasury",015-45-0921,"Business Systems Modernization",2025,"CIO Authority",0
015,"Department of the Treasury",015-45-0921,"Business Systems Modernization",2025,"Budget Authority",0
015,"Department of the Treasury",015-45-0921,"Business Systems Modernization",2025,"Funding Total",2083.90909
015,"Department of the Treasury",015-05-4560,"Treasury Franchise Fund",2025,"CIO Authority",0
015,"Department of the Treasury",015-05-4560,"Treasury Franchise Fund",2025,"Budget Authority",0
015,"Department of the Treasury",015-05-4560,"Treasury Franchise Fund",2025,"Funding Total",726.038946
015,"Department of the Treasury",015-05-0119,"Treasury Inspector General for Tax Administration",2025,"CIO Authority",0
015,"Department of the Treasury",015-05-0119,"Treasury Inspector General for Tax Administration",2025,"Budget Authority",0
015,"Department of the Treasury",015-05-0119,"Treasury Inspector General for Tax Administration",2025,"Funding Total",16.990551
015,"Department of the Treasury",015-05-0160,"Community Development Financial Institutions Fund Program, Emergency Support",2025,"CIO Authority",0
015,"Department of the Treasury",015-05-0160,"Community Development Financial Institutions Fund Program, Emergency Support",2025,"Budget Authority",0
015,"Department of the Treasury",015-05-0160,"Community Development Financial Institutions Fund Program, Emergency Support",2025,"Funding Total",1.280942
015,"Department of the Treasury",015-05-0101,"Salaries and Expenses",2025,"CIO Authority",13.091658
015,"Department of the Treasury",015-05-0101,"Salaries and Expenses",2025,"Budget Authority",0
015,"Department of the Treasury",015-05-0101,"Salaries and Expenses",2025,"Funding Total",17.200817
015,"Department of the Treasury",015-25-4159,"United States Mint Public Enterprise Fund",2025,"CIO Authority",0
015,"Department of the Treasury",015-25-4159,"United States Mint Public Enterprise Fund",2025,"Budget Authority",0
015,"Department of the Treasury",015-25-4159,"United States Mint Public Enterprise Fund",2025,"Funding Total",43.933744
015,"Department of the Treasury",015-13-1008,"Salaries and Expenses",2025,"CIO Authority",0
015,"Department of the Treasury",015-13-1008,"Salaries and Expenses",2025,"Budget Authority",0
015,"Department of the Treasury",015-13-1008,"Salaries and Expenses",2025,"Funding Total",31.563324
015,"Department of the Treasury",015-12-1802,"Financial Agent Services",2025,"CIO Authority",0
015,"Department of the Treasury",015-12-1802,"Financial Agent Services",2025,"Budget Authority",0
015,"Department of the Treasury",015-12-1802,"Financial Agent Services",2025,"Funding Total",107.610634
015,"Department of the Treasury",015-12-1884,"Federal Reserve Bank Reimbursement Fund",2025,"CIO Authority",0
015,"Department of the Treasury",015-12-1884,"Federal Reserve Bank Reimbursement Fund",2025,"Budget Authority",0
015,"Department of the Treasury",015-12-1884,"Federal Reserve Bank Reimbursement Fund",2025,"Funding Total",496.533159
015,"Department of the Treasury",015-05-1804,"Office of Terrorism and Financial Intelligence",2025,"CIO Authority",0
015,"Department of the Treasury",015-05-1804,"Office of Terrorism and Financial Intelligence",2025,"Budget Authority",0
015,"Department of the Treasury",015-05-1804,"Office of Terrorism and Financial Intelligence",2025,"Funding Total",7.287316
015,"Department of the Treasury",015-05-0106,"Office of Inspector General",2025,"CIO Authority",0
015,"Department of the Treasury",015-05-0106,"Office of Inspector General",2025,"Budget Authority",0
015,"Department of the Treasury",015-05-0106,"Office of Inspector General",2025,"Funding Total",9.889198
015,"Department of the Treasury",015-05-0115,"Department-Wide Systems and Capital Investments Programs",2025,"CIO Authority",0
015,"Department of the Treasury",015-05-0115,"Department-Wide Systems and Capital Investments Programs",2025,"Budget Authority",0
015,"Department of the Treasury",015-05-0115,"Department-Wide Systems and Capital Investments Programs",2025,"Funding Total",0
015,"Department of the Treasury",015-05-8524,"Capital Magnet Fund, Community Development Financial Institutions",2025,"CIO Authority",0
015,"Department of the Treasury",015-05-8524,"Capital Magnet Fund, Community Development Financial Institutions",2025,"Budget Authority",0
015,"Department of the Treasury",015-05-8524,"Capital Magnet Fund, Community Development Financial Institutions",2025,"Funding Total",1.280942
015,"Department of the Treasury",015-12-0562,"Reimbursements to Federal Reserve Banks",2025,"CIO Authority",0
015,"Department of the Treasury",015-12-0562,"Reimbursements to Federal Reserve Banks",2025,"Budget Authority",0
015,"Department of the Treasury",015-12-0562,"Reimbursements to Federal Reserve Banks",2025,"Funding Total",123.254458
015,"Department of the Treasury",015-05-5697,"Treasury Forfeiture Fund",2025,"CIO Authority",0
015,"Department of the Treasury",015-05-5697,"Treasury Forfeiture Fund",2025,"Budget Authority",0
015,"Department of the Treasury",015-05-5697,"Treasury Forfeiture Fund",2025,"Funding Total",0
184,"U.S. Agency for International Development",184-15-1000,"Operating Expenses of the Agency for International Development",2022,"CIO Authority",0
184,"U.S. Agency for International Development",184-15-1000,"Operating Expenses of the Agency for International Development",2022,"Budget Authority",0
184,"U.S. Agency for International Development",184-15-1000,"Operating Expenses of the Agency for International Development",2022,"Funding Total",235.729324
184,"U.S. Agency for International Development",184-15-0300,"Capital Investment Fund of the United States Agency for International Development.",2022,"CIO Authority",0
184,"U.S. Agency for International Development",184-15-0300,"Capital Investment Fund of the United States Agency for International Development.",2022,"Budget Authority",0
184,"U.S. Agency for International Development",184-15-0300,"Capital Investment Fund of the United States Agency for International Development.",2022,"Funding Total",35.339769
184,"U.S. Agency for International Development",184-15-1021,"Development Assistance Program",2022,"CIO Authority",0
184,"U.S. Agency for International Development",184-15-1021,"Development Assistance Program",2022,"Budget Authority",0
184,"U.S. Agency for International Development",184-15-1021,"Development Assistance Program",2022,"Funding Total",6.547954
184,"U.S. Agency for International Development",184-15-9971,"Miscellaneous Trust Funds, AID",2022,"CIO Authority",0
184,"U.S. Agency for International Development",184-15-9971,"Miscellaneous Trust Funds, AID",2022,"Budget Authority",0
184,"U.S. Agency for International Development",184-15-9971,"Miscellaneous Trust Funds, AID",2022,"Funding Total",0.660771
184,"U.S. Agency for International Development",014-25-1031,"Global Health Programs",2022,"CIO Authority",0
184,"U.S. Agency for International Development",014-25-1031,"Global Health Programs",2022,"Budget Authority",0
184,"U.S. Agency for International Development",014-25-1031,"Global Health Programs",2022,"Funding Total",5.871068
184,"U.S. Agency for International Development",184-15-1027,"Transition Initiatives",2022,"CIO Authority",0
184,"U.S. Agency for International Development",184-15-1027,"Transition Initiatives",2022,"Budget Authority",0
184,"U.S. Agency for International Development",184-15-1027,"Transition Initiatives",2022,"Funding Total",3.246096
184,"U.S. Agency for International Development",184-15-0306,"Assistance for Europe, Eurasia and Central Asia",2022,"CIO Authority",0
184,"U.S. Agency for International Development",184-15-0306,"Assistance for Europe, Eurasia and Central Asia",2022,"Budget Authority",0
184,"U.S. Agency for International Development",184-15-0306,"Assistance for Europe, Eurasia and Central Asia",2022,"Funding Total",2.657576
184,"U.S. Agency for International Development",014-25-1030,"Global HIV/AIDs initiative",2022,"CIO Authority",0
184,"U.S. Agency for International Development",014-25-1030,"Global HIV/AIDs initiative",2022,"Budget Authority",0
184,"U.S. Agency for International Development",014-25-1030,"Global HIV/AIDs initiative",2022,"Funding Total",2.516491
184,"U.S. Agency for International Development",184-15-1095,"Child Survival and Health Programs",2022,"CIO Authority",0
184,"U.S. Agency for International Development",184-15-1095,"Child Survival and Health Programs",2022,"Budget Authority",0
184,"U.S. Agency for International Development",184-15-1095,"Child Survival and Health Programs",2022,"Funding Total",0.51665
184,"U.S. Agency for International Development",184-15-1035,"International Disaster Assistance",2022,"CIO Authority",0
184,"U.S. Agency for International Development",184-15-1035,"International Disaster Assistance",2022,"Budget Authority",0
184,"U.S. Agency for International Development",184-15-1035,"International Disaster Assistance",2022,"Funding Total",30.419351
184,"U.S. Agency for International Development",184-05-1037,"Economic Support Fund",2022,"CIO Authority",0
184,"U.S. Agency for International Development",184-05-1037,"Economic Support Fund",2022,"Budget Authority",0
184,"U.S. Agency for International Development",184-05-1037,"Economic Support Fund",2022,"Funding Total",1.356875
184,"U.S. Agency for International Development",184-10-1475,"Global Agriculture and Food Security Program",2022,"CIO Authority",0
184,"U.S. Agency for International Development",184-10-1475,"Global Agriculture and Food Security Program",2022,"Budget Authority",0
184,"U.S. Agency for International Development",184-10-1475,"Global Agriculture and Food Security Program",2022,"Funding Total",0.066356
184,"U.S. Agency for International Development",184-15-4513,"Working Capital Fund",2022,"CIO Authority",0
184,"U.S. Agency for International Development",184-15-4513,"Working Capital Fund",2022,"Budget Authority",0
184,"U.S. Agency for International Development",184-15-4513,"Working Capital Fund",2022,"Funding Total",0.06704
184,"U.S. Agency for International Development",184-15-1000,"Operating Expenses of the Agency for International Development",2023,"CIO Authority",176.759375
184,"U.S. Agency for International Development",184-15-1000,"Operating Expenses of the Agency for International Development",2023,"Budget Authority",176.759375
184,"U.S. Agency for International Development",184-15-1000,"Operating Expenses of the Agency for International Development",2023,"Funding Total",264.673819
184,"U.S. Agency for International Development",184-15-0300,"Capital Investment Fund of the United States Agency for International Development.",2023,"CIO Authority",88.9
184,"U.S. Agency for International Development",184-15-0300,"Capital Investment Fund of the United States Agency for International Development.",2023,"Budget Authority",88.9
184,"U.S. Agency for International Development",184-15-0300,"Capital Investment Fund of the United States Agency for International Development.",2023,"Funding Total",58.915212
184,"U.S. Agency for International Development",184-15-0306,"Assistance for Europe, Eurasia and Central Asia",2023,"CIO Authority",0.772464
184,"U.S. Agency for International Development",184-15-0306,"Assistance for Europe, Eurasia and Central Asia",2023,"Budget Authority",0.772464
184,"U.S. Agency for International Development",184-15-0306,"Assistance for Europe, Eurasia and Central Asia",2023,"Funding Total",0.656797
184,"U.S. Agency for International Development",184-15-1035,"International Disaster Assistance",2023,"CIO Authority",45.805123
184,"U.S. Agency for International Development",184-15-1035,"International Disaster Assistance",2023,"Budget Authority",45.805123
184,"U.S. Agency for International Development",184-15-1035,"International Disaster Assistance",2023,"Funding Total",34.579191
184,"U.S. Agency for International Development",014-25-1031,"Global Health Programs",2023,"CIO Authority",5.78423
184,"U.S. Agency for International Development",014-25-1031,"Global Health Programs",2023,"Budget Authority",5.78423
184,"U.S. Agency for International Development",014-25-1031,"Global Health Programs",2023,"Funding Total",4.120412
184,"U.S. Agency for International Development",184-15-1021,"Development Assistance Program",2023,"CIO Authority",5.444649
184,"U.S. Agency for International Development",184-15-1021,"Development Assistance Program",2023,"Budget Authority",5.444649
184,"U.S. Agency for International Development",184-15-1021,"Development Assistance Program",2023,"Funding Total",16.348826
184,"U.S. Agency for International Development",184-15-1027,"Transition Initiatives",2023,"CIO Authority",0.00862
184,"U.S. Agency for International Development",184-15-1027,"Transition Initiatives",2023,"Budget Authority",0.00862
184,"U.S. Agency for International Development",184-15-1027,"Transition Initiatives",2023,"Funding Total",0.754427
184,"U.S. Agency for International Development",014-25-1030,"Global HIV/AIDs initiative",2023,"CIO Authority",1.960988
184,"U.S. Agency for International Development",014-25-1030,"Global HIV/AIDs initiative",2023,"Budget Authority",1.960988
184,"U.S. Agency for International Development",014-25-1030,"Global HIV/AIDs initiative",2023,"Funding Total",3.892362
184,"U.S. Agency for International Development",184-05-1037,"Economic Support Fund",2023,"CIO Authority",0.970976
184,"U.S. Agency for International Development",184-05-1037,"Economic Support Fund",2023,"Budget Authority",0.970976
184,"U.S. Agency for International Development",184-05-1037,"Economic Support Fund",2023,"Funding Total",1.779711
184,"U.S. Agency for International Development",184-10-1475,"Global Agriculture and Food Security Program",2023,"CIO Authority",0.051306
184,"U.S. Agency for International Development",184-10-1475,"Global Agriculture and Food Security Program",2023,"Budget Authority",0.051306
184,"U.S. Agency for International Development",184-10-1475,"Global Agriculture and Food Security Program",2023,"Funding Total",0.088272
184,"U.S. Agency for International Development",184-15-1095,"Child Survival and Health Programs",2023,"CIO Authority",0.31133
184,"U.S. Agency for International Development",184-15-1095,"Child Survival and Health Programs",2023,"Budget Authority",0.31133
184,"U.S. Agency for International Development",184-15-1095,"Child Survival and Health Programs",2023,"Funding Total",0.920723
184,"U.S. Agency for International Development",184-15-9971,"Miscellaneous Trust Funds, AID",2023,"CIO Authority",0
184,"U.S. Agency for International Development",184-15-9971,"Miscellaneous Trust Funds, AID",2023,"Budget Authority",0
184,"U.S. Agency for International Development",184-15-9971,"Miscellaneous Trust Funds, AID",2023,"Funding Total",0.014
184,"U.S. Agency for International Development",184-15-4513,"Working Capital Fund",2023,"CIO Authority",0.0528
184,"U.S. Agency for International Development",184-15-4513,"Working Capital Fund",2023,"Budget Authority",0.0528
184,"U.S. Agency for International Development",184-15-4513,"Working Capital Fund",2023,"Funding Total",0
184,"U.S. Agency for International Development",184-15-1093,"Assistance for the Independent States of the Former Soviet Union",2023,"CIO Authority",0.148546
184,"U.S. Agency for International Development",184-15-1093,"Assistance for the Independent States of the Former Soviet Union",2023,"Budget Authority",0.148546
184,"U.S. Agency for International Development",184-15-1093,"Assistance for the Independent States of the Former Soviet Union",2023,"Funding Total",0
184,"U.S. Agency for International Development",184-15-1000,"Operating Expenses of the Agency for International Development",2024,"CIO Authority",229.900759
184,"U.S. Agency for International Development",184-15-1000,"Operating Expenses of the Agency for International Development",2024,"Budget Authority",229.900759
184,"U.S. Agency for International Development",184-15-1000,"Operating Expenses of the Agency for International Development",2024,"Funding Total",280.314579
184,"U.S. Agency for International Development",014-25-1030,"Global HIV/AIDs initiative",2024,"CIO Authority",1.572849
184,"U.S. Agency for International Development",014-25-1030,"Global HIV/AIDs initiative",2024,"Budget Authority",1.572849
184,"U.S. Agency for International Development",014-25-1030,"Global HIV/AIDs initiative",2024,"Funding Total",9.420455
184,"U.S. Agency for International Development",184-15-1035,"International Disaster Assistance",2024,"CIO Authority",32.344187
184,"U.S. Agency for International Development",184-15-1035,"International Disaster Assistance",2024,"Budget Authority",32.344187
184,"U.S. Agency for International Development",184-15-1035,"International Disaster Assistance",2024,"Funding Total",46.203729
184,"U.S. Agency for International Development",184-15-0300,"Capital Investment Fund of the United States Agency for International Development.",2024,"CIO Authority",102.6541
184,"U.S. Agency for International Development",184-15-0300,"Capital Investment Fund of the United States Agency for International Development.",2024,"Budget Authority",102.6541
184,"U.S. Agency for International Development",184-15-0300,"Capital Investment Fund of the United States Agency for International Development.",2024,"Funding Total",91.804835
184,"U.S. Agency for International Development",014-25-1031,"Global Health Programs",2024,"CIO Authority",3.670124
184,"U.S. Agency for International Development",014-25-1031,"Global Health Programs",2024,"Budget Authority",3.670124
184,"U.S. Agency for International Development",014-25-1031,"Global Health Programs",2024,"Funding Total",6.244722
184,"U.S. Agency for International Development",184-15-1027,"Transition Initiatives",2024,"CIO Authority",0.0212
184,"U.S. Agency for International Development",184-15-1027,"Transition Initiatives",2024,"Budget Authority",0.0212
184,"U.S. Agency for International Development",184-15-1027,"Transition Initiatives",2024,"Funding Total",0.993994
184,"U.S. Agency for International Development",184-15-9971,"Miscellaneous Trust Funds, AID",2024,"CIO Authority",0.688569
184,"U.S. Agency for International Development",184-15-9971,"Miscellaneous Trust Funds, AID",2024,"Budget Authority",0.688569
184,"U.S. Agency for International Development",184-15-9971,"Miscellaneous Trust Funds, AID",2024,"Funding Total",0.00785
184,"U.S. Agency for International Development",184-15-1021,"Development Assistance Program",2024,"CIO Authority",3.363604
184,"U.S. Agency for International Development",184-15-1021,"Development Assistance Program",2024,"Budget Authority",3.363604
184,"U.S. Agency for International Development",184-15-1021,"Development Assistance Program",2024,"Funding Total",12.084908
184,"U.S. Agency for International Development",184-15-0306,"Assistance for Europe, Eurasia and Central Asia",2024,"CIO Authority",1.058693
184,"U.S. Agency for International Development",184-15-0306,"Assistance for Europe, Eurasia and Central Asia",2024,"Budget Authority",1.058693
184,"U.S. Agency for International Development",184-15-0306,"Assistance for Europe, Eurasia and Central Asia",2024,"Funding Total",0.174862
184,"U.S. Agency for International Development",184-05-1037,"Economic Support Fund",2024,"CIO Authority",0.761584
184,"U.S. Agency for International Development",184-05-1037,"Economic Support Fund",2024,"Budget Authority",0.761584
184,"U.S. Agency for International Development",184-05-1037,"Economic Support Fund",2024,"Funding Total",2.925292
184,"U.S. Agency for International Development",184-15-1095,"Child Survival and Health Programs",2024,"CIO Authority",0.346692
184,"U.S. Agency for International Development",184-15-1095,"Child Survival and Health Programs",2024,"Budget Authority",0.346692
184,"U.S. Agency for International Development",184-15-1095,"Child Survival and Health Programs",2024,"Funding Total",1.62883
184,"U.S. Agency for International Development",184-15-4513,"Working Capital Fund",2024,"CIO Authority",0.0998
184,"U.S. Agency for International Development",184-15-4513,"Working Capital Fund",2024,"Budget Authority",0.0998
184,"U.S. Agency for International Development",184-15-4513,"Working Capital Fund",2024,"Funding Total",0
184,"U.S. Agency for International Development",184-10-1475,"Global Agriculture and Food Security Program",2024,"CIO Authority",0
184,"U.S. Agency for International Development",184-10-1475,"Global Agriculture and Food Security Program",2024,"Budget Authority",0
184,"U.S. Agency for International Development",184-10-1475,"Global Agriculture and Food Security Program",2024,"Funding Total",0.091555
184,"U.S. Agency for International Development",014-05-0113,"Diplomatic Programs",2024,"CIO Authority",0.011021
184,"U.S. Agency for International Development",014-05-0113,"Diplomatic Programs",2024,"Budget Authority",0.011021
184,"U.S. Agency for International Development",014-05-0113,"Diplomatic Programs",2024,"Funding Total",0
184,"U.S. Agency for International Development",184-15-1000,"Operating Expenses of the Agency for International Development",2025,"CIO Authority",249.004867
184,"U.S. Agency for International Development",184-15-1000,"Operating Expenses of the Agency for International Development",2025,"Budget Authority",246.058307
184,"U.S. Agency for International Development",184-15-1000,"Operating Expenses of the Agency for International Development",2025,"Funding Total",248.665416
184,"U.S. Agency for International Development",184-15-1021,"Development Assistance Program",2025,"CIO Authority",16.027965
184,"U.S. Agency for International Development",184-15-1021,"Development Assistance Program",2025,"Budget Authority",15.243419
184,"U.S. Agency for International Development",184-15-1021,"Development Assistance Program",2025,"Funding Total",11.569411
184,"U.S. Agency for International Development",184-15-1035,"International Disaster Assistance",2025,"CIO Authority",37.813508
184,"U.S. Agency for International Development",184-15-1035,"International Disaster Assistance",2025,"Budget Authority",37.913508
184,"U.S. Agency for International Development",184-15-1035,"International Disaster Assistance",2025,"Funding Total",55.828341
184,"U.S. Agency for International Development",184-15-0300,"Capital Investment Fund of the United States Agency for International Development.",2025,"CIO Authority",72.112817
184,"U.S. Agency for International Development",184-15-0300,"Capital Investment Fund of the United States Agency for International Development.",2025,"Budget Authority",70.912634
184,"U.S. Agency for International Development",184-15-0300,"Capital Investment Fund of the United States Agency for International Development.",2025,"Funding Total",71.936503
184,"U.S. Agency for International Development",184-15-0306,"Assistance for Europe, Eurasia and Central Asia",2025,"CIO Authority",0.331523
184,"U.S. Agency for International Development",184-15-0306,"Assistance for Europe, Eurasia and Central Asia",2025,"Budget Authority",0.331523
184,"U.S. Agency for International Development",184-15-0306,"Assistance for Europe, Eurasia and Central Asia",2025,"Funding Total",0.191556
184,"U.S. Agency for International Development",184-15-1095,"Child Survival and Health Programs",2025,"CIO Authority",0.213918
184,"U.S. Agency for International Development",184-15-1095,"Child Survival and Health Programs",2025,"Budget Authority",0.213918
184,"U.S. Agency for International Development",184-15-1095,"Child Survival and Health Programs",2025,"Funding Total",0.922925
184,"U.S. Agency for International Development",184-05-1037,"Economic Support Fund",2025,"CIO Authority",0.922068
184,"U.S. Agency for International Development",184-05-1037,"Economic Support Fund",2025,"Budget Authority",0.922068
184,"U.S. Agency for International Development",184-05-1037,"Economic Support Fund",2025,"Funding Total",2.473102
184,"U.S. Agency for International Development",014-25-1031,"Global Health Programs",2025,"CIO Authority",3.987764
184,"U.S. Agency for International Development",014-25-1031,"Global Health Programs",2025,"Budget Authority",3.987764
184,"U.S. Agency for International Development",014-25-1031,"Global Health Programs",2025,"Funding Total",6.912805
184,"U.S. Agency for International Development",184-15-1027,"Transition Initiatives",2025,"CIO Authority",0.007
184,"U.S. Agency for International Development",184-15-1027,"Transition Initiatives",2025,"Budget Authority",0.007
184,"U.S. Agency for International Development",184-15-1027,"Transition Initiatives",2025,"Funding Total",0.968637
184,"U.S. Agency for International Development",014-25-1030,"Global HIV/AIDs initiative",2025,"CIO Authority",2.906082
184,"U.S. Agency for International Development",014-25-1030,"Global HIV/AIDs initiative",2025,"Budget Authority",2.906082
184,"U.S. Agency for International Development",014-25-1030,"Global HIV/AIDs initiative",2025,"Funding Total",13.972804
184,"U.S. Agency for International Development",184-15-9971,"Miscellaneous Trust Funds, AID",2025,"CIO Authority",0.0174
184,"U.S. Agency for International Development",184-15-9971,"Miscellaneous Trust Funds, AID",2025,"Budget Authority",0.0174
184,"U.S. Agency for International Development",184-15-9971,"Miscellaneous Trust Funds, AID",2025,"Funding Total",0.0085
184,"U.S. Agency for International Development",014-05-0113,"Diplomatic Programs",2025,"CIO Authority",0
184,"U.S. Agency for International Development",014-05-0113,"Diplomatic Programs",2025,"Budget Authority",0
184,"U.S. Agency for International Development",014-05-0113,"Diplomatic Programs",2025,"Funding Total",0
184,"U.S. Agency for International Development",184-15-4513,"Working Capital Fund",2025,"CIO Authority",0
184,"U.S. Agency for International Development",184-15-4513,"Working Capital Fund",2025,"Budget Authority",0
184,"U.S. Agency for International Development",184-15-4513,"Working Capital Fund",2025,"Funding Total",0
184,"U.S. Agency for International Development",184-10-1475,"Global Agriculture and Food Security Program",2025,"CIO Authority",0.006253
184,"U.S. Agency for International Development",184-10-1475,"Global Agriculture and Food Security Program",2025,"Budget Authority",0.006253
184,"U.S. Agency for International Development",184-10-1475,"Global Agriculture and Food Security Program",2025,"Funding Total",0
005,"Department of Agriculture",005-68-2900,"Salaries and Expenses",2022,"CIO Authority",0
005,"Department of Agriculture",005-68-2900,"Salaries and Expenses",2022,"Budget Authority",0
005,"Department of Agriculture",005-68-2900,"Salaries and Expenses",2022,"Funding Total",13.919
005,"Department of Agriculture",005-47-2707,"RMA Salaries and Expenses",2022,"CIO Authority",0
005,"Department of Agriculture",005-47-2707,"RMA Salaries and Expenses",2022,"Budget Authority",0
005,"Department of Agriculture",005-47-2707,"RMA Salaries and Expenses",2022,"Funding Total",6.244
005,"Department of Agriculture",005-03-9913,"Office of the Secretary",2022,"CIO Authority",0
005,"Department of Agriculture",005-03-9913,"Office of the Secretary",2022,"Budget Authority",0
005,"Department of Agriculture",005-03-9913,"Office of the Secretary",2022,"Funding Total",138.411
005,"Department of Agriculture",005-25-0180,"Farm Production and Conservation Business Center",2022,"CIO Authority",0
005,"Department of Agriculture",005-25-0180,"Farm Production and Conservation Business Center",2022,"Budget Authority",0
005,"Department of Agriculture",005-25-0180,"Farm Production and Conservation Business Center",2022,"Funding Total",104.412
005,"Department of Agriculture",005-55-0403,"Salaries and Expenses",2022,"CIO Authority",0
005,"Department of Agriculture",005-55-0403,"Salaries and Expenses",2022,"Budget Authority",0
005,"Department of Agriculture",005-55-0403,"Salaries and Expenses",2022,"Funding Total",215.067
005,"Department of Agriculture",005-53-8210,"Miscellaneous contributed funds",2022,"CIO Authority",0
005,"Department of Agriculture",005-53-8210,"Miscellaneous contributed funds",2022,"Budget Authority",0
005,"Department of Agriculture",005-53-8210,"Miscellaneous contributed funds",2022,"Funding Total",35.39
005,"Department of Agriculture",005-13-1701,"Economic Research Service",2022,"CIO Authority",0
005,"Department of Agriculture",005-13-1701,"Economic Research Service",2022,"Budget Authority",0
005,"Department of Agriculture",005-13-1701,"Economic Research Service",2022,"Funding Total",16.386
005,"Department of Agriculture",005-18-1400,"Salaries and Expenses",2022,"CIO Authority",0
005,"Department of Agriculture",005-18-1400,"Salaries and Expenses",2022,"Budget Authority",0
005,"Department of Agriculture",005-18-1400,"Salaries and Expenses",2022,"Funding Total",84.844
005,"Department of Agriculture",005-04-4609,"Working Capital Fund",2022,"CIO Authority",0
005,"Department of Agriculture",005-04-4609,"Working Capital Fund",2022,"Budget Authority",0
005,"Department of Agriculture",005-04-4609,"Working Capital Fund",2022,"Funding Total",573.7
005,"Department of Agriculture",005-53-3318,"Colorado river basin salinity control program",2022,"CIO Authority",0
005,"Department of Agriculture",005-53-3318,"Colorado river basin salinity control program",2022,"Budget Authority",0
005,"Department of Agriculture",005-53-3318,"Colorado river basin salinity control program",2022,"Funding Total",0.708
005,"Department of Agriculture",005-49-0600,"Salaries and Expenses",2022,"CIO Authority",0
005,"Department of Agriculture",005-49-0600,"Salaries and Expenses",2022,"Budget Authority",0
005,"Department of Agriculture",005-49-0600,"Salaries and Expenses",2022,"Funding Total",411.248
005,"Department of Agriculture",005-84-3508,"Nutrition Programs Administration",2022,"CIO Authority",0
005,"Department of Agriculture",005-84-3508,"Nutrition Programs Administration",2022,"Budget Authority",0
005,"Department of Agriculture",005-84-3508,"Nutrition Programs Administration",2022,"Funding Total",17.902
005,"Department of Agriculture",005-45-8015,"Expenses and Refunds, Inspection and Grading of Farm Products",2022,"CIO Authority",0
005,"Department of Agriculture",005-45-8015,"Expenses and Refunds, Inspection and Grading of Farm Products",2022,"Budget Authority",0
005,"Department of Agriculture",005-45-8015,"Expenses and Refunds, Inspection and Grading of Farm Products",2022,"Funding Total",61.543
005,"Department of Agriculture",005-45-5209,"Funds for Strengthening Markets, Income, and Supply (section 32)",2022,"CIO Authority",0
005,"Department of Agriculture",005-45-5209,"Funds for Strengthening Markets, Income, and Supply (section 32)",2022,"Budget Authority",0
005,"Department of Agriculture",005-45-5209,"Funds for Strengthening Markets, Income, and Supply (section 32)",2022,"Funding Total",46.56
005,"Department of Agriculture",005-84-3505,"Supplemental Nutrition Assistance Program",2022,"CIO Authority",0
005,"Department of Agriculture",005-84-3505,"Supplemental Nutrition Assistance Program",2022,"Budget Authority",0
005,"Department of Agriculture",005-84-3505,"Supplemental Nutrition Assistance Program",2022,"Funding Total",58.2
005,"Department of Agriculture",005-20-1500,"Research and Education Activities",2022,"CIO Authority",0
005,"Department of Agriculture",005-20-1500,"Research and Education Activities",2022,"Budget Authority",0
005,"Department of Agriculture",005-20-1500,"Research and Education Activities",2022,"Funding Total",27.602
005,"Department of Agriculture",005-53-1004,"Farm Security and Rural Investment Programs",2022,"CIO Authority",0
005,"Department of Agriculture",005-53-1004,"Farm Security and Rural Investment Programs",2022,"Budget Authority",0
005,"Department of Agriculture",005-53-1004,"Farm Security and Rural Investment Programs",2022,"Funding Total",226.972
005,"Department of Agriculture",005-96-1106,"National Forest System",2022,"CIO Authority",0
005,"Department of Agriculture",005-96-1106,"National Forest System",2022,"Budget Authority",0
005,"Department of Agriculture",005-96-1106,"National Forest System",2022,"Funding Total",604.713
005,"Department of Agriculture",005-49-1140,"Agricultural Credit Insurance Fund Program Account",2022,"CIO Authority",0
005,"Department of Agriculture",005-49-1140,"Agricultural Credit Insurance Fund Program Account",2022,"Budget Authority",0
005,"Department of Agriculture",005-49-1140,"Agricultural Credit Insurance Fund Program Account",2022,"Funding Total",83.733
005,"Department of Agriculture",005-35-3700,"Salaries and Expenses",2022,"CIO Authority",0
005,"Department of Agriculture",005-35-3700,"Salaries and Expenses",2022,"Budget Authority",0
005,"Department of Agriculture",005-35-3700,"Salaries and Expenses",2022,"Funding Total",155.966
005,"Department of Agriculture",005-35-8137,"Expenses and Refunds, Inspection and Grading of Farm Products",2022,"CIO Authority",0
005,"Department of Agriculture",005-35-8137,"Expenses and Refunds, Inspection and Grading of Farm Products",2022,"Budget Authority",0
005,"Department of Agriculture",005-35-8137,"Expenses and Refunds, Inspection and Grading of Farm Products",2022,"Funding Total",20.011
005,"Department of Agriculture",005-49-4336,"Commodity Credit Corporation Fund",2022,"CIO Authority",0
005,"Department of Agriculture",005-49-4336,"Commodity Credit Corporation Fund",2022,"Budget Authority",0
005,"Department of Agriculture",005-49-4336,"Commodity Credit Corporation Fund",2022,"Funding Total",30.297
005,"Department of Agriculture",005-15-1801,"National Agricultural Statistics Service",2022,"CIO Authority",0
005,"Department of Agriculture",005-15-1801,"National Agricultural Statistics Service",2022,"Budget Authority",0
005,"Department of Agriculture",005-15-1801,"National Agricultural Statistics Service",2022,"Funding Total",58.473
005,"Department of Agriculture",005-53-1000,"Private Lands Conservation Operations",2022,"CIO Authority",0
005,"Department of Agriculture",005-53-1000,"Private Lands Conservation Operations",2022,"Budget Authority",0
005,"Department of Agriculture",005-53-1000,"Private Lands Conservation Operations",2022,"Funding Total",451.753
005,"Department of Agriculture",005-63-1953,"Rural Housing Assistance Grants",2022,"CIO Authority",0
005,"Department of Agriculture",005-63-1953,"Rural Housing Assistance Grants",2022,"Budget Authority",0
005,"Department of Agriculture",005-63-1953,"Rural Housing Assistance Grants",2022,"Funding Total",0.729
005,"Department of Agriculture",005-45-2500,"Marketing Services",2022,"CIO Authority",0
005,"Department of Agriculture",005-45-2500,"Marketing Services",2022,"Budget Authority",0
005,"Department of Agriculture",005-45-2500,"Marketing Services",2022,"Funding Total",21.349
005,"Department of Agriculture",005-32-1600,"Salaries and Expenses",2022,"CIO Authority",0
005,"Department of Agriculture",005-32-1600,"Salaries and Expenses",2022,"Budget Authority",0
005,"Department of Agriculture",005-32-1600,"Salaries and Expenses",2022,"Funding Total",238.583
005,"Department of Agriculture",005-53-1010,"Resource conservation and development",2022,"CIO Authority",0
005,"Department of Agriculture",005-53-1010,"Resource conservation and development",2022,"Budget Authority",0
005,"Department of Agriculture",005-53-1010,"Resource conservation and development",2022,"Funding Total",1.327
005,"Department of Agriculture",005-08-0900,"Office of Inspector General",2022,"CIO Authority",0
005,"Department of Agriculture",005-08-0900,"Office of Inspector General",2022,"Budget Authority",0
005,"Department of Agriculture",005-08-0900,"Office of Inspector General",2022,"Funding Total",10.364
005,"Department of Agriculture",005-84-3539,"Child Nutrition Programs",2022,"CIO Authority",0
005,"Department of Agriculture",005-84-3539,"Child Nutrition Programs",2022,"Budget Authority",0
005,"Department of Agriculture",005-84-3539,"Child Nutrition Programs",2022,"Funding Total",25.522
005,"Department of Agriculture",005-53-1002,"Watershed Rehabilitation Program",2022,"CIO Authority",0
005,"Department of Agriculture",005-53-1002,"Watershed Rehabilitation Program",2022,"Budget Authority",0
005,"Department of Agriculture",005-53-1002,"Watershed Rehabilitation Program",2022,"Funding Total",4.854
005,"Department of Agriculture",005-96-4605,"Working Capital Fund",2022,"CIO Authority",0
005,"Department of Agriculture",005-96-4605,"Working Capital Fund",2022,"Budget Authority",0
005,"Department of Agriculture",005-96-4605,"Working Capital Fund",2022,"Funding Total",21.073
005,"Department of Agriculture",005-60-1230,"Rural Electrification and Telecommunications Loans Program Account",2022,"CIO Authority",0
005,"Department of Agriculture",005-60-1230,"Rural Electrification and Telecommunications Loans Program Account",2022,"Budget Authority",0
005,"Department of Agriculture",005-60-1230,"Rural Electrification and Telecommunications Loans Program Account",2022,"Funding Total",0.054
005,"Department of Agriculture",005-84-3510,"Special Supplemental Nutrition Program for Women, Infants, and Children (WIC)",2022,"CIO Authority",0
005,"Department of Agriculture",005-84-3510,"Special Supplemental Nutrition Program for Women, Infants, and Children (WIC)",2022,"Budget Authority",0
005,"Department of Agriculture",005-84-3510,"Special Supplemental Nutrition Program for Women, Infants, and Children (WIC)",2022,"Funding Total",8.769
005,"Department of Agriculture",005-04-9914,"Executive Operations",2022,"CIO Authority",0
005,"Department of Agriculture",005-04-9914,"Executive Operations",2022,"Budget Authority",0
005,"Department of Agriculture",005-04-9914,"Executive Operations",2022,"Funding Total",44.186
005,"Department of Agriculture",005-65-1907,"Rural Business Investment Program Account",2022,"CIO Authority",0
005,"Department of Agriculture",005-65-1907,"Rural Business Investment Program Account",2022,"Budget Authority",0
005,"Department of Agriculture",005-65-1907,"Rural Business Investment Program Account",2022,"Funding Total",0.052
005,"Department of Agriculture",005-49-2701,"USDA Supplemental Assistance",2022,"CIO Authority",0
005,"Department of Agriculture",005-49-2701,"USDA Supplemental Assistance",2022,"Budget Authority",0
005,"Department of Agriculture",005-49-2701,"USDA Supplemental Assistance",2022,"Funding Total",0
005,"Department of Agriculture",005-96-1115,"Wildland Fire Management",2022,"CIO Authority",0
005,"Department of Agriculture",005-96-1115,"Wildland Fire Management",2022,"Budget Authority",0
005,"Department of Agriculture",005-96-1115,"Wildland Fire Management",2022,"Funding Total",98.903
005,"Department of Agriculture",005-96-1103,"Capital Improvement and Maintenance",2022,"CIO Authority",0
005,"Department of Agriculture",005-96-1103,"Capital Improvement and Maintenance",2022,"Budget Authority",0
005,"Department of Agriculture",005-96-1103,"Capital Improvement and Maintenance",2022,"Funding Total",1.572
005,"Department of Agriculture",005-96-1122,"Forest Service Operations",2022,"CIO Authority",0
005,"Department of Agriculture",005-96-1122,"Forest Service Operations",2022,"Budget Authority",0
005,"Department of Agriculture",005-96-1122,"Forest Service Operations",2022,"Funding Total",82.446
005,"Department of Agriculture",005-65-1902,"Rural Business Program Account",2022,"CIO Authority",0
005,"Department of Agriculture",005-65-1902,"Rural Business Program Account",2022,"Budget Authority",0
005,"Department of Agriculture",005-65-1902,"Rural Business Program Account",2022,"Funding Total",0.032
005,"Department of Agriculture",005-47-4085,"Federal Crop Insurance Corporation Fund",2022,"CIO Authority",0
005,"Department of Agriculture",005-47-4085,"Federal Crop Insurance Corporation Fund",2022,"Budget Authority",0
005,"Department of Agriculture",005-47-4085,"Federal Crop Insurance Corporation Fund",2022,"Funding Total",53.409
005,"Department of Agriculture",005-63-2081,"Rural housing insurance fund program account",2022,"CIO Authority",0
005,"Department of Agriculture",005-63-2081,"Rural housing insurance fund program account",2022,"Budget Authority",0
005,"Department of Agriculture",005-63-2081,"Rural housing insurance fund program account",2022,"Funding Total",0.52
005,"Department of Agriculture",005-65-4223,"Rural Business and Industry Direct Loans Financing Account",2022,"CIO Authority",0
005,"Department of Agriculture",005-65-4223,"Rural Business and Industry Direct Loans Financing Account",2022,"Budget Authority",0
005,"Department of Agriculture",005-65-4223,"Rural Business and Industry Direct Loans Financing Account",2022,"Funding Total",0.001
005,"Department of Agriculture",005-53-3336,"Forestry incentives program",2022,"CIO Authority",0
005,"Department of Agriculture",005-53-3336,"Forestry incentives program",2022,"Budget Authority",0
005,"Department of Agriculture",005-53-3336,"Forestry incentives program",2022,"Funding Total",10.211
005,"Department of Agriculture",005-96-9974,"Forest Service Trust Funds",2022,"CIO Authority",0
005,"Department of Agriculture",005-96-9974,"Forest Service Trust Funds",2022,"Budget Authority",0
005,"Department of Agriculture",005-96-9974,"Forest Service Trust Funds",2022,"Funding Total",13.26
005,"Department of Agriculture",005-45-5070,"Perishable Agricultural Commodities Act Fund",2022,"CIO Authority",0
005,"Department of Agriculture",005-45-5070,"Perishable Agricultural Commodities Act Fund",2022,"Budget Authority",0
005,"Department of Agriculture",005-45-5070,"Perishable Agricultural Commodities Act Fund",2022,"Funding Total",0.636
005,"Department of Agriculture",005-96-1104,"Forest and Rangeland Research",2022,"CIO Authority",0
005,"Department of Agriculture",005-96-1104,"Forest and Rangeland Research",2022,"Budget Authority",0
005,"Department of Agriculture",005-96-1104,"Forest and Rangeland Research",2022,"Funding Total",0
005,"Department of Agriculture",005-63-4216,"Rural housing insurance fund guaranteed loan financing account",2022,"CIO Authority",0
005,"Department of Agriculture",005-63-4216,"Rural housing insurance fund guaranteed loan financing account",2022,"Budget Authority",0
005,"Department of Agriculture",005-63-4216,"Rural housing insurance fund guaranteed loan financing account",2022,"Funding Total",0.007
005,"Department of Agriculture",005-19-0117,"Agriculture Buildings and Facilities and Rental Payments",2022,"CIO Authority",0
005,"Department of Agriculture",005-19-0117,"Agriculture Buildings and Facilities and Rental Payments",2022,"Budget Authority",0
005,"Department of Agriculture",005-19-0117,"Agriculture Buildings and Facilities and Rental Payments",2022,"Funding Total",0.035
005,"Department of Agriculture",005-04-0133,"Nonrecurring Expenses Fund",2022,"CIO Authority",0
005,"Department of Agriculture",005-04-0133,"Nonrecurring Expenses Fund",2022,"Budget Authority",0
005,"Department of Agriculture",005-04-0133,"Nonrecurring Expenses Fund",2022,"Funding Total",0.048
005,"Department of Agriculture",005-60-4208,"Rural Electrification and Telecommunications Direct Loan Financing Account",2022,"CIO Authority",0
005,"Department of Agriculture",005-60-4208,"Rural Electrification and Telecommunications Direct Loan Financing Account",2022,"Budget Authority",0
005,"Department of Agriculture",005-60-4208,"Rural Electrification and Telecommunications Direct Loan Financing Account",2022,"Funding Total",0.006
005,"Department of Agriculture",005-96-1130,"Forest Service Payments to Communities",2022,"CIO Authority",0
005,"Department of Agriculture",005-96-1130,"Forest Service Payments to Communities",2022,"Budget Authority",0
005,"Department of Agriculture",005-96-1130,"Forest Service Payments to Communities",2022,"Funding Total",8.383
005,"Department of Agriculture",005-96-1120,"FLAME Wildfire Suppression Reserve Fund",2022,"CIO Authority",0
005,"Department of Agriculture",005-96-1120,"FLAME Wildfire Suppression Reserve Fund",2022,"Budget Authority",0
005,"Department of Agriculture",005-96-1120,"FLAME Wildfire Suppression Reserve Fund",2022,"Funding Total",0.739
005,"Department of Agriculture",005-00-9006,"Adjustment for Final Economics, Agriculture",2022,"CIO Authority",0
005,"Department of Agriculture",005-00-9006,"Adjustment for Final Economics, Agriculture",2022,"Budget Authority",0
005,"Department of Agriculture",005-00-9006,"Adjustment for Final Economics, Agriculture",2022,"Funding Total",0.892
005,"Department of Agriculture",005-60-4209,"Rural Electrification and Telecommunications Guaranteed Loans Financing Account",2022,"CIO Authority",0
005,"Department of Agriculture",005-60-4209,"Rural Electrification and Telecommunications Guaranteed Loans Financing Account",2022,"Budget Authority",0
005,"Department of Agriculture",005-60-4209,"Rural Electrification and Telecommunications Guaranteed Loans Financing Account",2022,"Funding Total",0.027
005,"Department of Agriculture",005-68-4143,"Debt Reduction Financing Account",2022,"CIO Authority",0
005,"Department of Agriculture",005-68-4143,"Debt Reduction Financing Account",2022,"Budget Authority",0
005,"Department of Agriculture",005-68-4143,"Debt Reduction Financing Account",2022,"Funding Total",0.127
005,"Department of Agriculture",005-65-4033,"Rural Business Investment Program Guarantee Financing Account",2022,"CIO Authority",0
005,"Department of Agriculture",005-65-4033,"Rural Business Investment Program Guarantee Financing Account",2022,"Budget Authority",0
005,"Department of Agriculture",005-65-4033,"Rural Business Investment Program Guarantee Financing Account",2022,"Funding Total",0.006
005,"Department of Agriculture",005-18-8214,"Miscellaneous contributed funds",2022,"CIO Authority",0
005,"Department of Agriculture",005-18-8214,"Miscellaneous contributed funds",2022,"Budget Authority",0
005,"Department of Agriculture",005-18-8214,"Miscellaneous contributed funds",2022,"Funding Total",0.5
005,"Department of Agriculture",005-53-1000,"Private Lands Conservation Operations",2023,"CIO Authority",0.488
005,"Department of Agriculture",005-53-1000,"Private Lands Conservation Operations",2023,"Budget Authority",0.276
005,"Department of Agriculture",005-53-1000,"Private Lands Conservation Operations",2023,"Funding Total",444.584
005,"Department of Agriculture",005-47-2707,"RMA Salaries and Expenses",2023,"CIO Authority",0.027
005,"Department of Agriculture",005-47-2707,"RMA Salaries and Expenses",2023,"Budget Authority",0.019
005,"Department of Agriculture",005-47-2707,"RMA Salaries and Expenses",2023,"Funding Total",6.61
005,"Department of Agriculture",005-32-1600,"Salaries and Expenses",2023,"CIO Authority",132.129
005,"Department of Agriculture",005-32-1600,"Salaries and Expenses",2023,"Budget Authority",176.428
005,"Department of Agriculture",005-32-1600,"Salaries and Expenses",2023,"Funding Total",264.114
005,"Department of Agriculture",005-03-9913,"Office of the Secretary",2023,"CIO Authority",107.908
005,"Department of Agriculture",005-03-9913,"Office of the Secretary",2023,"Budget Authority",103.096
005,"Department of Agriculture",005-03-9913,"Office of the Secretary",2023,"Funding Total",106.641
005,"Department of Agriculture",005-55-0403,"Salaries and Expenses",2023,"CIO Authority",187.753
005,"Department of Agriculture",005-55-0403,"Salaries and Expenses",2023,"Budget Authority",187.753
005,"Department of Agriculture",005-55-0403,"Salaries and Expenses",2023,"Funding Total",271.936
005,"Department of Agriculture",005-49-0600,"Salaries and Expenses",2023,"CIO Authority",0.915
005,"Department of Agriculture",005-49-0600,"Salaries and Expenses",2023,"Budget Authority",0.674
005,"Department of Agriculture",005-49-0600,"Salaries and Expenses",2023,"Funding Total",387.519
005,"Department of Agriculture",005-84-3539,"Child Nutrition Programs",2023,"CIO Authority",16.457
005,"Department of Agriculture",005-84-3539,"Child Nutrition Programs",2023,"Budget Authority",16.457
005,"Department of Agriculture",005-84-3539,"Child Nutrition Programs",2023,"Funding Total",26.763
005,"Department of Agriculture",005-96-1106,"National Forest System",2023,"CIO Authority",347.362
005,"Department of Agriculture",005-96-1106,"National Forest System",2023,"Budget Authority",346.746
005,"Department of Agriculture",005-96-1106,"National Forest System",2023,"Funding Total",696.271
005,"Department of Agriculture",005-20-1500,"Research and Education Activities",2023,"CIO Authority",25.896
005,"Department of Agriculture",005-20-1500,"Research and Education Activities",2023,"Budget Authority",25.08
005,"Department of Agriculture",005-20-1500,"Research and Education Activities",2023,"Funding Total",24.531
005,"Department of Agriculture",005-25-0180,"Farm Production and Conservation Business Center",2023,"CIO Authority",0
005,"Department of Agriculture",005-25-0180,"Farm Production and Conservation Business Center",2023,"Budget Authority",0
005,"Department of Agriculture",005-25-0180,"Farm Production and Conservation Business Center",2023,"Funding Total",90.497
005,"Department of Agriculture",005-08-0900,"Office of Inspector General",2023,"CIO Authority",6.274
005,"Department of Agriculture",005-08-0900,"Office of Inspector General",2023,"Budget Authority",6.264
005,"Department of Agriculture",005-08-0900,"Office of Inspector General",2023,"Funding Total",11.134
005,"Department of Agriculture",005-63-1953,"Rural Housing Assistance Grants",2023,"CIO Authority",0.179
005,"Department of Agriculture",005-63-1953,"Rural Housing Assistance Grants",2023,"Budget Authority",0.11
005,"Department of Agriculture",005-63-1953,"Rural Housing Assistance Grants",2023,"Funding Total",1.262
005,"Department of Agriculture",005-49-4336,"Commodity Credit Corporation Fund",2023,"CIO Authority",0
005,"Department of Agriculture",005-49-4336,"Commodity Credit Corporation Fund",2023,"Budget Authority",0
005,"Department of Agriculture",005-49-4336,"Commodity Credit Corporation Fund",2023,"Funding Total",28.027
005,"Department of Agriculture",005-68-2900,"Salaries and Expenses",2023,"CIO Authority",0.036
005,"Department of Agriculture",005-68-2900,"Salaries and Expenses",2023,"Budget Authority",0.019
005,"Department of Agriculture",005-68-2900,"Salaries and Expenses",2023,"Funding Total",17.342
005,"Department of Agriculture",005-35-3700,"Salaries and Expenses",2023,"CIO Authority",128.525
005,"Department of Agriculture",005-35-3700,"Salaries and Expenses",2023,"Budget Authority",107.623
005,"Department of Agriculture",005-35-3700,"Salaries and Expenses",2023,"Funding Total",162.437
005,"Department of Agriculture",005-96-1115,"Wildland Fire Management",2023,"CIO Authority",3.006
005,"Department of Agriculture",005-96-1115,"Wildland Fire Management",2023,"Budget Authority",3.006
005,"Department of Agriculture",005-96-1115,"Wildland Fire Management",2023,"Funding Total",66.476
005,"Department of Agriculture",005-04-4609,"Working Capital Fund",2023,"CIO Authority",266.24
005,"Department of Agriculture",005-04-4609,"Working Capital Fund",2023,"Budget Authority",274.1
005,"Department of Agriculture",005-04-4609,"Working Capital Fund",2023,"Funding Total",652.613
005,"Department of Agriculture",005-45-2500,"Marketing Services",2023,"CIO Authority",3.373
005,"Department of Agriculture",005-45-2500,"Marketing Services",2023,"Budget Authority",3.361
005,"Department of Agriculture",005-45-2500,"Marketing Services",2023,"Funding Total",4.249
005,"Department of Agriculture",005-45-5209,"Funds for Strengthening Markets, Income, and Supply (section 32)",2023,"CIO Authority",43.152
005,"Department of Agriculture",005-45-5209,"Funds for Strengthening Markets, Income, and Supply (section 32)",2023,"Budget Authority",43.152
005,"Department of Agriculture",005-45-5209,"Funds for Strengthening Markets, Income, and Supply (section 32)",2023,"Funding Total",43.431
005,"Department of Agriculture",005-84-3505,"Supplemental Nutrition Assistance Program",2023,"CIO Authority",59.547
005,"Department of Agriculture",005-84-3505,"Supplemental Nutrition Assistance Program",2023,"Budget Authority",59.547
005,"Department of Agriculture",005-84-3505,"Supplemental Nutrition Assistance Program",2023,"Funding Total",85.837
005,"Department of Agriculture",005-18-1400,"Salaries and Expenses",2023,"CIO Authority",94.592
005,"Department of Agriculture",005-18-1400,"Salaries and Expenses",2023,"Budget Authority",49.18
005,"Department of Agriculture",005-18-1400,"Salaries and Expenses",2023,"Funding Total",153.241
005,"Department of Agriculture",005-53-8210,"Miscellaneous contributed funds",2023,"CIO Authority",0
005,"Department of Agriculture",005-53-8210,"Miscellaneous contributed funds",2023,"Budget Authority",0
005,"Department of Agriculture",005-53-8210,"Miscellaneous contributed funds",2023,"Funding Total",36.606
005,"Department of Agriculture",005-53-1010,"Resource conservation and development",2023,"CIO Authority",0
005,"Department of Agriculture",005-53-1010,"Resource conservation and development",2023,"Budget Authority",0
005,"Department of Agriculture",005-53-1010,"Resource conservation and development",2023,"Funding Total",1.326
005,"Department of Agriculture",005-96-1104,"Forest and Rangeland Research",2023,"CIO Authority",0
005,"Department of Agriculture",005-96-1104,"Forest and Rangeland Research",2023,"Budget Authority",0
005,"Department of Agriculture",005-96-1104,"Forest and Rangeland Research",2023,"Funding Total",0
005,"Department of Agriculture",005-65-1907,"Rural Business Investment Program Account",2023,"CIO Authority",0
005,"Department of Agriculture",005-65-1907,"Rural Business Investment Program Account",2023,"Budget Authority",0
005,"Department of Agriculture",005-65-1907,"Rural Business Investment Program Account",2023,"Funding Total",0.052
005,"Department of Agriculture",005-84-3510,"Special Supplemental Nutrition Program for Women, Infants, and Children (WIC)",2023,"CIO Authority",8.374
005,"Department of Agriculture",005-84-3510,"Special Supplemental Nutrition Program for Women, Infants, and Children (WIC)",2023,"Budget Authority",8.374
005,"Department of Agriculture",005-84-3510,"Special Supplemental Nutrition Program for Women, Infants, and Children (WIC)",2023,"Funding Total",28.034
005,"Department of Agriculture",005-47-4085,"Federal Crop Insurance Corporation Fund",2023,"CIO Authority",0
005,"Department of Agriculture",005-47-4085,"Federal Crop Insurance Corporation Fund",2023,"Budget Authority",0
005,"Department of Agriculture",005-47-4085,"Federal Crop Insurance Corporation Fund",2023,"Funding Total",49.054
005,"Department of Agriculture",005-13-1701,"Economic Research Service",2023,"CIO Authority",0.012
005,"Department of Agriculture",005-13-1701,"Economic Research Service",2023,"Budget Authority",0.005
005,"Department of Agriculture",005-13-1701,"Economic Research Service",2023,"Funding Total",19.742
005,"Department of Agriculture",005-49-1140,"Agricultural Credit Insurance Fund Program Account",2023,"CIO Authority",0
005,"Department of Agriculture",005-49-1140,"Agricultural Credit Insurance Fund Program Account",2023,"Budget Authority",0
005,"Department of Agriculture",005-49-1140,"Agricultural Credit Insurance Fund Program Account",2023,"Funding Total",79.478
005,"Department of Agriculture",005-15-1801,"National Agricultural Statistics Service",2023,"CIO Authority",14.522
005,"Department of Agriculture",005-15-1801,"National Agricultural Statistics Service",2023,"Budget Authority",13.785
005,"Department of Agriculture",005-15-1801,"National Agricultural Statistics Service",2023,"Funding Total",63.077
005,"Department of Agriculture",005-63-2081,"Rural housing insurance fund program account",2023,"CIO Authority",0.469
005,"Department of Agriculture",005-63-2081,"Rural housing insurance fund program account",2023,"Budget Authority",0.469
005,"Department of Agriculture",005-63-2081,"Rural housing insurance fund program account",2023,"Funding Total",0.52
005,"Department of Agriculture",005-96-4605,"Working Capital Fund",2023,"CIO Authority",0
005,"Department of Agriculture",005-96-4605,"Working Capital Fund",2023,"Budget Authority",0
005,"Department of Agriculture",005-96-4605,"Working Capital Fund",2023,"Funding Total",38.738
005,"Department of Agriculture",005-45-8015,"Expenses and Refunds, Inspection and Grading of Farm Products",2023,"CIO Authority",59.797
005,"Department of Agriculture",005-45-8015,"Expenses and Refunds, Inspection and Grading of Farm Products",2023,"Budget Authority",59.744
005,"Department of Agriculture",005-45-8015,"Expenses and Refunds, Inspection and Grading of Farm Products",2023,"Funding Total",86.126
005,"Department of Agriculture",005-04-9914,"Executive Operations",2023,"CIO Authority",0.004
005,"Department of Agriculture",005-04-9914,"Executive Operations",2023,"Budget Authority",0
005,"Department of Agriculture",005-04-9914,"Executive Operations",2023,"Funding Total",33.049
005,"Department of Agriculture",005-19-0117,"Agriculture Buildings and Facilities and Rental Payments",2023,"CIO Authority",0.158
005,"Department of Agriculture",005-19-0117,"Agriculture Buildings and Facilities and Rental Payments",2023,"Budget Authority",0.158
005,"Department of Agriculture",005-19-0117,"Agriculture Buildings and Facilities and Rental Payments",2023,"Funding Total",0
005,"Department of Agriculture",005-84-3508,"Nutrition Programs Administration",2023,"CIO Authority",14.118
005,"Department of Agriculture",005-84-3508,"Nutrition Programs Administration",2023,"Budget Authority",14.087
005,"Department of Agriculture",005-84-3508,"Nutrition Programs Administration",2023,"Funding Total",20.12
005,"Department of Agriculture",005-68-2278,"Food for Peace Title II Grants",2023,"CIO Authority",0
005,"Department of Agriculture",005-68-2278,"Food for Peace Title II Grants",2023,"Budget Authority",0
005,"Department of Agriculture",005-68-2278,"Food for Peace Title II Grants",2023,"Funding Total",0.342
005,"Department of Agriculture",005-96-1103,"Capital Improvement and Maintenance",2023,"CIO Authority",0
005,"Department of Agriculture",005-96-1103,"Capital Improvement and Maintenance",2023,"Budget Authority",0
005,"Department of Agriculture",005-96-1103,"Capital Improvement and Maintenance",2023,"Funding Total",3.307
005,"Department of Agriculture",005-53-1004,"Farm Security and Rural Investment Programs",2023,"CIO Authority",0
005,"Department of Agriculture",005-53-1004,"Farm Security and Rural Investment Programs",2023,"Budget Authority",0
005,"Department of Agriculture",005-53-1004,"Farm Security and Rural Investment Programs",2023,"Funding Total",238.397
005,"Department of Agriculture",005-35-8137,"Expenses and Refunds, Inspection and Grading of Farm Products",2023,"CIO Authority",0.132
005,"Department of Agriculture",005-35-8137,"Expenses and Refunds, Inspection and Grading of Farm Products",2023,"Budget Authority",0.132
005,"Department of Agriculture",005-35-8137,"Expenses and Refunds, Inspection and Grading of Farm Products",2023,"Funding Total",18.942
005,"Department of Agriculture",005-53-1002,"Watershed Rehabilitation Program",2023,"CIO Authority",0
005,"Department of Agriculture",005-53-1002,"Watershed Rehabilitation Program",2023,"Budget Authority",0
005,"Department of Agriculture",005-53-1002,"Watershed Rehabilitation Program",2023,"Funding Total",4.231
005,"Department of Agriculture",005-96-1122,"Forest Service Operations",2023,"CIO Authority",0
005,"Department of Agriculture",005-96-1122,"Forest Service Operations",2023,"Budget Authority",0
005,"Department of Agriculture",005-96-1122,"Forest Service Operations",2023,"Funding Total",53.496
005,"Department of Agriculture",005-49-2701,"USDA Supplemental Assistance",2023,"CIO Authority",0
005,"Department of Agriculture",005-49-2701,"USDA Supplemental Assistance",2023,"Budget Authority",0
005,"Department of Agriculture",005-49-2701,"USDA Supplemental Assistance",2023,"Funding Total",0
005,"Department of Agriculture",005-96-1120,"FLAME Wildfire Suppression Reserve Fund",2023,"CIO Authority",0
005,"Department of Agriculture",005-96-1120,"FLAME Wildfire Suppression Reserve Fund",2023,"Budget Authority",0
005,"Department of Agriculture",005-96-1120,"FLAME Wildfire Suppression Reserve Fund",2023,"Funding Total",0.739
005,"Department of Agriculture",005-96-1130,"Forest Service Payments to Communities",2023,"CIO Authority",0
005,"Department of Agriculture",005-96-1130,"Forest Service Payments to Communities",2023,"Budget Authority",0
005,"Department of Agriculture",005-96-1130,"Forest Service Payments to Communities",2023,"Funding Total",9.038
005,"Department of Agriculture",005-53-3336,"Forestry incentives program",2023,"CIO Authority",0
005,"Department of Agriculture",005-53-3336,"Forestry incentives program",2023,"Budget Authority",0
005,"Department of Agriculture",005-53-3336,"Forestry incentives program",2023,"Funding Total",3.93
005,"Department of Agriculture",005-60-1230,"Rural Electrification and Telecommunications Loans Program Account",2023,"CIO Authority",0.015
005,"Department of Agriculture",005-60-1230,"Rural Electrification and Telecommunications Loans Program Account",2023,"Budget Authority",0
005,"Department of Agriculture",005-60-1230,"Rural Electrification and Telecommunications Loans Program Account",2023,"Funding Total",0.054
005,"Department of Agriculture",005-60-4208,"Rural Electrification and Telecommunications Direct Loan Financing Account",2023,"CIO Authority",0.004
005,"Department of Agriculture",005-60-4208,"Rural Electrification and Telecommunications Direct Loan Financing Account",2023,"Budget Authority",0.004
005,"Department of Agriculture",005-60-4208,"Rural Electrification and Telecommunications Direct Loan Financing Account",2023,"Funding Total",0.006
005,"Department of Agriculture",005-96-1107,"Presidential Wildland Fire Contingency Reserve",2023,"CIO Authority",36.768
005,"Department of Agriculture",005-96-1107,"Presidential Wildland Fire Contingency Reserve",2023,"Budget Authority",36.768
005,"Department of Agriculture",005-96-1107,"Presidential Wildland Fire Contingency Reserve",2023,"Funding Total",0
005,"Department of Agriculture",005-65-4033,"Rural Business Investment Program Guarantee Financing Account",2023,"CIO Authority",0.004
005,"Department of Agriculture",005-65-4033,"Rural Business Investment Program Guarantee Financing Account",2023,"Budget Authority",0.004
005,"Department of Agriculture",005-65-4033,"Rural Business Investment Program Guarantee Financing Account",2023,"Funding Total",0.006
005,"Department of Agriculture",005-60-4209,"Rural Electrification and Telecommunications Guaranteed Loans Financing Account",2023,"CIO Authority",0
005,"Department of Agriculture",005-60-4209,"Rural Electrification and Telecommunications Guaranteed Loans Financing Account",2023,"Budget Authority",0
005,"Department of Agriculture",005-60-4209,"Rural Electrification and Telecommunications Guaranteed Loans Financing Account",2023,"Funding Total",0.027
005,"Department of Agriculture",005-96-9974,"Forest Service Trust Funds",2023,"CIO Authority",6.033
005,"Department of Agriculture",005-96-9974,"Forest Service Trust Funds",2023,"Budget Authority",6.033
005,"Department of Agriculture",005-96-9974,"Forest Service Trust Funds",2023,"Funding Total",9.889
005,"Department of Agriculture",005-63-4216,"Rural housing insurance fund guaranteed loan financing account",2023,"CIO Authority",0
005,"Department of Agriculture",005-63-4216,"Rural housing insurance fund guaranteed loan financing account",2023,"Budget Authority",0
005,"Department of Agriculture",005-63-4216,"Rural housing insurance fund guaranteed loan financing account",2023,"Funding Total",0.007
005,"Department of Agriculture",005-04-0133,"Nonrecurring Expenses Fund",2023,"CIO Authority",0.009
005,"Department of Agriculture",005-04-0133,"Nonrecurring Expenses Fund",2023,"Budget Authority",0.009
005,"Department of Agriculture",005-04-0133,"Nonrecurring Expenses Fund",2023,"Funding Total",0.479
005,"Department of Agriculture",005-65-1902,"Rural Business Program Account",2023,"CIO Authority",0.015
005,"Department of Agriculture",005-65-1902,"Rural Business Program Account",2023,"Budget Authority",0.005
005,"Department of Agriculture",005-65-1902,"Rural Business Program Account",2023,"Funding Total",0.032
005,"Department of Agriculture",005-68-4143,"Debt Reduction Financing Account",2023,"CIO Authority",0
005,"Department of Agriculture",005-68-4143,"Debt Reduction Financing Account",2023,"Budget Authority",0
005,"Department of Agriculture",005-68-4143,"Debt Reduction Financing Account",2023,"Funding Total",0.127
005,"Department of Agriculture",005-65-4223,"Rural Business and Industry Direct Loans Financing Account",2023,"CIO Authority",0
005,"Department of Agriculture",005-65-4223,"Rural Business and Industry Direct Loans Financing Account",2023,"Budget Authority",0
005,"Department of Agriculture",005-65-4223,"Rural Business and Industry Direct Loans Financing Account",2023,"Funding Total",0.001
005,"Department of Agriculture",005-53-3318,"Colorado river basin salinity control program",2023,"CIO Authority",0
005,"Department of Agriculture",005-53-3318,"Colorado river basin salinity control program",2023,"Budget Authority",0
005,"Department of Agriculture",005-53-3318,"Colorado river basin salinity control program",2023,"Funding Total",0.708
005,"Department of Agriculture",005-00-9006,"Adjustment for Final Economics, Agriculture",2023,"CIO Authority",0
005,"Department of Agriculture",005-00-9006,"Adjustment for Final Economics, Agriculture",2023,"Budget Authority",0
005,"Department of Agriculture",005-00-9006,"Adjustment for Final Economics, Agriculture",2023,"Funding Total",0.25
005,"Department of Agriculture",005-04-4609,"Working Capital Fund",2024,"CIO Authority",251.877
005,"Department of Agriculture",005-04-4609,"Working Capital Fund",2024,"Budget Authority",186.257
005,"Department of Agriculture",005-04-4609,"Working Capital Fund",2024,"Funding Total",791.097
005,"Department of Agriculture",005-53-1002,"Watershed Rehabilitation Program",2024,"CIO Authority",0
005,"Department of Agriculture",005-53-1002,"Watershed Rehabilitation Program",2024,"Budget Authority",0
005,"Department of Agriculture",005-53-1002,"Watershed Rehabilitation Program",2024,"Funding Total",3.848
005,"Department of Agriculture",005-55-0403,"Salaries and Expenses",2024,"CIO Authority",0
005,"Department of Agriculture",005-55-0403,"Salaries and Expenses",2024,"Budget Authority",183.911
005,"Department of Agriculture",005-55-0403,"Salaries and Expenses",2024,"Funding Total",260.47
005,"Department of Agriculture",005-84-3505,"Supplemental Nutrition Assistance Program",2024,"CIO Authority",0
005,"Department of Agriculture",005-84-3505,"Supplemental Nutrition Assistance Program",2024,"Budget Authority",60.72
005,"Department of Agriculture",005-84-3505,"Supplemental Nutrition Assistance Program",2024,"Funding Total",143.645
005,"Department of Agriculture",005-03-9913,"Office of the Secretary",2024,"CIO Authority",117.276
005,"Department of Agriculture",005-03-9913,"Office of the Secretary",2024,"Budget Authority",60.727
005,"Department of Agriculture",005-03-9913,"Office of the Secretary",2024,"Funding Total",111.106
005,"Department of Agriculture",005-96-9974,"Forest Service Trust Funds",2024,"CIO Authority",0
005,"Department of Agriculture",005-96-9974,"Forest Service Trust Funds",2024,"Budget Authority",10.235
005,"Department of Agriculture",005-96-9974,"Forest Service Trust Funds",2024,"Funding Total",11.462
005,"Department of Agriculture",005-32-1600,"Salaries and Expenses",2024,"CIO Authority",0
005,"Department of Agriculture",005-32-1600,"Salaries and Expenses",2024,"Budget Authority",142.313
005,"Department of Agriculture",005-32-1600,"Salaries and Expenses",2024,"Funding Total",245.131
005,"Department of Agriculture",005-63-4216,"Rural housing insurance fund guaranteed loan financing account",2024,"CIO Authority",0
005,"Department of Agriculture",005-63-4216,"Rural housing insurance fund guaranteed loan financing account",2024,"Budget Authority",0.007
005,"Department of Agriculture",005-63-4216,"Rural housing insurance fund guaranteed loan financing account",2024,"Funding Total",0.007
005,"Department of Agriculture",005-35-3700,"Salaries and Expenses",2024,"CIO Authority",0
005,"Department of Agriculture",005-35-3700,"Salaries and Expenses",2024,"Budget Authority",112.278
005,"Department of Agriculture",005-35-3700,"Salaries and Expenses",2024,"Funding Total",169.971
005,"Department of Agriculture",005-13-1701,"Economic Research Service",2024,"CIO Authority",0
005,"Department of Agriculture",005-13-1701,"Economic Research Service",2024,"Budget Authority",5.892
005,"Department of Agriculture",005-13-1701,"Economic Research Service",2024,"Funding Total",14.166
005,"Department of Agriculture",005-68-2900,"Salaries and Expenses",2024,"CIO Authority",0
005,"Department of Agriculture",005-68-2900,"Salaries and Expenses",2024,"Budget Authority",6.414
005,"Department of Agriculture",005-68-2900,"Salaries and Expenses",2024,"Funding Total",32.834
005,"Department of Agriculture",005-04-9914,"Executive Operations",2024,"CIO Authority",2.727
005,"Department of Agriculture",005-04-9914,"Executive Operations",2024,"Budget Authority",2.727
005,"Department of Agriculture",005-04-9914,"Executive Operations",2024,"Funding Total",49.192
005,"Department of Agriculture",005-96-1106,"National Forest System",2024,"CIO Authority",0
005,"Department of Agriculture",005-96-1106,"National Forest System",2024,"Budget Authority",584.558
005,"Department of Agriculture",005-96-1106,"National Forest System",2024,"Funding Total",758.504
005,"Department of Agriculture",005-08-0900,"Office of Inspector General",2024,"CIO Authority",8.871
005,"Department of Agriculture",005-08-0900,"Office of Inspector General",2024,"Budget Authority",8.871
005,"Department of Agriculture",005-08-0900,"Office of Inspector General",2024,"Funding Total",10.813
005,"Department of Agriculture",005-49-0600,"Salaries and Expenses",2024,"CIO Authority",0
005,"Department of Agriculture",005-49-0600,"Salaries and Expenses",2024,"Budget Authority",0.826
005,"Department of Agriculture",005-49-0600,"Salaries and Expenses",2024,"Funding Total",367.766
005,"Department of Agriculture",005-96-1122,"Forest Service Operations",2024,"CIO Authority",0
005,"Department of Agriculture",005-96-1122,"Forest Service Operations",2024,"Budget Authority",18.619
005,"Department of Agriculture",005-96-1122,"Forest Service Operations",2024,"Funding Total",70.4
005,"Department of Agriculture",005-49-4336,"Commodity Credit Corporation Fund",2024,"CIO Authority",0
005,"Department of Agriculture",005-49-4336,"Commodity Credit Corporation Fund",2024,"Budget Authority",17.67
005,"Department of Agriculture",005-49-4336,"Commodity Credit Corporation Fund",2024,"Funding Total",23.202
005,"Department of Agriculture",005-18-1400,"Salaries and Expenses",2024,"CIO Authority",0
005,"Department of Agriculture",005-18-1400,"Salaries and Expenses",2024,"Budget Authority",109.963
005,"Department of Agriculture",005-18-1400,"Salaries and Expenses",2024,"Funding Total",180.626
005,"Department of Agriculture",005-45-2500,"Marketing Services",2024,"CIO Authority",0
005,"Department of Agriculture",005-45-2500,"Marketing Services",2024,"Budget Authority",0.095
005,"Department of Agriculture",005-45-2500,"Marketing Services",2024,"Funding Total",5.353
005,"Department of Agriculture",005-53-8210,"Miscellaneous contributed funds",2024,"CIO Authority",0
005,"Department of Agriculture",005-53-8210,"Miscellaneous contributed funds",2024,"Budget Authority",0
005,"Department of Agriculture",005-53-8210,"Miscellaneous contributed funds",2024,"Funding Total",3.978
005,"Department of Agriculture",005-45-5209,"Funds for Strengthening Markets, Income, and Supply (section 32)",2024,"CIO Authority",0
005,"Department of Agriculture",005-45-5209,"Funds for Strengthening Markets, Income, and Supply (section 32)",2024,"Budget Authority",0.043
005,"Department of Agriculture",005-45-5209,"Funds for Strengthening Markets, Income, and Supply (section 32)",2024,"Funding Total",44.811
005,"Department of Agriculture",005-84-3510,"Special Supplemental Nutrition Program for Women, Infants, and Children (WIC)",2024,"CIO Authority",0
005,"Department of Agriculture",005-84-3510,"Special Supplemental Nutrition Program for Women, Infants, and Children (WIC)",2024,"Budget Authority",7.304
005,"Department of Agriculture",005-84-3510,"Special Supplemental Nutrition Program for Women, Infants, and Children (WIC)",2024,"Funding Total",38.929
005,"Department of Agriculture",005-53-1000,"Private Lands Conservation Operations",2024,"CIO Authority",0
005,"Department of Agriculture",005-53-1000,"Private Lands Conservation Operations",2024,"Budget Authority",0.383
005,"Department of Agriculture",005-53-1000,"Private Lands Conservation Operations",2024,"Funding Total",453.064
005,"Department of Agriculture",005-25-0180,"Farm Production and Conservation Business Center",2024,"CIO Authority",0
005,"Department of Agriculture",005-25-0180,"Farm Production and Conservation Business Center",2024,"Budget Authority",0
005,"Department of Agriculture",005-25-0180,"Farm Production and Conservation Business Center",2024,"Funding Total",91.692
005,"Department of Agriculture",005-53-1004,"Farm Security and Rural Investment Programs",2024,"CIO Authority",0
005,"Department of Agriculture",005-53-1004,"Farm Security and Rural Investment Programs",2024,"Budget Authority",0
005,"Department of Agriculture",005-53-1004,"Farm Security and Rural Investment Programs",2024,"Funding Total",226.943
005,"Department of Agriculture",005-20-1500,"Research and Education Activities",2024,"CIO Authority",0
005,"Department of Agriculture",005-20-1500,"Research and Education Activities",2024,"Budget Authority",27.571
005,"Department of Agriculture",005-20-1500,"Research and Education Activities",2024,"Funding Total",21.815
005,"Department of Agriculture",005-45-8015,"Expenses and Refunds, Inspection and Grading of Farm Products",2024,"CIO Authority",0
005,"Department of Agriculture",005-45-8015,"Expenses and Refunds, Inspection and Grading of Farm Products",2024,"Budget Authority",65.319
005,"Department of Agriculture",005-45-8015,"Expenses and Refunds, Inspection and Grading of Farm Products",2024,"Funding Total",91.609
005,"Department of Agriculture",005-84-3508,"Nutrition Programs Administration",2024,"CIO Authority",0
005,"Department of Agriculture",005-84-3508,"Nutrition Programs Administration",2024,"Budget Authority",18.358
005,"Department of Agriculture",005-84-3508,"Nutrition Programs Administration",2024,"Funding Total",23.647
005,"Department of Agriculture",005-96-4605,"Working Capital Fund",2024,"CIO Authority",0
005,"Department of Agriculture",005-96-4605,"Working Capital Fund",2024,"Budget Authority",0
005,"Department of Agriculture",005-96-4605,"Working Capital Fund",2024,"Funding Total",41.852
005,"Department of Agriculture",005-84-3539,"Child Nutrition Programs",2024,"CIO Authority",0
005,"Department of Agriculture",005-84-3539,"Child Nutrition Programs",2024,"Budget Authority",17.344
005,"Department of Agriculture",005-84-3539,"Child Nutrition Programs",2024,"Funding Total",32.443
005,"Department of Agriculture",005-49-1140,"Agricultural Credit Insurance Fund Program Account",2024,"CIO Authority",0
005,"Department of Agriculture",005-49-1140,"Agricultural Credit Insurance Fund Program Account",2024,"Budget Authority",0
005,"Department of Agriculture",005-49-1140,"Agricultural Credit Insurance Fund Program Account",2024,"Funding Total",71.593
005,"Department of Agriculture",005-15-1801,"National Agricultural Statistics Service",2024,"CIO Authority",0
005,"Department of Agriculture",005-15-1801,"National Agricultural Statistics Service",2024,"Budget Authority",63
005,"Department of Agriculture",005-15-1801,"National Agricultural Statistics Service",2024,"Funding Total",84.252
005,"Department of Agriculture",005-47-2707,"RMA Salaries and Expenses",2024,"CIO Authority",0
005,"Department of Agriculture",005-47-2707,"RMA Salaries and Expenses",2024,"Budget Authority",0.072
005,"Department of Agriculture",005-47-2707,"RMA Salaries and Expenses",2024,"Funding Total",28.774
005,"Department of Agriculture",005-20-0520,"National Institute of Food and Agriculture",2024,"CIO Authority",0
005,"Department of Agriculture",005-20-0520,"National Institute of Food and Agriculture",2024,"Budget Authority",0
005,"Department of Agriculture",005-20-0520,"National Institute of Food and Agriculture",2024,"Funding Total",0.003
005,"Department of Agriculture",005-96-1120,"FLAME Wildfire Suppression Reserve Fund",2024,"CIO Authority",0
005,"Department of Agriculture",005-96-1120,"FLAME Wildfire Suppression Reserve Fund",2024,"Budget Authority",0.739
005,"Department of Agriculture",005-96-1120,"FLAME Wildfire Suppression Reserve Fund",2024,"Funding Total",0.739
005,"Department of Agriculture",005-68-4143,"Debt Reduction Financing Account",2024,"CIO Authority",0
005,"Department of Agriculture",005-68-4143,"Debt Reduction Financing Account",2024,"Budget Authority",0.13
005,"Department of Agriculture",005-68-4143,"Debt Reduction Financing Account",2024,"Funding Total",0.13
005,"Department of Agriculture",005-65-4033,"Rural Business Investment Program Guarantee Financing Account",2024,"CIO Authority",0
005,"Department of Agriculture",005-65-4033,"Rural Business Investment Program Guarantee Financing Account",2024,"Budget Authority",0.006
005,"Department of Agriculture",005-65-4033,"Rural Business Investment Program Guarantee Financing Account",2024,"Funding Total",0.006
005,"Department of Agriculture",005-60-4208,"Rural Electrification and Telecommunications Direct Loan Financing Account",2024,"CIO Authority",0
005,"Department of Agriculture",005-60-4208,"Rural Electrification and Telecommunications Direct Loan Financing Account",2024,"Budget Authority",0.006
005,"Department of Agriculture",005-60-4208,"Rural Electrification and Telecommunications Direct Loan Financing Account",2024,"Funding Total",0.006
005,"Department of Agriculture",005-63-1953,"Rural Housing Assistance Grants",2024,"CIO Authority",0
005,"Department of Agriculture",005-63-1953,"Rural Housing Assistance Grants",2024,"Budget Authority",0.116
005,"Department of Agriculture",005-63-1953,"Rural Housing Assistance Grants",2024,"Funding Total",0.843
005,"Department of Agriculture",005-96-1103,"Capital Improvement and Maintenance",2024,"CIO Authority",0
005,"Department of Agriculture",005-96-1103,"Capital Improvement and Maintenance",2024,"Budget Authority",0
005,"Department of Agriculture",005-96-1103,"Capital Improvement and Maintenance",2024,"Funding Total",2.793
005,"Department of Agriculture",005-60-4209,"Rural Electrification and Telecommunications Guaranteed Loans Financing Account",2024,"CIO Authority",0
005,"Department of Agriculture",005-60-4209,"Rural Electrification and Telecommunications Guaranteed Loans Financing Account",2024,"Budget Authority",0.032
005,"Department of Agriculture",005-60-4209,"Rural Electrification and Telecommunications Guaranteed Loans Financing Account",2024,"Funding Total",0.032
005,"Department of Agriculture",005-47-4085,"Federal Crop Insurance Corporation Fund",2024,"CIO Authority",0
005,"Department of Agriculture",005-47-4085,"Federal Crop Insurance Corporation Fund",2024,"Budget Authority",0
005,"Department of Agriculture",005-47-4085,"Federal Crop Insurance Corporation Fund",2024,"Funding Total",49.236
005,"Department of Agriculture",005-19-0117,"Agriculture Buildings and Facilities and Rental Payments",2024,"CIO Authority",0
005,"Department of Agriculture",005-19-0117,"Agriculture Buildings and Facilities and Rental Payments",2024,"Budget Authority",0
005,"Department of Agriculture",005-19-0117,"Agriculture Buildings and Facilities and Rental Payments",2024,"Funding Total",0
005,"Department of Agriculture",005-04-0133,"Nonrecurring Expenses Fund",2024,"CIO Authority",0.062
005,"Department of Agriculture",005-04-0133,"Nonrecurring Expenses Fund",2024,"Budget Authority",0.062
005,"Department of Agriculture",005-04-0133,"Nonrecurring Expenses Fund",2024,"Funding Total",0.062
005,"Department of Agriculture",005-96-1115,"Wildland Fire Management",2024,"CIO Authority",0
005,"Department of Agriculture",005-96-1115,"Wildland Fire Management",2024,"Budget Authority",8.266
005,"Department of Agriculture",005-96-1115,"Wildland Fire Management",2024,"Funding Total",63.16
005,"Department of Agriculture",005-53-1010,"Resource conservation and development",2024,"CIO Authority",0
005,"Department of Agriculture",005-53-1010,"Resource conservation and development",2024,"Budget Authority",0.034
005,"Department of Agriculture",005-53-1010,"Resource conservation and development",2024,"Funding Total",1.56
005,"Department of Agriculture",005-65-1902,"Rural Business Program Account",2024,"CIO Authority",0
005,"Department of Agriculture",005-65-1902,"Rural Business Program Account",2024,"Budget Authority",0.037
005,"Department of Agriculture",005-65-1902,"Rural Business Program Account",2024,"Funding Total",0.054
005,"Department of Agriculture",005-60-1230,"Rural Electrification and Telecommunications Loans Program Account",2024,"CIO Authority",0
005,"Department of Agriculture",005-60-1230,"Rural Electrification and Telecommunications Loans Program Account",2024,"Budget Authority",0.067
005,"Department of Agriculture",005-60-1230,"Rural Electrification and Telecommunications Loans Program Account",2024,"Funding Total",0.067
005,"Department of Agriculture",005-35-8137,"Expenses and Refunds, Inspection and Grading of Farm Products",2024,"CIO Authority",0
005,"Department of Agriculture",005-35-8137,"Expenses and Refunds, Inspection and Grading of Farm Products",2024,"Budget Authority",0.132
005,"Department of Agriculture",005-35-8137,"Expenses and Refunds, Inspection and Grading of Farm Products",2024,"Funding Total",11.078
005,"Department of Agriculture",005-65-1907,"Rural Business Investment Program Account",2024,"CIO Authority",0
005,"Department of Agriculture",005-65-1907,"Rural Business Investment Program Account",2024,"Budget Authority",0.056
005,"Department of Agriculture",005-65-1907,"Rural Business Investment Program Account",2024,"Funding Total",0.056
005,"Department of Agriculture",005-65-4223,"Rural Business and Industry Direct Loans Financing Account",2024,"CIO Authority",0
005,"Department of Agriculture",005-65-4223,"Rural Business and Industry Direct Loans Financing Account",2024,"Budget Authority",0.001
005,"Department of Agriculture",005-65-4223,"Rural Business and Industry Direct Loans Financing Account",2024,"Funding Total",0.001
005,"Department of Agriculture",005-63-2081,"Rural housing insurance fund program account",2024,"CIO Authority",0
005,"Department of Agriculture",005-63-2081,"Rural housing insurance fund program account",2024,"Budget Authority",0.525
005,"Department of Agriculture",005-63-2081,"Rural housing insurance fund program account",2024,"Funding Total",0.525
005,"Department of Agriculture",005-96-1130,"Forest Service Payments to Communities",2024,"CIO Authority",0
005,"Department of Agriculture",005-96-1130,"Forest Service Payments to Communities",2024,"Budget Authority",7.801
005,"Department of Agriculture",005-96-1130,"Forest Service Payments to Communities",2024,"Funding Total",8.356
005,"Department of Agriculture",005-53-3336,"Forestry incentives program",2024,"CIO Authority",0
005,"Department of Agriculture",005-53-3336,"Forestry incentives program",2024,"Budget Authority",0
005,"Department of Agriculture",005-53-3336,"Forestry incentives program",2024,"Funding Total",1.944
005,"Department of Agriculture",005-53-3318,"Colorado river basin salinity control program",2024,"CIO Authority",0
005,"Department of Agriculture",005-53-3318,"Colorado river basin salinity control program",2024,"Budget Authority",0
005,"Department of Agriculture",005-53-3318,"Colorado river basin salinity control program",2024,"Funding Total",0.708
005,"Department of Agriculture",005-03-9913,"Office of the Secretary",2025,"CIO Authority",1.014
005,"Department of Agriculture",005-03-9913,"Office of the Secretary",2025,"Budget Authority",2.028
005,"Department of Agriculture",005-03-9913,"Office of the Secretary",2025,"Funding Total",113.986
005,"Department of Agriculture",005-49-0600,"Salaries and Expenses",2025,"CIO Authority",0
005,"Department of Agriculture",005-49-0600,"Salaries and Expenses",2025,"Budget Authority",0
005,"Department of Agriculture",005-49-0600,"Salaries and Expenses",2025,"Funding Total",333.533
005,"Department of Agriculture",005-84-3505,"Supplemental Nutrition Assistance Program",2025,"CIO Authority",44.626
005,"Department of Agriculture",005-84-3505,"Supplemental Nutrition Assistance Program",2025,"Budget Authority",89.252
005,"Department of Agriculture",005-84-3505,"Supplemental Nutrition Assistance Program",2025,"Funding Total",117.315
005,"Department of Agriculture",005-84-3510,"Special Supplemental Nutrition Program for Women, Infants, and Children (WIC)",2025,"CIO Authority",6.24
005,"Department of Agriculture",005-84-3510,"Special Supplemental Nutrition Program for Women, Infants, and Children (WIC)",2025,"Budget Authority",12.475
005,"Department of Agriculture",005-84-3510,"Special Supplemental Nutrition Program for Women, Infants, and Children (WIC)",2025,"Funding Total",17.277
005,"Department of Agriculture",005-04-4609,"Working Capital Fund",2025,"CIO Authority",88.73
005,"Department of Agriculture",005-04-4609,"Working Capital Fund",2025,"Budget Authority",193.793
005,"Department of Agriculture",005-04-4609,"Working Capital Fund",2025,"Funding Total",640.242
005,"Department of Agriculture",005-53-1000,"Private Lands Conservation Operations",2025,"CIO Authority",0.036
005,"Department of Agriculture",005-53-1000,"Private Lands Conservation Operations",2025,"Budget Authority",0
005,"Department of Agriculture",005-53-1000,"Private Lands Conservation Operations",2025,"Funding Total",417.625
005,"Department of Agriculture",005-18-1400,"Salaries and Expenses",2025,"CIO Authority",61.71
005,"Department of Agriculture",005-18-1400,"Salaries and Expenses",2025,"Budget Authority",123.449
005,"Department of Agriculture",005-18-1400,"Salaries and Expenses",2025,"Funding Total",172.68
005,"Department of Agriculture",005-53-1004,"Farm Security and Rural Investment Programs",2025,"CIO Authority",0
005,"Department of Agriculture",005-53-1004,"Farm Security and Rural Investment Programs",2025,"Budget Authority",0
005,"Department of Agriculture",005-53-1004,"Farm Security and Rural Investment Programs",2025,"Funding Total",210.957
005,"Department of Agriculture",005-96-1122,"Forest Service Operations",2025,"CIO Authority",31.78
005,"Department of Agriculture",005-96-1122,"Forest Service Operations",2025,"Budget Authority",63.557
005,"Department of Agriculture",005-96-1122,"Forest Service Operations",2025,"Funding Total",40.401
005,"Department of Agriculture",005-35-3700,"Salaries and Expenses",2025,"CIO Authority",58.19
005,"Department of Agriculture",005-35-3700,"Salaries and Expenses",2025,"Budget Authority",112.795
005,"Department of Agriculture",005-35-3700,"Salaries and Expenses",2025,"Funding Total",188.933
005,"Department of Agriculture",005-96-1130,"Forest Service Payments to Communities",2025,"CIO Authority",2.469
005,"Department of Agriculture",005-96-1130,"Forest Service Payments to Communities",2025,"Budget Authority",4.938
005,"Department of Agriculture",005-96-1130,"Forest Service Payments to Communities",2025,"Funding Total",4.087
005,"Department of Agriculture",005-96-1106,"National Forest System",2025,"CIO Authority",298.45
005,"Department of Agriculture",005-96-1106,"National Forest System",2025,"Budget Authority",597.196
005,"Department of Agriculture",005-96-1106,"National Forest System",2025,"Funding Total",700.389
005,"Department of Agriculture",005-45-8015,"Expenses and Refunds, Inspection and Grading of Farm Products",2025,"CIO Authority",0.009
005,"Department of Agriculture",005-45-8015,"Expenses and Refunds, Inspection and Grading of Farm Products",2025,"Budget Authority",0
005,"Department of Agriculture",005-45-8015,"Expenses and Refunds, Inspection and Grading of Farm Products",2025,"Funding Total",91.939
005,"Department of Agriculture",005-32-1600,"Salaries and Expenses",2025,"CIO Authority",0
005,"Department of Agriculture",005-32-1600,"Salaries and Expenses",2025,"Budget Authority",0
005,"Department of Agriculture",005-32-1600,"Salaries and Expenses",2025,"Funding Total",276.354
005,"Department of Agriculture",005-63-1953,"Rural Housing Assistance Grants",2025,"CIO Authority",0.036
005,"Department of Agriculture",005-63-1953,"Rural Housing Assistance Grants",2025,"Budget Authority",0
005,"Department of Agriculture",005-63-1953,"Rural Housing Assistance Grants",2025,"Funding Total",0.508
005,"Department of Agriculture",005-49-4336,"Commodity Credit Corporation Fund",2025,"CIO Authority",10.098
005,"Department of Agriculture",005-49-4336,"Commodity Credit Corporation Fund",2025,"Budget Authority",20.336
005,"Department of Agriculture",005-49-4336,"Commodity Credit Corporation Fund",2025,"Funding Total",25.81
005,"Department of Agriculture",005-08-0900,"Office of Inspector General",2025,"CIO Authority",0
005,"Department of Agriculture",005-08-0900,"Office of Inspector General",2025,"Budget Authority",0
005,"Department of Agriculture",005-08-0900,"Office of Inspector General",2025,"Funding Total",12.44
005,"Department of Agriculture",005-25-0180,"Farm Production and Conservation Business Center",2025,"CIO Authority",0
005,"Department of Agriculture",005-25-0180,"Farm Production and Conservation Business Center",2025,"Budget Authority",0
005,"Department of Agriculture",005-25-0180,"Farm Production and Conservation Business Center",2025,"Funding Total",94.633
005,"Department of Agriculture",005-15-1801,"National Agricultural Statistics Service",2025,"CIO Authority",28.323
005,"Department of Agriculture",005-15-1801,"National Agricultural Statistics Service",2025,"Budget Authority",56.643
005,"Department of Agriculture",005-15-1801,"National Agricultural Statistics Service",2025,"Funding Total",78.739
005,"Department of Agriculture",005-68-2900,"Salaries and Expenses",2025,"CIO Authority",96.218
005,"Department of Agriculture",005-68-2900,"Salaries and Expenses",2025,"Budget Authority",14.7
005,"Department of Agriculture",005-68-2900,"Salaries and Expenses",2025,"Funding Total",15.93
005,"Department of Agriculture",005-68-2278,"Food for Peace Title II Grants",2025,"CIO Authority",0
005,"Department of Agriculture",005-68-2278,"Food for Peace Title II Grants",2025,"Budget Authority",0.14
005,"Department of Agriculture",005-68-2278,"Food for Peace Title II Grants",2025,"Funding Total",0
005,"Department of Agriculture",005-47-2707,"RMA Salaries and Expenses",2025,"CIO Authority",0
005,"Department of Agriculture",005-47-2707,"RMA Salaries and Expenses",2025,"Budget Authority",0
005,"Department of Agriculture",005-47-2707,"RMA Salaries and Expenses",2025,"Funding Total",45.238
005,"Department of Agriculture",005-04-9914,"Executive Operations",2025,"CIO Authority",1.35
005,"Department of Agriculture",005-04-9914,"Executive Operations",2025,"Budget Authority",2.703
005,"Department of Agriculture",005-04-9914,"Executive Operations",2025,"Funding Total",16.07
005,"Department of Agriculture",005-84-3508,"Nutrition Programs Administration",2025,"CIO Authority",10.102
005,"Department of Agriculture",005-84-3508,"Nutrition Programs Administration",2025,"Budget Authority",20.115
005,"Department of Agriculture",005-84-3508,"Nutrition Programs Administration",2025,"Funding Total",30.073
005,"Department of Agriculture",005-53-3318,"Colorado river basin salinity control program",2025,"CIO Authority",0
005,"Department of Agriculture",005-53-3318,"Colorado river basin salinity control program",2025,"Budget Authority",0
005,"Department of Agriculture",005-53-3318,"Colorado river basin salinity control program",2025,"Funding Total",0.708
005,"Department of Agriculture",005-20-1500,"Research and Education Activities",2025,"CIO Authority",15.14
005,"Department of Agriculture",005-20-1500,"Research and Education Activities",2025,"Budget Authority",30.424
005,"Department of Agriculture",005-20-1500,"Research and Education Activities",2025,"Funding Total",7.435
005,"Department of Agriculture",005-55-0403,"Salaries and Expenses",2025,"CIO Authority",72.626
005,"Department of Agriculture",005-55-0403,"Salaries and Expenses",2025,"Budget Authority",145.252
005,"Department of Agriculture",005-55-0403,"Salaries and Expenses",2025,"Funding Total",236.88
005,"Department of Agriculture",005-96-4605,"Working Capital Fund",2025,"CIO Authority",0
005,"Department of Agriculture",005-96-4605,"Working Capital Fund",2025,"Budget Authority",0
005,"Department of Agriculture",005-96-4605,"Working Capital Fund",2025,"Funding Total",36.816
005,"Department of Agriculture",005-13-1701,"Economic Research Service",2025,"CIO Authority",6.604
005,"Department of Agriculture",005-13-1701,"Economic Research Service",2025,"Budget Authority",13.207
005,"Department of Agriculture",005-13-1701,"Economic Research Service",2025,"Funding Total",16.084
005,"Department of Agriculture",005-45-2500,"Marketing Services",2025,"CIO Authority",0
005,"Department of Agriculture",005-45-2500,"Marketing Services",2025,"Budget Authority",0
005,"Department of Agriculture",005-45-2500,"Marketing Services",2025,"Funding Total",4.325
005,"Department of Agriculture",005-49-1140,"Agricultural Credit Insurance Fund Program Account",2025,"CIO Authority",0
005,"Department of Agriculture",005-49-1140,"Agricultural Credit Insurance Fund Program Account",2025,"Budget Authority",0
005,"Department of Agriculture",005-49-1140,"Agricultural Credit Insurance Fund Program Account",2025,"Funding Total",60.573
005,"Department of Agriculture",005-47-4085,"Federal Crop Insurance Corporation Fund",2025,"CIO Authority",0.06
005,"Department of Agriculture",005-47-4085,"Federal Crop Insurance Corporation Fund",2025,"Budget Authority",0
005,"Department of Agriculture",005-47-4085,"Federal Crop Insurance Corporation Fund",2025,"Funding Total",48.964
005,"Department of Agriculture",005-53-8210,"Miscellaneous contributed funds",2025,"CIO Authority",0
005,"Department of Agriculture",005-53-8210,"Miscellaneous contributed funds",2025,"Budget Authority",0
005,"Department of Agriculture",005-53-8210,"Miscellaneous contributed funds",2025,"Funding Total",36.132
005,"Department of Agriculture",005-96-1115,"Wildland Fire Management",2025,"CIO Authority",36.789
005,"Department of Agriculture",005-96-1115,"Wildland Fire Management",2025,"Budget Authority",73.578
005,"Department of Agriculture",005-96-1115,"Wildland Fire Management",2025,"Funding Total",37.108
005,"Department of Agriculture",005-84-3539,"Child Nutrition Programs",2025,"CIO Authority",8.67
005,"Department of Agriculture",005-84-3539,"Child Nutrition Programs",2025,"Budget Authority",17.34
005,"Department of Agriculture",005-84-3539,"Child Nutrition Programs",2025,"Funding Total",35.298
005,"Department of Agriculture",005-35-8137,"Expenses and Refunds, Inspection and Grading of Farm Products",2025,"CIO Authority",0
005,"Department of Agriculture",005-35-8137,"Expenses and Refunds, Inspection and Grading of Farm Products",2025,"Budget Authority",0
005,"Department of Agriculture",005-35-8137,"Expenses and Refunds, Inspection and Grading of Farm Products",2025,"Funding Total",10.523
005,"Department of Agriculture",005-65-1907,"Rural Business Investment Program Account",2025,"CIO Authority",0
005,"Department of Agriculture",005-65-1907,"Rural Business Investment Program Account",2025,"Budget Authority",0
005,"Department of Agriculture",005-65-1907,"Rural Business Investment Program Account",2025,"Funding Total",0.056
005,"Department of Agriculture",005-96-1120,"FLAME Wildfire Suppression Reserve Fund",2025,"CIO Authority",0
005,"Department of Agriculture",005-96-1120,"FLAME Wildfire Suppression Reserve Fund",2025,"Budget Authority",0
005,"Department of Agriculture",005-96-1120,"FLAME Wildfire Suppression Reserve Fund",2025,"Funding Total",0.739
005,"Department of Agriculture",005-96-1103,"Capital Improvement and Maintenance",2025,"CIO Authority",0
005,"Department of Agriculture",005-96-1103,"Capital Improvement and Maintenance",2025,"Budget Authority",0
005,"Department of Agriculture",005-96-1103,"Capital Improvement and Maintenance",2025,"Funding Total",6.53
005,"Department of Agriculture",005-53-1002,"Watershed Rehabilitation Program",2025,"CIO Authority",0
005,"Department of Agriculture",005-53-1002,"Watershed Rehabilitation Program",2025,"Budget Authority",0
005,"Department of Agriculture",005-53-1002,"Watershed Rehabilitation Program",2025,"Funding Total",4.489
005,"Department of Agriculture",005-68-4143,"Debt Reduction Financing Account",2025,"CIO Authority",0
005,"Department of Agriculture",005-68-4143,"Debt Reduction Financing Account",2025,"Budget Authority",0
005,"Department of Agriculture",005-68-4143,"Debt Reduction Financing Account",2025,"Funding Total",0.13
005,"Department of Agriculture",005-96-9974,"Forest Service Trust Funds",2025,"CIO Authority",4.814
005,"Department of Agriculture",005-96-9974,"Forest Service Trust Funds",2025,"Budget Authority",9.628
005,"Department of Agriculture",005-96-9974,"Forest Service Trust Funds",2025,"Funding Total",7.091
005,"Department of Agriculture",005-53-1010,"Resource conservation and development",2025,"CIO Authority",0
005,"Department of Agriculture",005-53-1010,"Resource conservation and development",2025,"Budget Authority",0
005,"Department of Agriculture",005-53-1010,"Resource conservation and development",2025,"Funding Total",0.992
005,"Department of Agriculture",005-60-4208,"Rural Electrification and Telecommunications Direct Loan Financing Account",2025,"CIO Authority",0
005,"Department of Agriculture",005-60-4208,"Rural Electrification and Telecommunications Direct Loan Financing Account",2025,"Budget Authority",0
005,"Department of Agriculture",005-60-4208,"Rural Electrification and Telecommunications Direct Loan Financing Account",2025,"Funding Total",0.006
005,"Department of Agriculture",005-45-5209,"Funds for Strengthening Markets, Income, and Supply (section 32)",2025,"CIO Authority",0
005,"Department of Agriculture",005-45-5209,"Funds for Strengthening Markets, Income, and Supply (section 32)",2025,"Budget Authority",0
005,"Department of Agriculture",005-45-5209,"Funds for Strengthening Markets, Income, and Supply (section 32)",2025,"Funding Total",45.049
005,"Department of Agriculture",005-65-4223,"Rural Business and Industry Direct Loans Financing Account",2025,"CIO Authority",0
005,"Department of Agriculture",005-65-4223,"Rural Business and Industry Direct Loans Financing Account",2025,"Budget Authority",0
005,"Department of Agriculture",005-65-4223,"Rural Business and Industry Direct Loans Financing Account",2025,"Funding Total",0.001
005,"Department of Agriculture",005-63-2081,"Rural housing insurance fund program account",2025,"CIO Authority",0
005,"Department of Agriculture",005-63-2081,"Rural housing insurance fund program account",2025,"Budget Authority",0
005,"Department of Agriculture",005-63-2081,"Rural housing insurance fund program account",2025,"Funding Total",0.164
005,"Department of Agriculture",005-04-0133,"Nonrecurring Expenses Fund",2025,"CIO Authority",0
005,"Department of Agriculture",005-04-0133,"Nonrecurring Expenses Fund",2025,"Budget Authority",0
005,"Department of Agriculture",005-04-0133,"Nonrecurring Expenses Fund",2025,"Funding Total",6.618
005,"Department of Agriculture",005-65-1902,"Rural Business Program Account",2025,"CIO Authority",0.009
005,"Department of Agriculture",005-65-1902,"Rural Business Program Account",2025,"Budget Authority",0
005,"Department of Agriculture",005-65-1902,"Rural Business Program Account",2025,"Funding Total",0.032
005,"Department of Agriculture",005-60-1230,"Rural Electrification and Telecommunications Loans Program Account",2025,"CIO Authority",0
005,"Department of Agriculture",005-60-1230,"Rural Electrification and Telecommunications Loans Program Account",2025,"Budget Authority",0
005,"Department of Agriculture",005-60-1230,"Rural Electrification and Telecommunications Loans Program Account",2025,"Funding Total",0.067
005,"Department of Agriculture",005-60-4209,"Rural Electrification and Telecommunications Guaranteed Loans Financing Account",2025,"CIO Authority",0
005,"Department of Agriculture",005-60-4209,"Rural Electrification and Telecommunications Guaranteed Loans Financing Account",2025,"Budget Authority",0
005,"Department of Agriculture",005-60-4209,"Rural Electrification and Telecommunications Guaranteed Loans Financing Account",2025,"Funding Total",0.032
005,"Department of Agriculture",005-63-4216,"Rural housing insurance fund guaranteed loan financing account",2025,"CIO Authority",0
005,"Department of Agriculture",005-63-4216,"Rural housing insurance fund guaranteed loan financing account",2025,"Budget Authority",0
005,"Department of Agriculture",005-63-4216,"Rural housing insurance fund guaranteed loan financing account",2025,"Funding Total",0.007
005,"Department of Agriculture",005-53-3336,"Forestry incentives program",2025,"CIO Authority",0
005,"Department of Agriculture",005-53-3336,"Forestry incentives program",2025,"Budget Authority",0
005,"Department of Agriculture",005-53-3336,"Forestry incentives program",2025,"Funding Total",1.854
005,"Department of Agriculture",005-20-0520,"National Institute of Food and Agriculture",2025,"CIO Authority",0
005,"Department of Agriculture",005-20-0520,"National Institute of Food and Agriculture",2025,"Budget Authority",0
005,"Department of Agriculture",005-20-0520,"National Institute of Food and Agriculture",2025,"Funding Total",0.003
005,"Department of Agriculture",005-65-4033,"Rural Business Investment Program Guarantee Financing Account",2025,"CIO Authority",0
005,"Department of Agriculture",005-65-4033,"Rural Business Investment Program Guarantee Financing Account",2025,"Budget Authority",0
005,"Department of Agriculture",005-65-4033,"Rural Business Investment Program Guarantee Financing Account",2025,"Funding Total",0.006
029,"Department of Veterans Affairs",029-40-0167,"Information Technology Systems",2022,"CIO Authority",0
029,"Department of Veterans Affairs",029-40-0167,"Information Technology Systems",2022,"Budget Authority",0
029,"Department of Veterans Affairs",029-40-0167,"Information Technology Systems",2022,"Funding Total",4861.6260000001
029,"Department of Veterans Affairs",029-40-1124,"Recurring Expenses Transformational Fund",2022,"CIO Authority",0
029,"Department of Veterans Affairs",029-40-1124,"Recurring Expenses Transformational Fund",2022,"Budget Authority",0
029,"Department of Veterans Affairs",029-40-1124,"Recurring Expenses Transformational Fund",2022,"Funding Total",625.309
029,"Department of Veterans Affairs",029-25-4010,"Veterans Reopened Insurance Fund",2022,"CIO Authority",0
029,"Department of Veterans Affairs",029-25-4010,"Veterans Reopened Insurance Fund",2022,"Budget Authority",0
029,"Department of Veterans Affairs",029-25-4010,"Veterans Reopened Insurance Fund",2022,"Funding Total",3.274
029,"Department of Veterans Affairs",029-40-0142,"General Administration",2022,"CIO Authority",0
029,"Department of Veterans Affairs",029-40-0142,"General Administration",2022,"Budget Authority",0
029,"Department of Veterans Affairs",029-40-0142,"General Administration",2022,"Funding Total",8.045
029,"Department of Veterans Affairs",029-40-1123,"Veterans Electronic Health Care Record",2022,"CIO Authority",0
029,"Department of Veterans Affairs",029-40-1123,"Veterans Electronic Health Care Record",2022,"Budget Authority",0
029,"Department of Veterans Affairs",029-40-1123,"Veterans Electronic Health Care Record",2022,"Funding Total",2539.491
029,"Department of Veterans Affairs",029-40-4539,"Franchise Fund",2022,"CIO Authority",0
029,"Department of Veterans Affairs",029-40-4539,"Franchise Fund",2022,"Budget Authority",0
029,"Department of Veterans Affairs",029-40-4539,"Franchise Fund",2022,"Funding Total",332.762
029,"Department of Veterans Affairs",029-15-0173,"Veterans Medical Care and Health Fund",2022,"CIO Authority",0
029,"Department of Veterans Affairs",029-15-0173,"Veterans Medical Care and Health Fund",2022,"Budget Authority",0
029,"Department of Veterans Affairs",029-15-0173,"Veterans Medical Care and Health Fund",2022,"Funding Total",668.336
029,"Department of Veterans Affairs",029-40-4537,"Supply Fund",2022,"CIO Authority",0
029,"Department of Veterans Affairs",029-40-4537,"Supply Fund",2022,"Budget Authority",0
029,"Department of Veterans Affairs",029-40-4537,"Supply Fund",2022,"Funding Total",1.96
029,"Department of Veterans Affairs",029-15-4014,"Canteen Service Revolving Fund",2022,"CIO Authority",0
029,"Department of Veterans Affairs",029-15-4014,"Canteen Service Revolving Fund",2022,"Budget Authority",0
029,"Department of Veterans Affairs",029-15-4014,"Canteen Service Revolving Fund",2022,"Funding Total",1.062
029,"Department of Veterans Affairs",029-25-0102,"Compensation and Pensions",2022,"CIO Authority",0
029,"Department of Veterans Affairs",029-25-0102,"Compensation and Pensions",2022,"Budget Authority",0
029,"Department of Veterans Affairs",029-25-0102,"Compensation and Pensions",2022,"Funding Total",13.467
029,"Department of Veterans Affairs",100-55-0300,"Salaries and Expenses",2022,"CIO Authority",0
029,"Department of Veterans Affairs",100-55-0300,"Salaries and Expenses",2022,"Budget Authority",0
029,"Department of Veterans Affairs",100-55-0300,"Salaries and Expenses",2022,"Funding Total",0.073
029,"Department of Veterans Affairs",029-15-0160,"Medical Services",2022,"CIO Authority",0
029,"Department of Veterans Affairs",029-15-0160,"Medical Services",2022,"Budget Authority",0
029,"Department of Veterans Affairs",029-15-0160,"Medical Services",2022,"Funding Total",7.166
029,"Department of Veterans Affairs",029-25-1119,"Veterans Housing Benefit Program Fund",2022,"CIO Authority",0
029,"Department of Veterans Affairs",029-25-1119,"Veterans Housing Benefit Program Fund",2022,"Budget Authority",0
029,"Department of Veterans Affairs",029-25-1119,"Veterans Housing Benefit Program Fund",2022,"Funding Total",69.072
029,"Department of Veterans Affairs",029-25-4012,"Service-disabled Veterans Insurance Fund",2022,"CIO Authority",0
029,"Department of Veterans Affairs",029-25-4012,"Service-disabled Veterans Insurance Fund",2022,"Budget Authority",0
029,"Department of Veterans Affairs",029-25-4012,"Service-disabled Veterans Insurance Fund",2022,"Funding Total",11.817
029,"Department of Veterans Affairs",009-38-0522,"Center for Medicare and Medicaid Innovation",2022,"CIO Authority",0
029,"Department of Veterans Affairs",009-38-0522,"Center for Medicare and Medicaid Innovation",2022,"Budget Authority",0
029,"Department of Veterans Affairs",009-38-0522,"Center for Medicare and Medicaid Innovation",2022,"Funding Total",0.996
029,"Department of Veterans Affairs",029-40-0129,"National cemetery administration",2022,"CIO Authority",0
029,"Department of Veterans Affairs",029-40-0129,"National cemetery administration",2022,"Budget Authority",0
029,"Department of Veterans Affairs",029-40-0129,"National cemetery administration",2022,"Funding Total",0.22
029,"Department of Veterans Affairs",029-40-0170,"Office of Inspector General",2022,"CIO Authority",0
029,"Department of Veterans Affairs",029-40-0170,"Office of Inspector General",2022,"Budget Authority",0
029,"Department of Veterans Affairs",029-40-0170,"Office of Inspector General",2022,"Funding Total",0.6
029,"Department of Veterans Affairs",029-40-0167,"Information Technology Systems",2023,"CIO Authority",5782
029,"Department of Veterans Affairs",029-40-0167,"Information Technology Systems",2023,"Budget Authority",5782
029,"Department of Veterans Affairs",029-40-0167,"Information Technology Systems",2023,"Funding Total",5578.36
029,"Department of Veterans Affairs",029-15-0173,"Veterans Medical Care and Health Fund",2023,"CIO Authority",630.057
029,"Department of Veterans Affairs",029-15-0173,"Veterans Medical Care and Health Fund",2023,"Budget Authority",0
029,"Department of Veterans Affairs",029-15-0173,"Veterans Medical Care and Health Fund",2023,"Funding Total",774.174
029,"Department of Veterans Affairs",029-40-1126,"Cost of War Toxic Exposures Fund",2023,"CIO Authority",0
029,"Department of Veterans Affairs",029-40-1126,"Cost of War Toxic Exposures Fund",2023,"Budget Authority",0
029,"Department of Veterans Affairs",029-40-1126,"Cost of War Toxic Exposures Fund",2023,"Funding Total",476.502
029,"Department of Veterans Affairs",029-25-1119,"Veterans Housing Benefit Program Fund",2023,"CIO Authority",91.761
029,"Department of Veterans Affairs",029-25-1119,"Veterans Housing Benefit Program Fund",2023,"Budget Authority",0
029,"Department of Veterans Affairs",029-25-1119,"Veterans Housing Benefit Program Fund",2023,"Funding Total",99.082
029,"Department of Veterans Affairs",029-40-1123,"Veterans Electronic Health Care Record",2023,"CIO Authority",1759
029,"Department of Veterans Affairs",029-40-1123,"Veterans Electronic Health Care Record",2023,"Budget Authority",1759
029,"Department of Veterans Affairs",029-40-1123,"Veterans Electronic Health Care Record",2023,"Funding Total",1416.676
029,"Department of Veterans Affairs",029-25-4010,"Veterans Reopened Insurance Fund",2023,"CIO Authority",7.419
029,"Department of Veterans Affairs",029-25-4010,"Veterans Reopened Insurance Fund",2023,"Budget Authority",0
029,"Department of Veterans Affairs",029-25-4010,"Veterans Reopened Insurance Fund",2023,"Funding Total",4.756
029,"Department of Veterans Affairs",029-40-4539,"Franchise Fund",2023,"CIO Authority",309.677
029,"Department of Veterans Affairs",029-40-4539,"Franchise Fund",2023,"Budget Authority",0
029,"Department of Veterans Affairs",029-40-4539,"Franchise Fund",2023,"Funding Total",10.317
029,"Department of Veterans Affairs",029-40-1124,"Recurring Expenses Transformational Fund",2023,"CIO Authority",0
029,"Department of Veterans Affairs",029-40-1124,"Recurring Expenses Transformational Fund",2023,"Budget Authority",0
029,"Department of Veterans Affairs",029-40-1124,"Recurring Expenses Transformational Fund",2023,"Funding Total",8.196
029,"Department of Veterans Affairs",029-40-0142,"General Administration",2023,"CIO Authority",5.265
029,"Department of Veterans Affairs",029-40-0142,"General Administration",2023,"Budget Authority",0
029,"Department of Veterans Affairs",029-40-0142,"General Administration",2023,"Funding Total",25.005
029,"Department of Veterans Affairs",029-25-0102,"Compensation and Pensions",2023,"CIO Authority",6.919
029,"Department of Veterans Affairs",029-25-0102,"Compensation and Pensions",2023,"Budget Authority",0
029,"Department of Veterans Affairs",029-25-0102,"Compensation and Pensions",2023,"Funding Total",19.86
029,"Department of Veterans Affairs",009-38-0522,"Center for Medicare and Medicaid Innovation",2023,"CIO Authority",0
029,"Department of Veterans Affairs",009-38-0522,"Center for Medicare and Medicaid Innovation",2023,"Budget Authority",0
029,"Department of Veterans Affairs",009-38-0522,"Center for Medicare and Medicaid Innovation",2023,"Funding Total",1.046
029,"Department of Veterans Affairs",029-40-0129,"National cemetery administration",2023,"CIO Authority",0.5
029,"Department of Veterans Affairs",029-40-0129,"National cemetery administration",2023,"Budget Authority",0
029,"Department of Veterans Affairs",029-40-0129,"National cemetery administration",2023,"Funding Total",0.15
029,"Department of Veterans Affairs",029-15-4014,"Canteen Service Revolving Fund",2023,"CIO Authority",2.822
029,"Department of Veterans Affairs",029-15-4014,"Canteen Service Revolving Fund",2023,"Budget Authority",0
029,"Department of Veterans Affairs",029-15-4014,"Canteen Service Revolving Fund",2023,"Funding Total",4.035
029,"Department of Veterans Affairs",029-25-8132,"National Service Life Insurance Fund",2023,"CIO Authority",0
029,"Department of Veterans Affairs",029-25-8132,"National Service Life Insurance Fund",2023,"Budget Authority",0
029,"Department of Veterans Affairs",029-25-8132,"National Service Life Insurance Fund",2023,"Funding Total",13.439
029,"Department of Veterans Affairs",029-15-0169,"Joint Department of Defense-Department of Veterans Affairs Medical Facility Demonstration Fund",2023,"CIO Authority",0
029,"Department of Veterans Affairs",029-15-0169,"Joint Department of Defense-Department of Veterans Affairs Medical Facility Demonstration Fund",2023,"Budget Authority",0
029,"Department of Veterans Affairs",029-15-0169,"Joint Department of Defense-Department of Veterans Affairs Medical Facility Demonstration Fund",2023,"Funding Total",0.783
029,"Department of Veterans Affairs",029-40-4537,"Supply Fund",2023,"CIO Authority",2.716
029,"Department of Veterans Affairs",029-40-4537,"Supply Fund",2023,"Budget Authority",0
029,"Department of Veterans Affairs",029-40-4537,"Supply Fund",2023,"Funding Total",2.387
029,"Department of Veterans Affairs",029-15-0160,"Medical Services",2023,"CIO Authority",0
029,"Department of Veterans Affairs",029-15-0160,"Medical Services",2023,"Budget Authority",0
029,"Department of Veterans Affairs",029-15-0160,"Medical Services",2023,"Funding Total",1.576
029,"Department of Veterans Affairs",029-40-0170,"Office of Inspector General",2023,"CIO Authority",0.987
029,"Department of Veterans Affairs",029-40-0170,"Office of Inspector General",2023,"Budget Authority",0
029,"Department of Veterans Affairs",029-40-0170,"Office of Inspector General",2023,"Funding Total",0.682
029,"Department of Veterans Affairs",029-40-0167,"Information Technology Systems",2024,"CIO Authority",7714.612
029,"Department of Veterans Affairs",029-40-0167,"Information Technology Systems",2024,"Budget Authority",6401
029,"Department of Veterans Affairs",029-40-0167,"Information Technology Systems",2024,"Funding Total",7941.838
029,"Department of Veterans Affairs",029-40-1123,"Veterans Electronic Health Care Record",2024,"CIO Authority",1862.535
029,"Department of Veterans Affairs",029-40-1123,"Veterans Electronic Health Care Record",2024,"Budget Authority",1862.535
029,"Department of Veterans Affairs",029-40-1123,"Veterans Electronic Health Care Record",2024,"Funding Total",1714.1
029,"Department of Veterans Affairs",029-15-0160,"Medical Services",2024,"CIO Authority",7.165
029,"Department of Veterans Affairs",029-15-0160,"Medical Services",2024,"Budget Authority",0
029,"Department of Veterans Affairs",029-15-0160,"Medical Services",2024,"Funding Total",4.897
029,"Department of Veterans Affairs",029-15-4014,"Canteen Service Revolving Fund",2024,"CIO Authority",3.281
029,"Department of Veterans Affairs",029-15-4014,"Canteen Service Revolving Fund",2024,"Budget Authority",0
029,"Department of Veterans Affairs",029-15-4014,"Canteen Service Revolving Fund",2024,"Funding Total",3.319
029,"Department of Veterans Affairs",029-40-4537,"Supply Fund",2024,"CIO Authority",3.294
029,"Department of Veterans Affairs",029-40-4537,"Supply Fund",2024,"Budget Authority",0
029,"Department of Veterans Affairs",029-40-4537,"Supply Fund",2024,"Funding Total",4.064
029,"Department of Veterans Affairs",029-25-8132,"National Service Life Insurance Fund",2024,"CIO Authority",0
029,"Department of Veterans Affairs",029-25-8132,"National Service Life Insurance Fund",2024,"Budget Authority",0
029,"Department of Veterans Affairs",029-25-8132,"National Service Life Insurance Fund",2024,"Funding Total",8.237
029,"Department of Veterans Affairs",029-40-4539,"Franchise Fund",2024,"CIO Authority",363.351
029,"Department of Veterans Affairs",029-40-4539,"Franchise Fund",2024,"Budget Authority",0
029,"Department of Veterans Affairs",029-40-4539,"Franchise Fund",2024,"Funding Total",9.889
029,"Department of Veterans Affairs",029-15-0169,"Joint Department of Defense-Department of Veterans Affairs Medical Facility Demonstration Fund",2024,"CIO Authority",0
029,"Department of Veterans Affairs",029-15-0169,"Joint Department of Defense-Department of Veterans Affairs Medical Facility Demonstration Fund",2024,"Budget Authority",0
029,"Department of Veterans Affairs",029-15-0169,"Joint Department of Defense-Department of Veterans Affairs Medical Facility Demonstration Fund",2024,"Funding Total",0.524
029,"Department of Veterans Affairs",029-40-0142,"General Administration",2024,"CIO Authority",5.276
029,"Department of Veterans Affairs",029-40-0142,"General Administration",2024,"Budget Authority",0
029,"Department of Veterans Affairs",029-40-0142,"General Administration",2024,"Funding Total",82.23
029,"Department of Veterans Affairs",029-25-4010,"Veterans Reopened Insurance Fund",2024,"CIO Authority",4.011
029,"Department of Veterans Affairs",029-25-4010,"Veterans Reopened Insurance Fund",2024,"Budget Authority",0
029,"Department of Veterans Affairs",029-25-4010,"Veterans Reopened Insurance Fund",2024,"Funding Total",2.569
029,"Department of Veterans Affairs",029-40-0170,"Office of Inspector General",2024,"CIO Authority",0.7
029,"Department of Veterans Affairs",029-40-0170,"Office of Inspector General",2024,"Budget Authority",0
029,"Department of Veterans Affairs",029-40-0170,"Office of Inspector General",2024,"Funding Total",0.73
029,"Department of Veterans Affairs",029-25-1119,"Veterans Housing Benefit Program Fund",2024,"CIO Authority",140.217
029,"Department of Veterans Affairs",029-25-1119,"Veterans Housing Benefit Program Fund",2024,"Budget Authority",0
029,"Department of Veterans Affairs",029-25-1119,"Veterans Housing Benefit Program Fund",2024,"Funding Total",105.811
029,"Department of Veterans Affairs",029-40-1124,"Recurring Expenses Transformational Fund",2024,"CIO Authority",0
029,"Department of Veterans Affairs",029-40-1124,"Recurring Expenses Transformational Fund",2024,"Budget Authority",0
029,"Department of Veterans Affairs",029-40-1124,"Recurring Expenses Transformational Fund",2024,"Funding Total",36.508
029,"Department of Veterans Affairs",029-25-0102,"Compensation and Pensions",2024,"CIO Authority",12.839
029,"Department of Veterans Affairs",029-25-0102,"Compensation and Pensions",2024,"Budget Authority",0
029,"Department of Veterans Affairs",029-25-0102,"Compensation and Pensions",2024,"Funding Total",18.717
029,"Department of Veterans Affairs",009-38-0522,"Center for Medicare and Medicaid Innovation",2024,"CIO Authority",0
029,"Department of Veterans Affairs",009-38-0522,"Center for Medicare and Medicaid Innovation",2024,"Budget Authority",0
029,"Department of Veterans Affairs",009-38-0522,"Center for Medicare and Medicaid Innovation",2024,"Funding Total",1.099
029,"Department of Veterans Affairs",029-40-0129,"National cemetery administration",2024,"CIO Authority",0.175
029,"Department of Veterans Affairs",029-40-0129,"National cemetery administration",2024,"Budget Authority",0
029,"Department of Veterans Affairs",029-40-0129,"National cemetery administration",2024,"Funding Total",0.175
029,"Department of Veterans Affairs",029-40-0167,"Information Technology Systems",2025,"CIO Authority",6229.68
029,"Department of Veterans Affairs",029-40-0167,"Information Technology Systems",2025,"Budget Authority",6229.68
029,"Department of Veterans Affairs",029-40-0167,"Information Technology Systems",2025,"Funding Total",6229.68
029,"Department of Veterans Affairs",029-40-1123,"Veterans Electronic Health Care Record",2025,"CIO Authority",897.594
029,"Department of Veterans Affairs",029-40-1123,"Veterans Electronic Health Care Record",2025,"Budget Authority",894000
029,"Department of Veterans Affairs",029-40-1123,"Veterans Electronic Health Care Record",2025,"Funding Total",897.594
029,"Department of Veterans Affairs",029-40-1126,"Cost of War Toxic Exposures Fund",2025,"CIO Authority",1295
029,"Department of Veterans Affairs",029-40-1126,"Cost of War Toxic Exposures Fund",2025,"Budget Authority",0
029,"Department of Veterans Affairs",029-40-1126,"Cost of War Toxic Exposures Fund",2025,"Funding Total",1295
029,"Department of Veterans Affairs",029-40-4539,"Franchise Fund",2025,"CIO Authority",93.274
029,"Department of Veterans Affairs",029-40-4539,"Franchise Fund",2025,"Budget Authority",0
029,"Department of Veterans Affairs",029-40-4539,"Franchise Fund",2025,"Funding Total",93.274
029,"Department of Veterans Affairs",029-25-1119,"Veterans Housing Benefit Program Fund",2025,"CIO Authority",121.739
029,"Department of Veterans Affairs",029-25-1119,"Veterans Housing Benefit Program Fund",2025,"Budget Authority",0
029,"Department of Veterans Affairs",029-25-1119,"Veterans Housing Benefit Program Fund",2025,"Funding Total",121.739
029,"Department of Veterans Affairs",029-15-4014,"Canteen Service Revolving Fund",2025,"CIO Authority",5.6
029,"Department of Veterans Affairs",029-15-4014,"Canteen Service Revolving Fund",2025,"Budget Authority",0
029,"Department of Veterans Affairs",029-15-4014,"Canteen Service Revolving Fund",2025,"Funding Total",5.6
029,"Department of Veterans Affairs",029-25-0102,"Compensation and Pensions",2025,"CIO Authority",17.909
029,"Department of Veterans Affairs",029-25-0102,"Compensation and Pensions",2025,"Budget Authority",0
029,"Department of Veterans Affairs",029-25-0102,"Compensation and Pensions",2025,"Funding Total",17.909
029,"Department of Veterans Affairs",029-40-0142,"General Administration",2025,"CIO Authority",147.867
029,"Department of Veterans Affairs",029-40-0142,"General Administration",2025,"Budget Authority",0
029,"Department of Veterans Affairs",029-40-0142,"General Administration",2025,"Funding Total",147.867
029,"Department of Veterans Affairs",029-40-0170,"Office of Inspector General",2025,"CIO Authority",0.762
029,"Department of Veterans Affairs",029-40-0170,"Office of Inspector General",2025,"Budget Authority",0
029,"Department of Veterans Affairs",029-40-0170,"Office of Inspector General",2025,"Funding Total",0.762
029,"Department of Veterans Affairs",029-25-4010,"Veterans Reopened Insurance Fund",2025,"CIO Authority",5.1
029,"Department of Veterans Affairs",029-25-4010,"Veterans Reopened Insurance Fund",2025,"Budget Authority",0
029,"Department of Veterans Affairs",029-25-4010,"Veterans Reopened Insurance Fund",2025,"Funding Total",5.1
029,"Department of Veterans Affairs",029-40-0129,"National cemetery administration",2025,"CIO Authority",0.19
029,"Department of Veterans Affairs",029-40-0129,"National cemetery administration",2025,"Budget Authority",0
029,"Department of Veterans Affairs",029-40-0129,"National cemetery administration",2025,"Funding Total",0.19
029,"Department of Veterans Affairs",029-25-8132,"National Service Life Insurance Fund",2025,"CIO Authority",8.715
029,"Department of Veterans Affairs",029-25-8132,"National Service Life Insurance Fund",2025,"Budget Authority",0
029,"Department of Veterans Affairs",029-25-8132,"National Service Life Insurance Fund",2025,"Funding Total",8.715
029,"Department of Veterans Affairs",029-15-0160,"Medical Services",2025,"CIO Authority",4.671
029,"Department of Veterans Affairs",029-15-0160,"Medical Services",2025,"Budget Authority",0
029,"Department of Veterans Affairs",029-15-0160,"Medical Services",2025,"Funding Total",4.671
029,"Department of Veterans Affairs",029-40-4537,"Supply Fund",2025,"CIO Authority",3.295
029,"Department of Veterans Affairs",029-40-4537,"Supply Fund",2025,"Budget Authority",0
029,"Department of Veterans Affairs",029-40-4537,"Supply Fund",2025,"Funding Total",3.295
029,"Department of Veterans Affairs",009-38-0522,"Center for Medicare and Medicaid Innovation",2025,"CIO Authority",0
029,"Department of Veterans Affairs",009-38-0522,"Center for Medicare and Medicaid Innovation",2025,"Budget Authority",0
029,"Department of Veterans Affairs",009-38-0522,"Center for Medicare and Medicaid Innovation",2025,"Funding Total",2
029,"Department of Veterans Affairs",029-15-0169,"Joint Department of Defense-Department of Veterans Affairs Medical Facility Demonstration Fund",2025,"CIO Authority",1.3
029,"Department of Veterans Affairs",029-15-0169,"Joint Department of Defense-Department of Veterans Affairs Medical Facility Demonstration Fund",2025,"Budget Authority",0
029,"Department of Veterans Affairs",029-15-0169,"Joint Department of Defense-Department of Veterans Affairs Medical Facility Demonstration Fund",2025,"Funding Total",1.3
202,"U.S. Army Corps of Engineers",202-00-4902,"Revolving fund",2022,"CIO Authority",0
202,"U.S. Army Corps of Engineers",202-00-4902,"Revolving fund",2022,"Budget Authority",0
202,"U.S. Army Corps of Engineers",202-00-4902,"Revolving fund",2022,"Funding Total",132.405324
202,"U.S. Army Corps of Engineers",202-00-3123,"Operation and maintenance",2022,"CIO Authority",0
202,"U.S. Army Corps of Engineers",202-00-3123,"Operation and maintenance",2022,"Budget Authority",0
202,"U.S. Army Corps of Engineers",202-00-3123,"Operation and maintenance",2022,"Funding Total",23.957
202,"U.S. Army Corps of Engineers",202-00-4902,"Revolving fund",2023,"CIO Authority",172.732018
202,"U.S. Army Corps of Engineers",202-00-4902,"Revolving fund",2023,"Budget Authority",207.830566
202,"U.S. Army Corps of Engineers",202-00-4902,"Revolving fund",2023,"Funding Total",244.420849
202,"U.S. Army Corps of Engineers",202-00-3123,"Operation and maintenance",2023,"CIO Authority",26.5671
202,"U.S. Army Corps of Engineers",202-00-3123,"Operation and maintenance",2023,"Budget Authority",29.0006
202,"U.S. Army Corps of Engineers",202-00-3123,"Operation and maintenance",2023,"Funding Total",26.5671
202,"U.S. Army Corps of Engineers",202-00-4902,"Revolving fund",2024,"CIO Authority",150.952434
202,"U.S. Army Corps of Engineers",202-00-4902,"Revolving fund",2024,"Budget Authority",2592.685525
202,"U.S. Army Corps of Engineers",202-00-4902,"Revolving fund",2024,"Funding Total",262.952116
202,"U.S. Army Corps of Engineers",202-00-3123,"Operation and maintenance",2024,"CIO Authority",27.08
202,"U.S. Army Corps of Engineers",202-00-3123,"Operation and maintenance",2024,"Budget Authority",31.0287
202,"U.S. Army Corps of Engineers",202-00-3123,"Operation and maintenance",2024,"Funding Total",27.08
202,"U.S. Army Corps of Engineers",202-00-4902,"Revolving fund",2025,"CIO Authority",188.808495
202,"U.S. Army Corps of Engineers",202-00-4902,"Revolving fund",2025,"Budget Authority",10689.655942
202,"U.S. Army Corps of Engineers",202-00-4902,"Revolving fund",2025,"Funding Total",227.829525
202,"U.S. Army Corps of Engineers",202-00-3123,"Operation and maintenance",2025,"CIO Authority",30.491
202,"U.S. Army Corps of Engineers",202-00-3123,"Operation and maintenance",2025,"Budget Authority",30.491
202,"U.S. Army Corps of Engineers",202-00-3123,"Operation and maintenance",2025,"Funding Total",30.532
393,"National Archives and Records Administration",393-00-4578,"Records Center Revolving Fund",2022,"CIO Authority",0
393,"National Archives and Records Administration",393-00-4578,"Records Center Revolving Fund",2022,"Budget Authority",0
393,"National Archives and Records Administration",393-00-4578,"Records Center Revolving Fund",2022,"Funding Total",27.038829
393,"National Archives and Records Administration",393-00-0300,"Operating expenses",2022,"CIO Authority",0
393,"National Archives and Records Administration",393-00-0300,"Operating expenses",2022,"Budget Authority",0
393,"National Archives and Records Administration",393-00-0300,"Operating expenses",2022,"Funding Total",102.376817
393,"National Archives and Records Administration",393-00-8436,"National Archives Trust Fund",2022,"CIO Authority",0
393,"National Archives and Records Administration",393-00-8436,"National Archives Trust Fund",2022,"Budget Authority",0
393,"National Archives and Records Administration",393-00-8436,"National Archives Trust Fund",2022,"Funding Total",0.13901
393,"National Archives and Records Administration",393-00-0300,"Operating expenses",2023,"CIO Authority",108.894847
393,"National Archives and Records Administration",393-00-0300,"Operating expenses",2023,"Budget Authority",91.008511
393,"National Archives and Records Administration",393-00-0300,"Operating expenses",2023,"Funding Total",116.426666
393,"National Archives and Records Administration",393-00-4578,"Records Center Revolving Fund",2023,"CIO Authority",20.797812
393,"National Archives and Records Administration",393-00-4578,"Records Center Revolving Fund",2023,"Budget Authority",18.941238
393,"National Archives and Records Administration",393-00-4578,"Records Center Revolving Fund",2023,"Funding Total",43.63668
393,"National Archives and Records Administration",393-00-8436,"National Archives Trust Fund",2023,"CIO Authority",0.355038
393,"National Archives and Records Administration",393-00-8436,"National Archives Trust Fund",2023,"Budget Authority",0.017592
393,"National Archives and Records Administration",393-00-8436,"National Archives Trust Fund",2023,"Funding Total",0.09901
393,"National Archives and Records Administration",393-00-4578,"Records Center Revolving Fund",2024,"CIO Authority",35.147536
393,"National Archives and Records Administration",393-00-4578,"Records Center Revolving Fund",2024,"Budget Authority",34.588177
393,"National Archives and Records Administration",393-00-4578,"Records Center Revolving Fund",2024,"Funding Total",38.429104
393,"National Archives and Records Administration",393-00-0300,"Operating expenses",2024,"CIO Authority",107.802885
393,"National Archives and Records Administration",393-00-0300,"Operating expenses",2024,"Budget Authority",106.044245
393,"National Archives and Records Administration",393-00-0300,"Operating expenses",2024,"Funding Total",105.399469
393,"National Archives and Records Administration",393-00-8436,"National Archives Trust Fund",2024,"CIO Authority",0.14401
393,"National Archives and Records Administration",393-00-8436,"National Archives Trust Fund",2024,"Budget Authority",0.14401
393,"National Archives and Records Administration",393-00-8436,"National Archives Trust Fund",2024,"Funding Total",0.13901
393,"National Archives and Records Administration",393-00-0300,"Operating expenses",2025,"CIO Authority",0.109593
393,"National Archives and Records Administration",393-00-0300,"Operating expenses",2025,"Budget Authority",2677.726356
393,"National Archives and Records Administration",393-00-0300,"Operating expenses",2025,"Funding Total",112.875734
393,"National Archives and Records Administration",393-00-4578,"Records Center Revolving Fund",2025,"CIO Authority",0.04321
393,"National Archives and Records Administration",393-00-4578,"Records Center Revolving Fund",2025,"Budget Authority",6274.044995
393,"National Archives and Records Administration",393-00-4578,"Records Center Revolving Fund",2025,"Funding Total",45.718607
393,"National Archives and Records Administration",393-00-8436,"National Archives Trust Fund",2025,"CIO Authority",7.0E-6
393,"National Archives and Records Administration",393-00-8436,"National Archives Trust Fund",2025,"Budget Authority",0.14318
393,"National Archives and Records Administration",393-00-8436,"National Archives Trust Fund",2025,"Funding Total",0.14318
